Date,Close,High,Low,Open,Volume,close_lag1,close_lag2,close_lag3,volume_lag1,ema_9,ema_21,rsi_14,returns,range,body,upper_wick,lower_wick,vol_ma_10,vol_change,prev_high,prev_low,bullish_fvg,bearish_fvg,target_range,ema_diff,rolling_high_10,rolling_low_10,momentum_5,atr_14,target,volume_spike,rsi_oversold,rsi_overbought
2020-04-27,22.210859298706055,22.87432038385522,22.060073315941324,22.67829739833042,21745512,,,,,22.210859298706055,22.210859298706055,,,0.8142470679138967,-0.467438099624367,0.1960229855247988,0.15078598276473087,,,,,0,0,0.5428303409684965,0.0,,,,,0.5428303409684965,0,0,0
2020-04-28,22.090234756469727,22.46720065450131,21.924370313532812,22.391808510264333,14137194,22.210859298706055,,,21745512.0,22.18673439025879,22.199893431230024,,-0.005430881381674246,0.5428303409684965,-0.3015737537946066,0.07539214423697516,0.1658644429369147,,-0.3498799200497096,,,0,0,0.5880690725695565,-0.013159040971235214,,,,,0.5880690725695565,0,0,0
2020-04-29,22.060077667236328,22.34657298917654,21.758503916606983,22.301335977493583,29327631,22.090234756469727,22.210859298706055,,14137194.0,22.161403045654296,22.187182907230596,,-0.0013651773992381377,0.5880690725695565,-0.24125831025725475,0.04523701168295702,0.3015737506293448,,1.074501559503251,22.87432038385522,22.060073315941324,0,0,0.9348762145330447,-0.025779861576300078,,,,,0.9348762145330447,0,0,0
2020-04-30,21.74342155456543,22.452117928445947,21.517241713912902,22.34656894671566,51318042,22.060077667236328,22.090234756469727,22.210859298706055,29327631.0,22.077806747436522,22.146840966079218,,-0.014354261007031521,0.9348762145330447,-0.6031473921502304,0.10554898173028704,0.22617984065252728,,0.7498188653560187,22.46720065450131,21.924370313532812,0,0,1.1158210463164373,-0.06903421864269532,,,,,1.1158210463164373,0,0,0
2020-05-04,20.34111213684082,21.32122386555515,20.205402819238714,21.275988576764888,36058335,21.74342155456543,22.060077667236328,22.090234756469727,51318042.0,21.730467825317383,21.982683799784816,,-0.0644935027454393,1.1158210463164373,-0.9348764399240679,0.04523528879026273,0.1357093176021067,,-0.2973555966924849,22.34657298917654,21.758503916606983,0,1,1.0404286423496316,-0.2522159744674326,,,,,1.0404286423496316,0,0,0
2020-05-05,19.722881317138672,20.68791610443849,19.647487462088858,20.68791610443849,25048227,20.34111213684082,21.74342155456543,22.060077667236328,36058335.0,21.32895052368164,21.777247210453346,,-0.030393167076761762,1.0404286423496316,-0.9650347872998175,0.0,0.0753938550498141,,-0.305341552792163,22.452117928445947,21.517241713912902,0,1,0.9348780140128774,-0.4482966867717053,,,-2.487977981567383,,0.9348780140128774,0,0,0
2020-05-06,19.19512939453125,19.858592268562717,18.92371425454984,19.69272611865101,31888788,19.722881317138672,20.34111213684082,21.74342155456543,25048227.0,20.902186297851564,21.5425092271877,,-0.026758358179077013,0.9348780140128774,-0.4975967241197594,0.16586614991170734,0.27141513998141065,,0.2730956167077214,21.32122386555515,20.205402819238714,0,1,0.5428320920386369,-0.6403229293361363,,,-2.8951053619384766,,0.5428320920386369,0,0,0
2020-05-07,18.8935604095459,19.406235642475625,18.86340355043699,19.119740304094027,26103246,19.19512939453125,19.722881317138672,20.34111213684082,31888788.0,20.500461120190433,21.30169569831117,,-0.015710703417882166,0.5428320920386369,-0.22617989454812815,0.2864953383815987,0.030156859108910083,,-0.18142872033894797,20.68791610443849,19.647487462088858,0,1,1.281687107975877,-0.801234578120738,,,-3.1665172576904297,,1.281687107975877,0,0,0
2020-05-08,18.003917694091797,19.22528936348324,17.94360225550736,19.149895496656573,39644082,18.8935604095459,19.19512939453125,19.722881317138672,26103246.0,20.001152434970706,21.001897697927593,,-0.04708708661415728,1.281687107975877,-1.1459778025647758,0.0753938668266656,0.060315438584435555,,0.5187414622687156,19.858592268562717,18.92371425454984,0,0,0.7991686202190529,-1.0007452629568867,,,-3.739503860473633,,0.7991686202190529,0,0,0
2020-05-11,18.13962173461914,18.69753209880397,17.898363478584915,18.24517243733601,43531365,18.003917694091797,18.8935604095459,19.19512939453125,39644082.0,19.628846294900395,20.741690792172278,,0.007537472834141967,0.7991686202190529,-0.10555070271686873,0.45235966146795903,0.24125825603422513,31880242.2,0.09805455956831088,19.406235642475625,18.86340355043699,0,1,1.040426940995033,-1.1128444972718832,,,-2.2014904022216797,,1.040426940995033,0,0,0
2020-05-12,18.260251998901367,18.456274991232615,17.41584805023758,18.003915301616054,40166454,18.13962173461914,18.003917694091797,18.8935604095459,43531365.0,19.35512743570059,20.51610544732947,,0.006650098113788472,1.040426940995033,0.25633669728531316,0.19602299233124754,0.5880672513784724,33722336.4,-0.07729854094857813,19.22528936348324,17.94360225550736,0,0,1.3118436924581438,-1.1609780116288775,22.87432038385522,17.898363478584915,-1.4626293182373047,,1.3118436924581438,0,0,0
2020-05-13,19.813352584838867,20.084769413769074,18.77292572131093,19.42130662936695,84071691,18.260251998901367,18.13962173461914,18.003917694091797,40166454.0,19.446772465528248,20.452218823466687,,0.08505362281040485,1.3118436924581438,0.392045955471918,0.2714168289302066,0.6483809080560192,40715786.1,1.0930822272735354,18.69753209880397,17.898363478584915,1,0,0.6785395755689017,-1.005446357938439,22.46720065450131,17.41584805023758,0.6182231903076172,,0.6785395755689017,1,0,0
2020-05-14,19.19512939453125,19.753039827262263,19.07450025169336,19.436389405822407,33954891,19.813352584838867,18.260251998901367,18.13962173461914,84071691.0,19.39644385132885,20.33793796629074,,-0.03120235142742478,0.6785395755689017,-0.24126001129115693,0.31665042143985644,0.12062914283788828,41178512.1,-0.5961198044654532,18.456274991232615,17.41584805023758,1,0,1.975302941759395,-0.9414941149618876,22.452117928445947,17.41584805023758,0.30156898498535156,,1.975302941759395,0,0,0
2020-05-15,20.431575775146484,20.74822786597923,18.772924924219836,19.014183167059528,100684062,19.19512939453125,19.813352584838867,18.260251998901367,33954891.0,19.603470236092377,20.346450494368533,,0.0644145895139161,1.975302941759395,1.4173926080869563,0.31665209083274704,0.24125824283969166,46115114.1,1.965230016494531,20.084769413769074,18.77292572131093,0,0,2.352271065848935,-0.7429802582761553,22.452117928445947,17.41584805023758,2.4276580810546875,0.9714965264056415,2.352271065848935,1,0,0
2020-05-18,19.45146942138672,21.6529527521634,19.300681686314466,21.41169444678641,128706990,20.431575775146484,19.19512939453125,19.813352584838867,100684062.0,19.573070073151246,20.265088578642914,34.412256470295674,-0.04797017932175318,2.352271065848935,-1.9602250253996907,0.24125830537699144,0.15078773507225307,55379979.6,0.2783253619624524,19.753039827262263,19.07450025169336,0,0,1.5078649265277697,-0.6920185054916672,21.32122386555515,17.41584805023758,1.3118476867675781,1.0813553834010015,1.5078649265277697,1,0,0
2020-05-19,18.78800392150879,20.09984587264726,18.59198094611949,19.768117072840155,63288999,19.45146942138672,20.431575775146484,19.19512939453125,128706990.0,19.416056842822755,20.130808155267083,32.42371107688322,-0.03410875988363404,1.5078649265277697,-0.9801131513313663,0.3317287998071059,0.19602297538929747,59204056.8,-0.5082706929903341,20.74822786597923,18.772924924219836,0,0,0.7539333502163714,-0.7147513124443279,21.6529527521634,17.41584805023758,0.5277519226074219,1.1502864252266638,0.7539333502163714,0,0,0
2020-05-20,19.059419631958008,19.36099331716759,18.60705996695122,18.8784768013244,50209938,18.78800392150879,19.45146942138672,20.431575775146484,63288999.0,19.344729400649808,20.03340919860262,34.42875165267883,0.014446223855558049,0.7539333502163714,0.18094283063360805,0.3015736852095827,0.27141683437318065,61036171.8,-0.20665615204310628,21.6529527521634,19.300681686314466,0,0,0.9047193981352315,-0.6886797979528119,21.6529527521634,17.41584805023758,-0.7539329528808594,1.1621338736300078,0.9047193981352315,0,0,0
2020-05-21,18.999107360839844,19.722882189101902,18.81816279096667,19.421308481185054,61140009,19.059419631958008,18.78800392150879,19.45146942138672,50209938.0,19.275604992687814,19.939381758806004,35.3697565447672,-0.0031644337699052727,0.9047193981352315,-0.4222011203452105,0.3015737079168481,0.18094456987317287,64539848.1,0.21768740284044963,20.09984587264726,18.59198094611949,0,0,0.618224275648668,-0.6637767661181897,21.6529527521634,17.41584805023758,-0.19602203369140625,1.1599798153158782,0.618224275648668,0,0,0
2020-05-22,19.014190673828125,19.16497670372922,18.546752428080552,18.848324487882746,34434273,18.999107360839844,19.059419631958008,18.78800392150879,61140009.0,19.22332212891588,19.855273478353467,41.69810901962151,0.0007938958763593629,0.618224275648668,0.16586618594537939,0.15078602990109502,0.3015720598021936,64018867.2,-0.43679640282682985,19.36099331716759,18.60705996695122,0,0,0.5880673753801027,-0.631951349437589,21.6529527521634,17.41584805023758,-1.4173851013183594,1.124437188839609,0.5880673753801027,0,0,0
2020-05-26,19.602256774902344,19.69272907702597,19.104661701645867,19.16497541931786,32415078,19.014190673828125,18.999107360839844,19.059419631958008,34434273.0,19.29910905811317,19.83227195985791,49.24245255536006,0.03092774818355304,0.5880673753801027,0.437281355584485,0.09047230212362578,0.060313717671991895,62907238.5,-0.05863910645071557,19.722882189101902,18.81816279096667,0,0,0.8745627007314667,-0.5331629017447383,21.6529527521634,17.41584805023758,0.150787353515625,1.092125669770357,0.8745627007314667,0,0,0
2020-05-27,20.099851608276367,20.23556092264999,19.360998221918525,19.617334970196502,48061671,19.602256774902344,19.014190673828125,18.999107360839844,32415078.0,19.459257568145812,19.856597382441404,55.70344925603315,0.0253845686794143,0.8745627007314667,0.4825166380798649,0.13570931437362432,0.2563367482779775,63696760.2,0.4826949051302607,19.16497670372922,18.546752428080552,1,0,1.2666068527921155,-0.3973398142955915,21.6529527521634,17.41584805023758,1.3118476867675781,1.0878174331073989,1.2666068527921155,0,0,0
2020-05-28,21.004568099975582,21.230747956746157,19.96414110395404,20.19032096072461,70314837,20.099851608276367,19.602256774902344,19.014190673828125,48061671.0,19.768319674511766,19.960958356762692,62.3674835849048,0.04501110303355116,1.2666068527921155,0.8142471392509734,0.22617985677057462,0.2261798567705675,62321074.8,0.463012740443419,19.69272907702597,19.104661701645867,1,0,0.738855061464232,-0.1926386822509265,21.6529527521634,18.546752428080552,1.9451484680175746,1.139515630304076,0.738855061464232,0,0,0
2020-05-29,20.86886215209961,21.245829759743103,20.50697469827887,20.808548439270567,40149138,21.004568099975582,20.099851608276367,19.602256774902344,70314837.0,19.988428170029337,20.043495065429685,68.41088824933937,-0.0064607825892945,0.738855061464232,0.06031371282904274,0.37696760764349335,0.30157374099169587,62940499.5,-0.4290090155510138,20.23556092264999,19.360998221918525,1,0,0.5428319613891261,-0.055066895400347704,21.6529527521634,18.546752428080552,1.8697547912597656,1.1007419126961013,0.5428319613891261,0,0,0
2020-06-01,20.929174423217773,21.411690955290226,20.8688589939011,21.11011725993733,47417268,20.86886215209961,21.004568099975582,20.099851608276367,40149138.0,20.176577420667027,20.124011370683146,68.10180276765817,0.0028900603530075397,0.5428319613891261,-0.1809428367195558,0.30157369535289646,0.060315429316673885,57613820.1,0.18102829505330842,21.230747956746157,19.96414110395404,0,0,0.5277518487210884,0.0525660499838807,21.6529527521634,18.546752428080552,1.9149837493896484,1.0824321513511066,0.5277518487210884,0,0,0
2020-06-02,21.004568099975582,21.230747956746157,20.70299610802507,20.98949139855496,21847401,20.929174423217773,20.86886215209961,21.004568099975582,47417268.0,20.342175556528737,20.204061982437004,67.91342464771057,0.0036023244507041863,0.5277518487210884,0.015076701420621674,0.22617985677057462,0.2864952905298921,46927861.2,-0.5392522192548082,21.245829759743103,20.50697469827887,0,0,1.417394625311644,0.13811357409173297,21.6529527521634,18.546752428080552,1.4023113250732386,1.0458125019029676,1.417394625311644,0,0,0
2020-06-03,22.195783615112305,22.37672819727649,20.959333571964844,21.200591864440145,72952329,21.004568099975582,20.929174423217773,20.86886215209961,21847401.0,20.71289716824545,20.385127585407485,66.32236394371145,0.05671221181349151,1.417394625311644,0.9951917506721593,0.18094458216418374,0.24125829247530106,47894194.2,2.3391765455305187,21.411690955290226,20.8688589939011,0,0,0.9348761383081126,0.3277695828379663,21.411690955290226,18.546752428080552,2.0959320068359375,1.0533518542496463,0.9348761383081126,1,0,0
2020-06-04,21.95452117919922,22.557666796556855,21.622790658248743,22.195779426142273,30651105,22.195783615112305,21.004568099975582,20.929174423217773,72952329.0,20.961221970436206,20.52779973029764,69.93464232408326,-0.010869741753511186,0.9348761383081126,-0.24125824694305464,0.36188737041458197,0.33173052095047595,45938310.9,-0.5798474782073099,21.230747956746157,20.70299610802507,1,0,0.4523597307551057,0.43342224013856523,22.37672819727649,18.546752428080552,0.9499530792236364,1.0716616087310185,0.4523597307551057,0,0,0
2020-06-05,22.301334381103516,22.421963527597185,21.96960379684208,22.135468226165084,28620174,21.95452117919922,22.195783615112305,21.004568099975582,30651105.0,21.22924445256967,20.689030153098173,65.50004047784093,0.01579689208767099,0.4523597307551057,0.16586615493843127,0.12062914649366974,0.16586442932300471,42686327.4,-0.0662596340327698,22.37672819727649,20.959333571964844,0,0,0.9801134123156494,0.5402142994714971,22.557666796556855,18.546752428080552,1.4324722290039062,0.9628799508021407,0.9801134123156494,0,0,0
2020-06-08,22.51243782043457,23.341763492015147,22.361650079699498,22.678302264504453,45790467,22.301334381103516,21.95452117919922,22.195783615112305,28620174.0,21.485883126142653,20.85479448649239,79.08305228801999,0.009465955521922753,0.9801134123156494,-0.1658644440698822,0.6634612275106946,0.15078774073507262,43821946.8,0.5999367089801759,22.557666796556855,21.622790658248743,0,0,1.0856641103470643,0.6310886396502617,22.557666796556855,18.546752428080552,1.5832633972167969,0.8648686898354774,1.0856641103470643,0,0,1
2020-06-09,22.02992057800293,22.96479695181452,21.879132841467456,22.723538644096404,35356647,22.51243782043457,22.301334381103516,21.95452117919922,45790467.0,21.59469061651471,20.961624131175167,81.89913128862362,-0.021433362582956694,1.0856641103470643,-0.6936180660934745,0.24125830771811607,0.15078773653547373,44116103.7,-0.22786009149022224,22.421963527597185,21.96960379684208,0,0,0.844405772249182,0.633066485339544,23.341763492015147,19.104661701645867,1.0253524780273473,0.8347114886797128,0.844405772249182,0,0,1
2020-06-10,22.150548934936523,22.48227952751792,21.63787375526874,22.21086264688834,28261539,22.02992057800293,22.51243782043457,22.301334381103516,35356647.0,21.705862280199074,21.06970820424438,81.34558550473484,0.005475660091759149,0.844405772249182,-0.06031371195181734,0.27141688062958025,0.5126751796677844,42136090.5,-0.20067253549240682,23.341763492015147,22.361650079699498,0,0,1.3269224669617188,0.6361540759546926,23.341763492015147,19.360998221918525,-0.04523468017578125,0.8411738045391992,1.3269224669617188,0,0,1
2020-06-11,21.30614471435547,22.527516452099068,21.20059398513735,22.27117970640461,31884348,22.150548934936523,22.02992057800293,22.51243782043457,28261539.0,21.625918767030356,21.091202432436297,70.18470000433885,-0.03812114196633898,1.3269224669617188,-0.9650349920491408,0.2563367456944583,0.1055507292181197,38293041.6,0.1281886665832317,22.96479695181452,21.879132841467456,0,0,1.4626299643061031,0.5347163345940587,23.341763492015147,19.96414110395404,-0.64837646484375,0.8713311665982341,1.4626299643061031,0,0,1
2020-06-12,21.683109283447266,21.788660006167223,20.32603004186112,20.32603004186112,42305706,21.30614471435547,22.150548934936523,22.02992057800293,31884348.0,21.637356870313738,21.145012146164568,71.96026918272162,0.017692763010185075,1.4626299643061031,1.3570792415861455,0.10555072271995769,0.0,38508698.4,0.3268487095925563,22.48227952751792,21.63787375526874,0,0,0.9348762798143859,0.4923447241491701,23.341763492015147,20.50697469827887,-0.61822509765625,0.9316458586451937,0.9348762798143859,0,0,1
2020-06-15,21.39661407470703,21.879130641628603,20.944254361814217,21.698187791840695,27797562,21.683109283447266,21.30614471435547,22.150548934936523,42305706.0,21.589208311192397,21.167885048759338,65.53521829164784,-0.013212828704365909,0.9348762798143859,-0.3015737171336639,0.18094284978790753,0.4523597128928145,36546727.8,-0.34293586779996055,22.527516452099068,21.20059398513735,0,0,1.1158210085254794,0.4213232624330594,23.341763492015147,20.32603004186112,-1.115823745727539,0.9564179232476425,1.1158210085254794,0,0,0
2020-06-16,21.30614471435547,21.9846843769224,20.86886336839692,21.969605947836325,31937172,21.39661407470703,21.683109283447266,21.30614471435547,27797562.0,21.532595591825014,21.180454109268076,61.23596004660355,-0.00422820919401945,1.1158210085254794,-0.6634612334808558,0.015078429086074152,0.4372813459585494,37555704.9,0.14891989448571064,21.788660006167223,20.32603004186112,0,0,0.6483827756215028,0.352141482556938,23.341763492015147,20.32603004186112,-0.7237758636474609,0.9736506595186434,0.6483827756215028,0,0,0
2020-06-17,21.60771751403809,21.95452654447425,21.306143768852746,21.456929778637654,35644017,21.30614471435547,21.39661407470703,21.683109283447266,31937172.0,21.54761997626763,21.21929623697444,56.32914331279294,0.014154264120783466,0.6483827756215028,0.150787735400435,0.34680903043615885,0.15078600978490897,33824873.7,0.11606678888162048,21.879130641628603,20.944254361814217,0,0,1.6888096820535239,0.3283237392931895,23.341763492015147,20.32603004186112,-0.542831420898434,0.9294917968635996,1.6888096820535239,0,0,0
2020-06-18,23.17589569091797,23.296524830663554,21.60771514861003,21.69818743482305,100177014,21.60771751403809,21.30614471435547,21.39661407470703,35644017.0,21.8732751191977,21.39716891460567,68.61312340998637,0.07257491106411718,1.6888096820535239,1.4777082560949175,0.12062913974558498,0.09047228621302139,40777464.6,1.8104860908353846,21.9846843769224,20.86886336839692,0,0,1.5229437429514192,0.4761062045920319,23.341763492015147,20.32603004186112,1.8697509765625,0.9973456983342633,1.5229437429514192,1,0,0
2020-06-19,24.140932083129883,24.578213421122076,23.055269678170657,23.356841705629325,85894965,23.17589569091797,21.60771751403809,21.30614471435547,100177014.0,22.326806511984138,21.64660192992605,72.61146838933676,0.041639658940564095,1.5229437429514192,0.7840903775005579,0.43728133799219293,0.3015720274586684,46504943.7,-0.1425681244601681,21.95452654447425,21.306143768852746,1,0,0.8142471970541187,0.6802045820580886,23.341763492015147,20.32603004186112,2.457822799682617,1.06735368273157,0.8142471970541187,1,0,1
2020-06-22,24.517898559570312,25.000415161437125,24.186167964383007,24.698841422462625,68067777,24.140932083129883,23.17589569091797,21.60771751403809,85894965.0,22.765024921501375,21.907628896257346,73.72708857328863,0.015615241165599425,0.8142471970541187,-0.1809428628923122,0.30157373897450057,0.33173059518730597,48732674.7,-0.2075463678226075,23.296524830663554,21.60771514861003,1,0,0.9801133514873577,0.8573960252440287,24.578213421122076,20.32603004186112,3.1212844848632812,1.0878176361839293,0.9801133514873577,0,0,1
2020-06-23,25.121044158935547,25.256751736682297,24.27663838519494,24.683762844050655,66445521,24.517898559570312,24.140932083129883,23.17589569091797,68067777.0,23.236228768988212,22.199757556500817,71.46017073781628,0.024600215956509963,0.9801133514873577,0.43728131488489197,0.13570757774675002,0.4071244588557157,51841562.1,-0.023832951089323817,24.578213421122076,23.055269678170657,0,0,1.0705839057298228,1.0364712124873954,25.000415161437125,20.32603004186112,3.814899444580078,1.0565832594821944,1.0705839057298228,0,0,1
2020-06-24,24.879785537719727,25.814661867457804,24.74407796172798,25.362302130408352,69841656,25.121044158935547,24.517898559570312,24.140932083129883,66445521.0,23.564940122734516,22.443396463884355,71.4602107344081,-0.009603845273684852,1.0705839057298228,-0.4825165926886257,0.4523597370494521,0.135707575991745,55999573.8,0.05111157153843382,25.000415161437125,24.186167964383007,0,0,1.1912130318930316,1.121543658850161,25.256751736682297,20.32603004186112,3.272068023681637,1.0662766714408882,1.1912130318930316,0,0,1
2020-06-25,25.24167251586914,25.61863838124035,24.427425349347317,24.713918923857115,60786960,24.879785537719727,25.121044158935547,24.517898559570312,69841656.0,23.900286601361444,22.69778519588297,71.52319212245226,0.014545421929009983,1.1912130318930316,0.5277535920120258,0.3769658653712078,0.28649357450979807,58889835.0,-0.12964606681147428,25.256751736682297,24.27663838519494,0,0,0.7991687594432442,1.202501405478472,25.814661867457804,20.32603004186112,2.065776824951172,1.1190519072364542,0.7991687594432442,0,0,1
2020-06-26,25.72418975830078,26.070998777469907,25.271830018026662,25.61863903719579,46124379,25.24167251586914,24.879785537719727,25.121044158935547,60786960.0,24.265067232749313,22.9729128833755,72.61147061311691,0.01911589820873738,0.7991687594432442,0.10555072110498998,0.3468090191691253,0.3468090191691289,59271702.3,-0.24121260546669876,25.814661867457804,24.74407796172798,0,0,1.326920622552425,1.2921543493738135,25.814661867457804,20.32603004186112,1.5832576751708984,1.1061272891741396,1.326920622552425,0,0,1
2020-06-29,26.402729034423828,26.749538049201963,25.422617426649538,25.61863871283513,69975135,25.72418975830078,25.24167251586914,24.879785537719727,46124379.0,24.692599593084218,23.28471435165262,79.95869102343865,0.026377479038153018,1.326920622552425,0.7840903215886996,0.34680901477813464,0.19602128618559078,63489459.6,0.5170965228605029,25.61863838124035,24.427425349347317,0,0,1.8697541925253844,1.4078852414315968,26.070998777469907,20.86886336839692,1.8848304748535156,1.1233598971888081,1.8697541925253844,0,0,1
2020-06-30,26.73445701599121,28.40818821581948,26.538434023294094,28.076457661107156,186678036,26.402729034423828,25.72418975830078,25.24167251586914,69975135.0,25.10097107766562,23.598327321137948,80.5220977382572,0.012564155058928828,1.8697541925253844,-1.3420006451159452,0.3317305547123226,0.19602299269711665,78963546.0,1.6677767181156562,26.070998777469907,25.271830018026662,1,0,0.5277535685598842,1.5026437565276716,26.749538049201963,20.86886336839692,1.613412857055664,1.19659907006568,0.5277535685598842,1,0,1
2020-07-01,26.749536514282227,26.930481087964285,26.4027275194044,26.73445808741128,35384595,26.73445701599121,26.402729034423828,25.72418975830078,186678036.0,25.430684164988943,23.884800884151062,90.74493762276356,0.000564047299782322,0.5277535685598842,0.015078426870946515,0.18094457368205852,0.33173056800687917,78937603.8,-0.8104512145178129,26.749538049201963,25.422617426649538,0,0,0.603145704088778,1.5458832808378808,28.40818821581948,21.306143768852746,1.8697509765625,1.1395155773226917,0.603145704088778,0,0,1
2020-07-02,26.85508728027344,27.292368562843556,26.68922285875478,27.126504141324897,27362040,26.749536514282227,26.73445701599121,26.402729034423828,35384595.0,25.715564788045842,24.154826920162186,90.3529611352854,0.00394589139646806,0.603145704088778,-0.27141686105145624,0.1658644215186591,0.16586442151866265,71656106.4,-0.2267245110478161,28.40818821581948,26.538434023294094,0,0,2.2467218097200536,1.560737867883656,28.40818821581948,21.60771514861003,1.6134147644043004,1.0781238444500256,2.2467218097200536,0,0,1
2020-07-03,29.312910079956055,29.53908993103217,27.292368121312116,27.443154113491083,205331484,26.85508728027344,26.749536514282227,26.73445701599121,27362040.0,26.43503384642789,24.623743571052536,96.13359473805544,0.09152168354664125,2.2467218097200536,1.8697559664649717,0.2261798510761146,0.15078599217896738,83599758.3,6.504246174627331,26.930481087964285,26.4027275194044,1,0,1.9753052376251254,1.8112902753753524,28.40818821581948,23.055269678170657,3.5887203216552734,1.1718270965861446,1.9753052376251254,1,0,1
2020-07-06,30.820777893066406,31.227902373900527,29.2525971362754,29.61448633062376,132074268,29.312910079956055,26.85508728027344,26.749536514282227,205331484.0,27.312182655755592,25.18711032759925,97.58672610641537,0.051440399775982026,1.9753052376251254,1.2062915624426473,0.40712448083412056,0.36188919434835753,90000407.4,-0.35677536913920127,27.292368562843556,26.68922285875478,1,0,1.1158209422996954,2.1250723281563424,29.53908993103217,24.186167964383007,4.418048858642578,1.2332188272361193,1.1158209422996954,0,0,1
2020-07-07,30.775541305541992,31.182665769164895,30.0668448268652,30.669992308203977,93081504,30.820777893066406,29.312910079956055,26.85508728027344,132074268.0,28.004854385712875,25.695149507412225,97.0588166184713,-0.0014677302332005704,1.1158209422996954,0.10554899733801548,0.4071244636229032,0.6031474813387767,92664005.7,-0.2952336181034143,29.53908993103217,27.292368121312116,1,0,1.4626283502311068,2.30970487830065,31.227902373900527,24.27663838519494,4.041084289550781,1.2666072677131333,1.4626283502311068,0,0,1
2020-07-08,31.227903366088867,31.785812152935012,30.323183802703905,30.4588896664729,68150529,30.775541305541992,30.820777893066406,29.312910079956055,93081504.0,28.649464181788076,26.19812713092828,96.67831568583959,0.014698752364931345,1.4626283502311068,0.769013699615968,0.557908786846145,0.13570586376899385,92494893.0,-0.2678402682449136,31.227902373900527,29.2525971362754,0,0,1.0404287843763242,2.451337050859795,31.227902373900527,24.427425349347317,4.478366851806641,1.2504514582972461,1.0404287843763242,0,0,1
2020-07-09,30.112079620361328,31.04695595789003,30.006527173513707,30.94140696227334,54329937,31.227903366088867,30.775541305541992,30.820777893066406,68150529.0,28.94198726950273,26.553940993604012,84.020587523818,-0.035731625419951785,1.0404287843763242,-0.8293273419120126,0.10554899561669018,0.10555244684762144,91849190.7,-0.20279508028470328,31.182665769164895,30.0668448268652,0,0,0.9499545434975403,2.3880462758987164,31.785812152935012,24.427425349347317,3.256992340087887,1.2159861041133109,0.9499545434975403,0,0,1
2020-07-10,30.066837310791016,30.609667492438145,29.659712948940605,30.112072584056587,36404634,30.112079620361328,31.227903366088867,30.775541305541992,54329937.0,29.16695727776039,26.873295204257374,82.85704927808598,-0.0015024637999336843,0.9499545434975403,-0.04523527326557186,0.49759490838155784,0.40712436185041057,90877216.2,-0.32993417606944764,31.785812152935012,30.323183802703905,0,0,1.1007423878286637,2.2936620735030147,31.785812152935012,25.271830018026662,0.7539272308349609,1.2256794860021267,1.1007423878286637,0,0,1
2020-07-13,29.70495223999023,30.56443635320733,29.463693965378667,30.368413357979698,32371863,30.066837310791016,30.112079620361328,31.227903366088867,36404634.0,29.27455627020636,27.13071857114218,77.94111560399287,-0.012036020518556678,1.1007423878286637,-0.6634611179894669,0.1960229952276329,0.2412582746115639,87116889.0,-0.11077630941159855,31.04695595789003,30.006527173513707,0,0,1.3872341154005348,2.143837699064182,31.785812152935012,25.422617426649538,-1.1158256530761754,1.2342958457407913,1.3872341154005348,0,0,1
2020-07-14,29.28274726867676,30.202545020898704,28.81531090549817,29.946208338453445,57521871,29.70495223999023,30.066837310791016,30.112079620361328,32371863.0,29.276194469900442,27.326357543645322,76.25891309699155,-0.014213285646865192,1.3872341154005348,-0.6634610697766838,0.25633668244525865,0.4674363631785923,74201272.5,0.7769095031694655,30.609667492438145,29.659712948940605,0,0,1.2666086514086814,1.94983692625512,31.785812152935012,26.4027275194044,-1.4927940368652308,1.256913717860128,1.2666086514086814,0,0,1
2020-07-15,28.98118019104004,30.036687400547276,28.770078749138595,30.006527093506275,37963695,29.28274726867676,29.70495223999023,30.066837310791016,57521871.0,29.217191614128364,27.47679596613575,72.46374951791677,-0.010298455772259518,1.2666086514086814,-1.0253469024662358,0.030160307041001033,0.21110144190144453,74459182.5,-0.3400128622380868,30.56443635320733,29.463693965378667,0,0,0.7840902830940877,1.7403956479926137,31.785812152935012,26.4027275194044,-2.246723175048828,1.2622991192541029,0.7840902830940877,0,0,1
2020-07-16,28.483583450317383,29.17720144582074,28.39311116272665,29.101805859610543,36942912,28.98118019104004,29.28274726867676,29.70495223999023,37963695.0,29.07046998136617,27.56832210106135,66.54609027583507,-0.0171696506989214,0.7840902830940877,-0.6182224092931605,0.07539558621019538,0.09047228759073178,75417269.7,-0.026888399561739162,30.202545020898704,28.81531090549817,0,0,1.32692061226739,1.5021478803048183,31.785812152935012,26.68922285875478,-1.6284961700439453,1.2612220852291631,1.32692061226739,0,0,0
2020-07-17,29.55416679382324,29.689876093627728,28.362955481360338,28.46850447469538,30369327,28.483583450317383,28.98118019104004,29.28274726867676,36942912.0,29.167209343857586,27.74885343676698,68.048333054058,0.03758597809061581,1.32692061226739,1.0856623191278594,0.1357092998044891,0.10554899333504153,57921054.0,-0.17793900491655879,30.036687400547276,28.770078749138595,0,0,1.085664099811975,1.418355907090607,31.785812152935012,27.292368121312116,-0.512670516967777,1.261222084494518,1.085664099811975,0,0,0
2020-07-20,29.17720413208008,30.12715892520392,29.041494825391943,29.55416829291417,34037145,29.55416679382324,28.483583450317383,28.98118019104004,30369327.0,29.169208301502085,27.87870349997726,63.9175412336214,-0.012754975106317068,1.085664099811975,-0.37696416083408835,0.5729906322897484,0.1357093066881383,48117341.7,0.12077376624118141,29.17720144582074,28.39311116272665,0,0,1.2666052096412272,1.2905048015248255,31.785812152935012,28.362955481360338,-0.5277481079101491,1.205215649300703,1.2666052096412272,0,0,0
2020-07-21,29.931135177612305,30.398573348622783,29.131968138981556,29.43354015056643,42519072,29.17720413208008,29.55416679382324,28.483583450317383,34037145.0,29.32159367672413,28.06528819794408,66.71949579124413,0.025839728923967797,1.2666052096412272,0.4975950270458753,0.46743817101047824,0.3015720115848737,43061098.5,0.24919619433416051,29.689876093627728,28.362955481360338,0,0,1.0404287536394214,1.2563054787800496,31.785812152935012,28.362955481360338,0.6483879089355433,1.2579907665207988,1.0404287536394214,0,0,0
2020-07-22,29.524009704589844,30.14223558577358,29.10180683213416,30.127157158273793,26700693,29.931135177612305,29.17720413208008,29.55416679382324,42519072.0,29.362076882297277,28.197899244002787,63.59446243501923,-0.0136020725778212,1.0404287536394214,-0.603147453683949,0.015078427499787495,0.422202872455685,38916114.9,-0.3720302032932421,30.12715892520392,29.041494825391943,0,0,1.794360680779107,1.1641776382944897,31.785812152935012,28.362955481360338,0.5428295135498047,1.2892252700601305,1.794360680779107,0,0,0
2020-07-23,30.9112491607666,31.212824646578508,29.4184639657994,29.554169828306662,63984771,29.524009704589844,29.931135177612305,29.17720413208008,26700693.0,29.671911337991144,28.444567418254042,59.13793163611495,0.046986824284951156,1.794360680779107,1.3570793324599393,0.30157548581190596,0.1357058625072618,39881598.3,1.3963711728380983,30.398573348622783,29.131968138981556,0,0,1.0404253579772451,1.2273439197371019,31.04695595789003,28.362955481360338,2.4276657104492188,1.256913760850063,1.0404253579772451,1,0,0
2020-07-24,30.80569839477539,31.559630163724364,30.51920480574712,31.0469566988883,68255931,30.9112491607666,29.524009704589844,29.931135177612305,63984771.0,29.898668749347994,28.659215688846892,49.897324942013135,-0.0034146392933604997,1.0404253579772451,-0.24125830411291105,0.5126734648360625,0.2864935890282716,43066728.0,0.0667527590276129,30.14223558577358,29.10180683213416,1,0,1.357079287988629,1.239453060501102,31.212824646578508,28.362955481360338,1.251531600952152,1.1901366265895,1.357079287988629,1,0,0
2020-07-27,29.97637176513672,30.986643742407065,29.629564454418436,30.986643742407065,34955964,30.80569839477539,30.9112491607666,29.524009704589844,68255931.0,29.91420935250574,28.778957150327784,45.08348667796734,-0.02692120850534996,1.357079287988629,-1.010271977270346,0.0,0.3468073107182832,43325138.1,-0.487869208025307,31.212824646578508,29.4184639657994,0,0,1.1610559950226147,1.1352522021779556,31.559630163724364,28.362955481360338,0.7991676330566371,1.207369365567281,1.1610559950226147,0,0,0
2020-07-28,29.116884231567383,29.916051119805932,28.754995124783317,29.312907210139556,64748145,29.97637176513672,30.80569839477539,30.9112491607666,34955964.0,29.75474432831807,28.809677794076837,37.63247700886121,-0.0286721668754103,1.1610559950226147,-0.19602297857217366,0.6031439096663753,0.3618891067840657,44047765.5,0.8522774826064017,31.559630163724364,30.51920480574712,0,1,1.1158243614565926,0.9450665342412314,31.559630163724364,28.362955481360338,-0.8142509460449219,1.1858284830523886,1.1158243614565926,0,0,0
2020-07-29,29.34306907653809,30.217631691409384,29.10180732995279,29.1168892089414,52234014,29.116884231567383,29.97637176513672,30.80569839477539,64748145.0,29.672409277962075,28.85816791066422,44.970426306777526,0.0077681678840308965,1.1158243614565926,0.22617986759668796,0.8745626148712944,0.015081878988610242,45474797.4,-0.1932739694704767,30.986643742407065,29.629564454418436,0,0,1.0253486859824648,0.8142413672978535,31.559630163724364,28.362955481360338,-0.18094062805175426,1.191213881415265,1.0253486859824648,0,0,0
2020-07-30,28.845474243164062,29.65972147532432,28.634372789341857,29.49385530777163,36716154,29.34306907653809,29.116884231567383,29.97637176513672,52234014.0,29.507022271002473,28.857013940891477,42.45815240716408,-0.0169578319185395,1.0253486859824648,-0.6483810646075661,0.1658661675526929,0.2111014538222058,45452121.6,-0.29708342919998454,29.916051119805932,28.754995124783317,0,0,0.9047193714143198,0.650008330110996,31.559630163724364,28.362955481360338,-2.065774917602539,1.1965991773070452,0.9047193714143198,0,0,0
2020-07-31,28.905784606933594,29.177199728111788,28.272480356697468,28.890704455210138,44032875,28.845474243164062,29.34306907653809,29.116884231567383,36716154.0,29.3867747381887,28.861447637804396,44.87428232808294,0.002090808535894384,0.9047193714143198,0.015080151723456225,0.2714151211781939,0.6182240985126697,46818476.4,0.19927797993221175,30.217631691409384,29.10180732995279,0,0,1.2515285017501228,0.5253271003843025,31.559630163724364,28.362955481360338,-1.8999137878417969,1.1825975332774494,1.2515285017501228,0,0,0
2020-08-03,29.19228172302246,29.916056618390435,28.664528116640312,28.95102342456647,31139499,28.905784606933594,28.845474243164062,29.34306907653809,44032875.0,29.347876135155452,28.89152346373331,49.40949058073356,0.009911411158171735,1.2515285017501228,0.24125829845599256,0.7237748953679741,0.2864953079261561,46528711.8,-0.2928124952095451,29.65972147532432,28.634372789341857,0,0,1.2364482980818607,0.45635267142214175,31.559630163724364,28.272480356697468,-0.7840900421142578,1.1729042751595629,1.2364482980818607,0,0,0
2020-08-04,30.277944564819336,30.458885692906343,29.22243739482448,29.53909127143833,51828114,29.19228172302246,28.905784606933594,28.845474243164062,31139499.0,29.53388982108823,29.017561745650223,57.67856545886758,0.03719006455534002,1.2364482980818607,0.7388532933810055,0.18094112808700658,0.3166538766138487,47459616.0,0.6643849665018695,29.177199728111788,28.272480356697468,1,0,1.0253468640828984,0.5163280754380075,31.559630163724364,28.272480356697468,1.1610603332519531,1.170749964207647,1.0253468640828984,0,0,0
2020-08-05,30.277944564819336,30.83585327888254,29.81050641479964,30.443810716796555,34169139,30.277944564819336,29.19228172302246,28.905784606933594,51828114.0,29.682700769834454,29.132142001938323,61.29032180637085,0.0,1.0253468640828984,-0.16586615197721954,0.3920425620859831,0.4674381500196958,48206460.6,-0.340721929414603,29.916056618390435,28.664528116640312,0,0,0.8293274918138707,0.5505587678961312,31.559630163724364,28.272480356697468,0.9348754882812464,1.187982577135419,0.8293274918138707,0,0,0
2020-08-06,29.870826721191406,30.56444488573756,29.73511739392369,30.277951251763003,20002308,30.277944564819336,30.277944564819336,29.19228172302246,34169139.0,29.720325960105846,29.199295158234058,52.173968837610694,-0.013446019849741364,0.8293274918138707,-0.4071245305715969,0.2864936339745583,0.13570932726771545,43808214.3,-0.4146089545891104,30.458885692906343,29.22243739482448,0,0,0.7237747803576049,0.5210308018717882,31.559630163724364,28.272480356697468,1.0253524780273438,1.1524402113887393,0.7237747803576049,0,0,0
2020-08-07,29.916051864624023,30.383489959306875,29.65971517894927,29.946208715735125,23311572,29.870826721191406,30.277944564819336,30.277944564819336,20002308.0,29.759471141009485,29.264454858814965,55.31449249394763,0.0015140238284911955,0.7237747803576049,-0.030156851111101446,0.4372812435717499,0.25633668567475354,39313778.4,0.16544410774996576,30.83585327888254,29.81050641479964,0,0,2.8649459972119224,0.4950162821945199,31.559630163724364,28.272480356697468,1.0102672576904297,1.1265909742848557,2.8649459972119224,0,0,0
2020-08-10,32.660369873046875,34.34918130760741,31.484235310395487,31.800889179990943,197460327,29.916051864624023,29.870826721191406,30.277944564819336,23311572.0,30.339650887416965,29.573174405563318,65.26137506545975,0.09173396345351414,2.8649459972119224,0.8594806930559322,1.6888114345605345,0.3166538695954557,55564214.7,7.4704852594239455,30.56444488573756,29.73511739392369,1,0,1.5380235209122048,0.7664764818536476,30.986643742407065,28.272480356697468,3.468088150024414,1.240758173397048,1.5380235209122048,1,0,0
2020-08-11,31.92151260375977,33.2785915719946,31.7405680510824,32.9920980434731,64308066,32.660369873046875,29.916051864624023,29.870826721191406,197460327.0,30.656023230685527,29.786659696308448,62.92681201122686,-0.022622440350770545,1.5380235209122048,-1.07058543971333,0.286493528521504,0.18094455267737075,55520206.8,-0.674324118788682,30.383489959306875,29.65971517894927,1,0,1.7642040707474713,0.8693635343770794,34.34918130760741,28.272480356697468,1.6435680389404332,1.2763006567736757,1.7642040707474713,0,0,0
2020-08-12,33.369075775146484,33.53494197056479,31.770737899817316,31.95168252652531,86740731,31.92151260375977,32.660369873046875,29.916051864624023,64308066.0,31.19863373957772,30.112333885293722,63.16641616660315,0.04534757451362803,1.7642040707474713,1.417393248621174,0.16586619541830316,0.18094462670799416,58970878.5,0.34883128035602873,34.34918130760741,31.484235310395487,0,0,1.7340467921863336,1.0862998542839968,34.34918130760741,28.272480356697468,3.0911312103271484,1.2741466131999872,1.7340467921863336,0,0,0
2020-08-13,34.51504898071289,34.80154255772157,33.067495765535234,33.474620215154914,89867817,33.369075775146484,31.92151260375977,32.660369873046875,86740731.0,31.861916787804756,30.512580712150008,67.87790681640426,0.034342371760261114,1.7340467921863336,1.0404287655579765,0.2864935770086774,0.40712444961967975,64286044.8,0.03605095281016246,33.2785915719946,31.7405680510824,0,0,2.6840013941664935,1.3493360756547474,34.34918130760741,28.272480356697468,4.644222259521484,1.3236910013577794,2.6840013941664935,0,0,0
2020-08-14,34.12300109863281,35.72133850340613,33.03733710923964,34.68090979456461,102780930,34.51504898071289,33.369075775146484,31.92151260375977,89867817.0,32.314133649970366,30.840800747284806,70.8649294421285,-0.011358752012756934,2.6840013941664935,-0.5579086959318005,1.0404287088415174,1.0856639893931757,70160850.3,0.14369007094052377,33.53494197056479,31.770737899817316,0,0,1.5229451858811842,1.4733329026855593,34.80154255772157,28.272480356697468,4.206949234008789,1.4184711517990554,1.5229451858811842,0,0,1
2020-08-17,33.414302825927734,34.665829441122,33.142884255240816,34.65075101510945,45730728,34.12300109863281,34.51504898071289,33.369075775146484,102780930.0,32.53416748516184,31.07475548170689,71.95685820419752,-0.020768931509177024,1.5229451858811842,-1.236448189181715,0.015078426012550494,0.27141857068691877,71619973.2,-0.5550660224615598,34.80154255772157,33.067495765535234,0,0,1.0555073346084072,1.459412003454947,35.72133850340613,28.664528116640312,0.7539329528808594,1.4443203797175246,1.0555073346084072,0,0,1
2020-08-18,33.685726165771484,34.138085958999184,33.08257862439078,33.4746246988498,44837076,33.414302825927734,34.12300109863281,34.51504898071289,45730728.0,32.76447922128377,31.31211645298549,72.08589819974169,0.00812296881541208,1.0555073346084072,0.21110146692168286,0.4523597932276999,0.3920460744590244,70920869.4,-0.019541608871828986,35.72133850340613,33.03733710923964,0,0,0.9951901037175617,1.4523627682982827,35.72133850340613,29.22243739482448,1.7642135620117152,1.44001202065694,0.9951901037175617,0,0,1
2020-08-19,33.866668701171875,34.71107106596239,33.71588096224483,33.97221770255902,50101056,33.685726165771484,33.414302825927734,34.12300109863281,44837076.0,32.984917117261396,31.54434847554789,76.3866843342869,0.005371489826579756,0.9951901037175617,-0.10554900138714629,0.738853363403372,0.15078773892704334,72514061.1,0.11740239260918806,34.665829441122,33.142884255240816,0,0,1.0102683796585268,1.440568641713508,35.72133850340613,29.65971517894927,0.4975929260253906,1.437857836209447,1.0102683796585268,0,0,1
2020-08-20,33.74603271484375,34.07776154882353,33.067493169165004,33.47461758681837,34004268,33.866668701171875,33.685726165771484,33.414302825927734,50101056.0,33.13714023677787,31.744501588211147,75.27554572296069,-0.0035620859964874407,1.0102683796585268,0.2714151280253816,0.33172883397978126,0.40712441765336393,73914257.1,-0.32128640162794175,34.138085958999184,33.08257862439078,0,0,0.8142453035776853,1.3926386485667201,35.72133850340613,29.65971517894927,-0.7690162658691406,1.445397051084033,0.8142453035776853,0,0,1
2020-08-21,33.80634307861328,34.22854588101516,33.41430057743747,33.92697392982679,29551281,33.74603271484375,33.866668701171875,33.685726165771484,34004268.0,33.27098080514495,31.93194172370225,74.67735574628821,0.0017871838233298742,0.8142453035776853,-0.12063085121350525,0.30157195118837166,0.3920425011758084,74538228.0,-0.13095376733297126,34.71107106596239,33.71588096224483,0,0,1.3269223194208877,1.339039081442703,35.72133850340613,29.65971517894927,-0.31665802001953125,1.414162536928859,1.3269223194208877,0,0,1
2020-08-24,34.56028366088867,34.68091108016468,33.35398876074379,33.4746196312506,53662929,33.80634307861328,33.74603271484375,33.866668701171875,29551281.0,33.5288413762937,32.170881899810105,73.74577818917395,0.02230174912803129,1.3269223194208877,1.0856640296380746,0.12062741927600484,0.12063087050680821,60158488.2,0.8159256446446432,34.07776154882353,33.067493169165004,0,0,1.4023178070530307,1.3579594764835932,35.72133850340613,31.484235310395487,1.1459808349609375,1.4206249670245037,1.4023178070530307,0,0,1
2020-08-25,33.896820068359375,34.967405593750634,33.5650877866976,34.726143870052674,43986726,34.56028366088867,33.80634307861328,33.74603271484375,53662929.0,33.60243711470684,32.32778536967822,68.69154008006103,-0.019197284346370358,1.4023178070530307,-0.8293238016932989,0.24126172369795995,0.3317322816617718,58126354.2,-0.1803144774300337,34.22854588101516,33.41430057743747,0,0,0.7840921099063465,1.2746517450286206,35.72133850340613,31.7405680510824,0.21109390258789062,1.4475514629509418,0.7840921099063465,0,0,0
2020-08-26,33.71588134765625,34.138084260493336,33.35399215058699,33.957139661958706,36546204,33.896820068359375,34.56028366088867,33.80634307861328,43986726.0,33.625125961296725,32.45397591313076,70.33486954072754,-0.00533792610452033,0.7840921099063465,-0.24125831430245626,0.18094459853463007,0.36188919706926015,53106901.5,-0.16915380335422103,34.68091108016468,33.35398876074379,0,0,0.8594842940167382,1.1711500481659627,35.72133850340613,31.770737899817316,-0.150787353515625,1.4443203642432614,0.8594842940167382,0,0,1
2020-08-27,33.26352310180664,33.97221964826022,33.11273535424348,33.73096132289797,27418104,33.71588134765625,33.896820068359375,34.56028366088867,36546204.0,33.552805389398706,32.5275711121013,66.9724738702241,-0.013416770606859862,0.8594842940167382,-0.46743822109132793,0.2412583253622529,0.15078774756315738,46861930.2,-0.2497687584735203,34.967405593750634,33.5650877866976,0,0,1.1912129276260828,1.0252342772974075,35.72133850340613,33.03733710923964,-0.4825096130371094,1.4540139009331996,1.1912129276260828,0,0,0
2020-08-28,33.79126739501953,34.60551621588552,33.41430328825944,34.36425794511607,48606249,33.26352310180664,33.71588134765625,33.896820068359375,27418104.0,33.60049779052287,32.64245259236659,57.39642047359765,0.01586555614081142,1.1912129276260828,-0.5729905500965415,0.24125827076944972,0.3769641067600915,41444462.1,0.7727793650501873,34.138084260493336,33.35399215058699,0,0,2.44274309710163,0.9580451981562845,35.72133850340613,33.03733710923964,-0.01507568359375,1.3344615388199252,2.44274309710163,0,0,0
2020-08-31,31.99690818786621,34.10792244522844,31.66517934812681,33.92697787299301,42730581,33.79126739501953,33.26352310180664,33.71588134765625,48606249.0,33.27977986999154,32.583766737412006,50.433288063285964,-0.05310126980966068,2.44274309710163,-1.9300696851267958,0.1809445722354326,0.3317288397394016,41144447.4,-0.12088297535569958,33.97221964826022,33.11273535424348,0,0,1.2967655870794275,0.6960131325795373,34.967405593750634,33.067493169165004,-2.563375473022461,1.3990843656905985,1.2967655870794275,0,0,0
2020-09-01,32.55482482910156,32.78100471283722,31.484239125757796,32.26832777880023,34287075,31.99690818786621,33.79126739501953,33.26352310180664,42730581.0,33.13478886181355,32.58113565483833,44.78762828796674,0.01743657974575563,1.2967655870794275,0.2864970503013353,0.22617988373566078,0.7840886530424314,40089447.3,-0.19759867061016556,34.60551621588552,33.41430328825944,0,1,1.0404286021027715,0.5536532069752198,34.967405593750634,31.66517934812681,-1.3419952392578125,1.3656959025714526,1.0404286021027715,0,0,0
2020-09-02,32.87146759033203,33.08256899581331,32.04214039371054,32.55481720772527,17392587,32.55482482910156,31.99690818786621,33.79126739501953,34287075.0,33.082124607517244,32.607529467155935,38.22889312172087,0.00972644647583576,1.0404286021027715,0.3166503826067597,0.21110140548127987,0.512676814014732,36818600.4,-0.49273634452632664,34.10792244522844,31.66517934812681,0,0,0.769010125436175,0.4745951403613091,34.967405593750634,31.484239125757796,-0.8444137573242188,1.3161517461369123,0.769010125436175,0,0,0
2020-09-03,32.70560836791992,33.27859549246514,32.50958536702897,33.022258783986416,26656869,32.87146759033203,32.55482482910156,31.99690818786621,17392587.0,33.00682135959778,32.61644573086175,39.508929075627215,-0.005045689607752424,0.769010125436175,-0.31665041606649424,0.25633670847872736,0.19602300089095337,36083860.5,0.5326569302197539,32.78100471283722,31.484239125757796,0,0,0.9499548348299847,0.39037562873603093,34.967405593750634,31.484239125757796,-0.5579147338867188,1.1793666555133182,0.9499548348299847,0,0,0
2020-09-04,32.08738708496094,32.72068800736014,31.770733172530154,31.8159684596685,29954895,32.70560836791992,32.87146759033203,32.55482482910156,26656869.0,32.822934504670414,32.56834949032531,40.04528007710948,-0.018902607650783887,0.9499548348299847,0.2714186252924371,0.6333009223992008,0.04523528713834679,36124221.9,0.1237214318005615,33.08256899581331,32.04214039371054,0,0,1.0404252745065072,0.2545850143451034,34.967405593750634,31.484239125757796,-1.7038803100585938,1.1384387732953754,1.0404252745065072,0,0,0
2020-09-07,31.84612464904785,32.61513478460617,31.574709510099662,32.23816720475935,19157754,32.08738708496094,32.70560836791992,32.87146759033203,29954895.0,32.6275725335459,32.502692686572814,36.13629561996056,-0.0075189181117886195,1.0404252745065072,-0.39204255571149815,0.37696757984681994,0.27141513894818914,32673704.4,-0.36044663151047596,33.27859549246514,32.50958536702897,0,0,1.5078670634876197,0.12487984697308718,34.967405593750634,31.484239125757796,-0.15078353881835938,1.1373614832880967,1.5078670634876197,0,0,0
2020-09-08,30.95648765563965,32.14770080664234,30.63983374315472,31.996913064924225,30300756,31.84612464904785,32.08738708496094,32.70560836791992,19157754.0,32.29335555796465,32.36212859285162,30.184761086950928,-0.02793548675740687,1.5078670634876197,-1.0404254092845768,0.1507877417181156,0.31665391248492725,31305107.4,0.5816444871356006,32.72068800736014,31.770733172530154,0,0,1.1308994121553582,-0.0687730348869664,34.967405593750634,31.484239125757796,-1.598337173461914,1.1739812661288151,1.1308994121553582,0,0,0
2020-09-09,30.473970413208008,31.19774534674121,30.066845934585853,30.549362556941325,34565667,30.95648765563965,31.84612464904785,32.08738708496094,30300756.0,31.929478529013327,32.19047784924765,28.767102941806243,-0.015586950554570933,1.1308994121553582,-0.0753921437333176,0.6483827897998857,0.40712447862215484,31107053.7,0.14075262676614408,32.61513478460617,31.574709510099662,0,1,1.1158209256343241,-0.2609993202343226,34.60551621588552,30.63983374315472,-2.3974971771240234,1.1825977684500175,1.1158209256343241,0,1,0
2020-09-10,30.63983154296875,30.971563860681325,29.855742935047,30.65490997093469,23708142,30.473970413208008,30.95648765563965,31.84612464904785,34565667.0,31.67154913180441,32.049510003222295,29.729713889976907,0.005442714799278603,1.1158209256343241,-0.015078427965939056,0.316653889746636,0.7840886079217491,30736057.5,-0.3141129896321688,32.14770080664234,30.63983374315472,0,0,0.437281164321341,-0.3779608714178835,34.60551621588552,30.066845934585853,-2.065776824951172,1.204138884311206,0.437281164321341,0,1,0
2020-09-11,30.835844039916992,30.98663171937497,30.54935055505363,30.760451925802887,14088816,30.63983154296875,30.473970413208008,30.95648765563965,23708142.0,31.50440811342693,31.9391767338309,24.324105410233585,0.006397309876634116,0.437281164321341,0.07539211411410562,0.15078767945797722,0.21110137074925817,27284314.2,-0.4057393447365044,31.19774534674121,30.066845934585853,0,0,1.5832593467385472,-0.4347686204039718,34.60551621588552,29.855742935047,-1.2515430450439453,1.1405930875183812,1.5832593467385472,0,1,0
2020-09-14,32.28341293334961,33.067501665921625,31.48424231918308,31.966758993263007,53551527,30.835844039916992,30.63983154296875,30.473970413208008,14088816.0,31.660209077411466,31.970470933787148,39.96250281822173,0.04694435772728456,1.5832593467385472,0.31665394008660286,0.7840887325720161,0.48251667407992826,28366408.8,2.8009955556236945,30.971563860681325,29.855742935047,1,0,0.9319829387030261,-0.31026185637568204,34.10792244522844,29.855742935047,0.4372882843017578,1.1535174832102038,0.9319829387030261,1,0,0
2020-09-15,32.02367401123047,32.695923426530314,31.763940487827288,32.40563342942844,26941557,32.28341293334961,30.835844039916992,30.63983154296875,53551527.0,31.732902064175267,31.975307577191085,39.5744828863417,-0.00804558435799163,0.9319829387030261,-0.3819594181979724,0.29028999710187264,0.259733523403181,27631857.0,-0.49690403786244974,30.98663171937497,30.54935055505363,1,0,0.9778213211696567,-0.24240551301581803,33.27859549246514,29.855742935047,1.0671863555908203,1.164081113838538,0.9778213211696567,0,0,0
2020-09-16,31.611160278320312,32.237575095151875,31.25975377398222,32.08479269932217,14635695,32.02367401123047,32.28341293334961,30.835844039916992,26941557.0,31.708553707004278,31.942203277293743,39.76973477553769,-0.012881524236272535,0.9778213211696567,-0.4736324210018594,0.15278239582970343,0.35140650433809384,27356167.8,-0.45676135198867684,33.067501665921625,31.48424231918308,0,0,0.7639258567043683,-0.2336495702894652,33.27859549246514,29.855742935047,1.1371898651123047,1.1725337586351752,0.7639258567043683,0,0,0
2020-09-17,31.641712188720703,32.05423159182676,31.290305735122395,31.32086220987627,21721305,31.611160278320312,32.02367401123047,32.28341293334961,14635695.0,31.695185403347566,31.914885905605285,35.81837427977335,0.0009664912686342397,0.7639258567043683,0.3208499788444321,0.41251940310606017,0.030556474753876017,26862611.4,0.48413211671874823,32.695923426530314,31.763940487827288,0,0,0.7333659124948539,-0.21970050225771942,33.27859549246514,29.855742935047,1.0018806457519531,1.1420132535693384,0.7333659124948539,0,0,0
2020-09-18,31.74866104125977,31.96255986952466,31.229193957029807,31.779217517159815,27984618,31.641712188720703,31.611160278320312,32.02367401123047,21721305.0,31.705880530930006,31.899774554301146,47.89308686174471,0.0033799957442628425,0.7333659124948539,-0.0305564759000454,0.1833423523648463,0.5194670842299622,26665583.7,0.28834883539455847,32.237575095151875,31.25975377398222,0,0,2.658451568458805,-0.19389402337113992,33.067501665921625,29.855742935047,0.912817001342777,1.019914883240283,2.658451568458805,0,0,0
2020-09-21,29.42633056640625,31.718100968679764,29.05964940022096,31.687544496244666,40827702,31.74866104125977,31.641712188720703,31.611160278320312,27984618.0,31.249970538025256,31.674916009947065,29.567459453372336,-0.07314735168942954,2.658451568458805,-2.2612139298384157,0.03055647243509796,0.3666811661852911,28832578.5,0.4589336899292318,32.05423159182676,31.290305735122395,0,0,1.7111905747685476,-0.4249454719218093,33.067501665921625,29.855742935047,-2.8570823669433594,1.1171781676245243,1.7111905747685476,0,1,0
2020-09-22,28.173500061035156,29.518005942077757,27.80681536730921,29.441611257655612,48561300,29.42633056640625,31.74866104125977,31.641712188720703,40827702.0,30.63467644262724,31.35660546913689,22.660339217236782,-0.042575152295793006,1.7111905747685476,-1.2681111966204561,0.07639468442214437,0.36668469372594714,30658632.9,0.18942035973516225,31.96255986952466,31.229193957029807,0,1,0.9625428759536838,-0.7219290265096525,33.067501665921625,29.05964940022096,-3.8501739501953125,1.165089737100651,0.9625428759536838,1,1,0
2020-09-23,28.67768669128418,29.181875483739525,28.21933260778584,28.433231413216006,48748803,28.173500061035156,29.42633056640625,31.74866104125977,48561300.0,30.24327849235863,31.113067398423006,27.44770542934016,0.017895775432827055,0.9625428759536838,0.24445527806817324,0.504188792455345,0.2138988054301656,32076946.5,0.0038611610479950542,31.718100968679764,29.05964940022096,0,0,1.0083793734666742,-0.8697889060643753,33.067501665921625,27.80681536730921,-2.933473587036133,1.1789135049947588,1.0083793734666742,1,1,0
2020-09-24,27.638751983642575,28.402676069326205,27.39429669585953,28.17349901846933,30841869,28.67768669128418,28.173500061035156,29.42633056640625,48748803.0,29.72237319061542,30.797220542533875,26.21278425443677,-0.036227981664830766,1.0083793734666742,-0.5347470348267542,0.229177050856876,0.24445528778304393,32790319.2,-0.36733074245946096,29.518005942077757,27.80681536730921,0,0,0.9319847840449818,-1.0748473519184536,33.067501665921625,27.80681536730921,-4.0029602050781286,1.1830866863259508,0.9319847840449818,0,1,0
2020-09-25,28.50962829589844,28.845753038481316,27.913768254436334,28.081830625727775,19431048,27.638751983642575,28.67768669128418,28.173500061035156,30841869.0,29.479824211672028,30.589257611021562,33.28493858096296,0.031509248781250276,0.9319847840449818,0.4277976701706656,0.33612474258287506,0.16806237129144108,33324542.4,-0.3699782590996674,29.181875483739525,28.21933260778584,0,0,1.3597841642952737,-1.109433399349534,33.067501665921625,27.39429669585953,-3.239032745361328,1.1753409370072705,1.3597841642952737,0,0,0
2020-09-28,29.777740478515625,30.037474021577207,28.677689857281933,28.72352457129906,21869313,28.50962829589844,27.638751983642575,28.67768669128418,19431048.0,29.53940746504075,30.515483326248294,44.31050777827144,0.04448013735765266,1.3597841642952737,1.054215907216566,0.25973354306158214,0.04583471401712558,30156321.0,0.12548293843955305,28.402676069326205,27.39429669585953,1,0,1.375060597976244,-0.9760758612075442,33.067501665921625,27.39429669585953,0.351409912109375,1.1647635870649602,1.375060597976244,0,0,0
2020-09-29,29.33466339111328,30.343041046397047,28.967980448420803,30.159702197774095,27336762,29.777740478515625,28.50962829589844,27.638751983642575,21869313.0,29.49845865025526,30.40813605941784,44.47985763748535,-0.014879473065527615,1.375060597976244,-0.8250388066608139,0.18333884862295236,0.3666829426924778,30195841.5,0.2500055214354471,28.845753038481316,27.913768254436334,1,0,0.779203937001764,-0.9096774091625797,32.695923426530314,27.39429669585953,1.161163330078125,1.182203671766452,0.779203937001764,0,0,0
2020-09-30,29.258264541625977,29.472165067229504,28.69296113022774,29.33465746159282,14189412,29.33466339111328,29.777740478515625,28.50962829589844,27336762.0,29.450419828529405,30.303602285073122,43.24752694551273,-0.002604388142065761,0.779203937001764,-0.0763929199668425,0.13750760563668507,0.5653034113982365,30151213.2,-0.48094028107644937,30.037474021577207,28.677689857281933,0,0,0.7944805115219999,-0.8531824565437169,32.237575095151875,27.39429669585953,0.5805778503417969,1.1581596011498405,0.7944805115219999,0,0,0
2020-10-01,29.365217208862305,29.823571282875687,29.029090771353687,29.41105191687083,12637821,29.258264541625977,29.33466339111328,29.777740478515625,14189412.0,29.433379304595988,30.218294550872137,42.749119021609935,0.003655468597058009,0.7944805115219999,-0.04583470800852396,0.41251936600485806,0.3361264375086179,29242864.8,-0.1093485057731779,30.343041046397047,28.967980448420803,0,0,0.6416964699799941,-0.7849152462761495,32.05423159182676,27.39429669585953,1.7264652252197301,1.183673840235602,0.6416964699799941,0,0,0
2020-10-05,29.395776748657227,29.548562621594684,28.90686615161469,29.45688969904644,11784675,29.365217208862305,29.258264541625977,29.33466339111328,12637821.0,29.42585879340824,30.143520205216234,33.45006826785489,0.0010406713349866425,0.6416964699799941,-0.06111295038921227,0.09167292254824488,0.4889105970425369,27622870.5,-0.06750736539154967,29.472165067229504,28.69296113022774,0,0,0.7180875028500857,-0.7176614118079954,31.96255986952466,27.39429669585953,0.8861484527587855,1.1164193490385623,0.7180875028500857,0,0,0
2020-10-06,29.258264541625977,29.64022564449652,28.922138141646435,29.517999770120507,19176597,29.395776748657227,29.365217208862305,29.258264541625977,11784675.0,29.392339943051788,30.06304241761712,33.92537561978736,-0.004677957932767707,0.7180875028500857,-0.2597352284945309,0.12222587437601362,0.3361263999795412,25457760.0,0.6272486937484487,29.823571282875687,29.029090771353687,0,0,0.7792041386670086,-0.6707024745653314,31.718100968679764,27.39429669585953,-0.5194759368896484,1.1011411036204952,0.7792041386670086,0,0,0
2020-10-07,28.76936149597168,29.47217269490064,28.69296855623363,29.288830338922253,13131330,29.258264541625977,29.395776748657227,29.365217208862305,19176597.0,29.26774425363577,29.945435061103897,33.62674876144625,-0.016709912679842343,0.7792041386670086,-0.5194688429505732,0.183342355978386,0.07639293973804939,21914763.0,-0.31524190658019247,29.548562621594684,28.90686615161469,0,0,0.8250370056919394,-0.677690807468128,30.343041046397047,27.39429669585953,-0.5653018951416016,1.086954162013163,0.8250370056919394,0,0,0
2020-10-08,28.586015701293945,29.120762718169317,28.295725712477378,29.02909155120753,13561056,28.76936149597168,29.258264541625977,29.395776748657227,13131330.0,29.131398543167407,29.821851482939355,32.698973708474654,-0.006372953209385801,0.8250370056919394,-0.4430758499135834,0.09167116696178823,0.29028998881656776,18395988.3,0.03272524565295365,29.64022564449652,28.922138141646435,0,0,0.687531119020715,-0.6904529397719479,30.343041046397047,27.39429669585953,-0.6722488403320312,1.091319244083704,0.687531119020715,0,0,0
2020-10-09,28.35683822631836,28.738801124762347,28.05127000574163,28.47906586424546,12672492,28.586015701293945,28.76936149597168,29.258264541625977,13561056.0,28.9764864797976,29.688668459610174,31.058036400944687,-0.00801711848794695,0.687531119020715,-0.12222763792710012,0.2597352605168872,0.3055682205767276,16579050.6,-0.06552321589115184,29.47217269490064,28.69296855623363,0,0,0.7333658387301512,-0.7121819798125735,30.343041046397047,27.39429669585953,-1.0083789825439453,1.0880453302641226,0.7333658387301512,0,0,0
2020-10-12,28.586015701293945,29.02909155120753,28.295725712477378,28.433231588679018,21410115,28.35683822631836,28.586015701293945,28.76936149597168,12672492.0,28.89839232409687,29.588427299763243,43.875295796992695,0.008081912135143643,0.7333658387301512,0.15278411261492764,0.4430758499135834,0.13750587620164012,16776957.3,0.6894952468701498,29.120762718169317,28.295725712477378,0,0,0.9014299743702416,-0.6900349756663715,30.343041046397047,27.913768254436334,-0.8097610473632812,0.9505392067120759,0.9014299743702416,0,0,0
2020-10-13,27.9596004486084,28.708244555418904,27.806814581048663,28.586016910460412,19966965,28.586015701293945,28.35683822631836,28.586015701293945,21410115.0,28.710633948999178,29.440352131476438,48.284309150830566,-0.021913345995160594,0.9014299743702416,-0.6264164618520134,0.12222764495849248,0.15278586755973578,16586722.5,-0.06740505597471103,28.738801124762347,28.05127000574163,0,0,0.7944806100035571,-0.7297181824772601,30.343041046397047,28.05127000574163,-1.2986640930175781,0.8926991638264826,0.7944806100035571,0,0,0
2020-10-14,27.97488021850586,28.647133176853657,27.8526525668501,28.09710787016162,22321728,27.9596004486084,28.586015701293945,28.35683822631836,19966965.0,28.563483202900517,29.307127412115474,43.88302490563232,0.0005464945726083581,0.7944806100035571,-0.12222765165575922,0.5500253066920386,0.12222765165575922,16085219.1,0.11793294574313129,29.02909155120753,28.295725712477378,0,0,1.4056187341115063,-0.7436442092149562,30.343041046397047,27.806814581048663,-0.7944812774658203,0.8806947162586164,1.4056187341115063,0,0,0
2020-10-15,27.01233291625977,28.249889301067537,26.84427056695603,28.03599049396673,15857307,27.97488021850586,27.9596004486084,28.586015701293945,22321728.0,28.25325314557237,29.098509730674046,44.47439969850335,-0.034407557591948135,1.4056187341115063,-1.0236575777069596,0.2138988071008079,0.16806234930373876,16252008.6,-0.2896021759605708,28.708244555418904,27.806814581048663,0,0,1.1153287746326512,-0.8452565851016764,29.823571282875687,27.806814581048663,-1.5736827850341761,0.9090689563046759,1.1153287746326512,0,0,0
2020-10-16,27.806814193725582,27.91376534861696,26.798436573984308,26.798436573984308,21800793,27.01233291625977,27.97488021850586,27.9596004486084,15857307.0,28.163965355203015,28.98108286367873,43.71582928773468,0.029411797934253414,1.1153287746326512,1.0083776197412746,0.10695115489137663,0.0,17168305.8,0.3748105526367118,28.647133176853657,27.8526525668501,0,0,1.0694922831379898,-0.8171175084757145,29.823571282875687,26.84427056695603,-0.550024032592777,0.9221649556323666,1.0694922831379898,0,0,0
2020-10-19,27.516523361206055,28.09710508616463,27.02761280302664,27.92904098898916,22512567,27.806814193725582,27.01233291625977,27.97488021850586,21800793.0,28.034476956403623,28.847941090726668,25.496759781524418,-0.010439557386801579,1.0694922831379898,-0.41251762778310663,0.168064097175467,0.4889105581794162,18241095.0,0.032648995841573214,28.249889301067537,26.84427056695603,0,0,0.6264181996288976,-0.8134641343230449,29.64022564449652,26.798436573984308,-1.0694923400878906,0.9014298212639892,0.6264181996288976,0,1,0
2020-10-20,27.4859676361084,27.837372327918953,27.210954128290055,27.24151060188694,14685903,27.516523361206055,27.806814193725582,27.01233291625977,22512567.0,27.92477509234458,28.724125322125005,28.00008352827038,-0.0011104500629151026,0.6264181996288976,0.24445703422145826,0.3514046918105542,0.03055647359688507,17792025.6,-0.3476575550002805,27.91376534861696,26.798436573984308,0,0,1.1153286117718935,-0.7993502297804262,29.64022564449652,26.798436573984308,-0.4736328125,0.8479553642391787,1.1153286117718935,0,1,0
2020-10-21,28.234607696533203,28.35683532194145,27.241506710169556,27.50124194408372,28952280,27.4859676361084,27.516523361206055,27.806814193725582,14685903.0,27.986741613182303,28.679623719798478,39.49845321186005,0.027237173176370755,1.1153286117718935,0.7333657524494832,0.12222762540824661,0.25973523391416364,19374120.6,0.9714334215607987,28.09710508616463,27.02761280302664,0,0,1.0694924057916673,-0.6928821066161746,29.47217269490064,26.798436573984308,0.25972747802734375,0.8719642695799023,1.0694924057916673,0,0,0
2020-10-22,28.44851303100586,29.074929536952933,28.005437131161266,28.219335962016057,28783392,28.234607696533203,27.4859676361084,27.516523361206055,28952280.0,28.079095896747017,28.658613657180965,40.797604628070545,0.007575998107419046,1.0694924057916673,0.22917706898980228,0.6264165059470734,0.21389883085479156,20896354.2,-0.005833322971455113,27.837372327918953,27.210954128290055,1,0,0.6416964443720232,-0.5795177604339479,29.120762718169317,26.798436573984308,1.4361801147460902,0.8916079763134499,0.6416964443720232,0,0,0
2020-10-23,28.295726776123047,28.79991559064239,28.158219146270365,28.677687946259457,17663049,28.44851303100586,28.234607696533203,27.4859676361084,28783392.0,28.122422072622225,28.62562394072115,39.22157423178369,-0.00537062357938678,0.6416964443720232,-0.3819611701364103,0.12222764438293154,0.1375076298526814,21395409.9,-0.38634581358583453,28.35683532194145,27.241506710169556,0,0,1.1306070079060078,-0.5032018680989268,29.074929536952933,26.798436573984308,0.4889125823974645,0.8916079744843091,1.1306070079060078,0,0,0
2020-10-26,27.4859676361084,28.341561136196063,27.210954128290055,28.295726425800733,18531900,28.295726776123047,28.44851303100586,28.234607696533203,17663049.0,27.99513118531946,28.522018822119993,34.656141447114166,-0.028617718372158985,1.1306070079060078,-0.8097587896923351,0.04583471039532938,0.27501350781834333,21107588.4,0.04919031816081132,29.074929536952933,28.005437131161266,0,0,0.5347469893409986,-0.5268876368005309,29.074929536952933,26.798436573984308,-0.03055572509765625,0.921073653416875,0.5347469893409986,0,0,0
2020-10-27,27.40957260131836,27.638749632681357,27.10400264334036,27.470685543824764,12329295,27.4859676361084,28.295726776123047,28.44851303100586,18531900.0,27.87801946851924,28.42088734750166,37.321922629194646,-0.0027794195133111765,0.5347469893409986,-0.06111294250640498,0.16806408885659252,0.3055699579780011,20343821.4,-0.3346988166350995,28.79991559064239,28.158219146270365,0,1,0.7180875825723021,-0.5428678789824204,29.074929536952933,26.798436573984308,-0.07639503479003906,0.9036124284650171,0.7180875825723021,0,0,0
2020-10-28,26.96649742126465,27.516522659429786,26.798435076857483,27.4095732589954,13325832,27.40957260131836,27.4859676361084,28.295726776123047,12329295.0,27.695715059068323,28.288670081480113,35.59784544552174,-0.016164979530997825,0.7180875825723021,-0.44307583773075265,0.1069494004343845,0.16806234440716494,19444231.8,0.08082676260078125,28.341561136196063,27.210954128290055,0,0,0.7792023834826054,-0.5929550224117897,29.074929536952933,26.798436573984308,-1.2681102752685547,0.8959731839564716,0.7792023834826054,0,0,0
2020-10-29,26.47759056091309,27.165121767194982,26.385919383712377,26.783158820272412,16816755,26.96649742126465,27.40957260131836,27.4859676361084,13325832.0,27.45209015943728,28.124026488701293,34.02602161171863,-0.018130158051821277,0.7792023834826054,-0.3055682593593225,0.38196294692257027,0.0916711772007126,19540176.6,0.26196660741333067,27.638749632681357,27.10400264334036,0,0,1.0389374313506714,-0.6719363292640139,29.074929536952933,26.798435076857483,-1.9709224700927699,0.9025211314180351,1.0389374313506714,0,0,0
2020-10-30,26.58453369140625,27.455407046207128,26.416469614856457,26.55397547390874,27632397,26.47759056091309,26.96649742126465,27.40957260131836,16816755.0,27.278578865831076,27.984072598038107,32.62596737827113,0.004039005371245352,1.0389374313506714,0.030558217497510753,0.870873354800878,0.13750585905228263,20123337.0,0.6431467902101209,27.516522659429786,26.798435076857483,0,0,0.7180894077537445,-0.7054937322070316,29.074929536952933,26.385919383712377,-1.7111930847167969,0.9243476737480724,0.7180894077537445,0,0,0
2020-11-02,27.088727951049805,27.37901971137276,26.660930303619015,26.84427265208427,14246079,26.58453369140625,26.47759056091309,26.96649742126465,27632397.0,27.24060868287482,27.90267763013008,42.27643184101817,0.01896569883437671,0.7180894077537445,0.24445529896553353,0.2902917603229547,0.18334234846525632,19296688.2,-0.4844428805796327,27.165121767194982,26.385919383712377,0,0,0.4736323013390553,-0.662068947255257,29.074929536952933,26.385919383712377,-0.39723968505859375,0.9112519189897511,0.4736323013390553,0,0,0
2020-11-03,27.317901611328125,27.623471571232873,27.149839269893818,27.149839269893818,10505982,27.088727951049805,26.58453369140625,26.47759056091309,14246079.0,27.256067268565484,27.849516173875354,44.3863854454046,0.008460111552393457,0.4736323013390553,0.16806234143430743,0.3055699599047479,0.0,18878696.1,-0.2625351859974945,27.455407046207128,26.416469614856457,0,0,0.748645730568736,-0.5934489053098702,29.074929536952933,26.385919383712377,-0.09167098999023438,0.8883341826565724,0.748645730568736,0,0,0
2020-11-04,27.165115356445312,27.608191151284505,26.85954542071577,27.577632933774247,10174500,27.317901611328125,27.088727951049805,26.58453369140625,10505982.0,27.23787688614145,27.78729791774535,51.51512973423659,-0.005592898644142363,0.748645730568736,-0.41251757732893424,0.03055821751025789,0.30556993572954383,17000918.1,-0.03155173880937545,27.37901971137276,26.660930303619015,0,0,1.3445058206250167,-0.5494210316038988,29.074929536952933,26.385919383712377,0.19861793518066406,0.8414075395463746,1.3445058206250167,0,0,0
2020-11-05,28.38739585876465,28.55545996058384,27.210954139958822,27.317903546075907,21741264,27.165115356445312,27.317901611328125,27.088727951049805,10174500.0,27.467780680666092,27.84185227601983,55.30726081653068,0.04499448967108233,1.3445058206250167,1.069492312688741,0.16806410181919063,0.10694940611708503,16296705.3,1.1368385670057495,27.623471571232873,27.149839269893818,0,0,0.6111382427789138,-0.3740715953537368,29.074929536952933,26.385919383712377,1.909805297851559,0.8577773285458292,0.6111382427789138,0,0,0
2020-11-06,28.24989128112793,28.57073951426769,27.959601271488776,28.14294361856355,20163741,28.38739585876465,27.165115356445312,27.317901611328125,21741264.0,27.62420280075846,27.878946731029654,56.896566568254315,-0.004843860223066709,0.6111382427789138,0.10694766256438015,0.32084823313975974,0.18334234707477393,16546774.5,-0.07255893677570913,27.608191151284505,26.85954542071577,1,0,0.962544622422989,-0.2547439302711929,28.79991559064239,26.385919383712377,1.6653575897216797,0.8250377542344667,0.962544622422989,0,0,0
2020-11-09,28.43323135375977,28.998534838791095,28.035990216368106,28.876307200012594,24865398,28.24989128112793,28.38739585876465,27.165115356445312,20163741.0,27.786008511358723,27.929336242186935,58.65920794171486,0.0064899390517059174,0.962544622422989,-0.4430758462528246,0.12222763877850085,0.39724113739166356,17180124.3,0.23317384407982633,28.55545996058384,27.210954139958822,0,0,1.2833909378467574,-0.14332773082821149,28.57073951426769,26.385919383712377,1.3445034027099645,0.8490467844340446,1.2833909378467574,0,0,0
2020-11-10,29.15131568908691,29.411049173875476,28.12765823602872,28.417949938455017,31640469,28.43323135375977,28.24989128112793,28.38739585876465,24865398.0,28.059069946904362,28.040425282814205,58.426965504109326,0.025255108235602952,1.2833909378467574,0.7333657506318936,0.2597334847885655,0.2902917024262983,19111241.7,0.27246983941298675,28.57073951426769,27.959601271488776,0,0,0.88615187733825,0.018644664090157193,28.998534838791095,26.385919383712377,1.8334140777587855,0.8610512362965349,0.88615187733825,1,0,0
2020-11-11,29.242996215820312,29.76246510034073,28.87631322300248,29.319389161671605,24266727,29.15131568908691,28.43323135375977,28.24989128112793,31640469.0,28.295855200687555,28.149749913087486,57.47128704631095,0.0031449876126079523,0.88615187733825,-0.07639294585129264,0.443075938669125,0.36668299281783234,20205331.2,-0.23304780975275685,28.998534838791095,28.035990216368106,0,0,0.7639222823347005,0.14610528760006858,29.411049173875476,26.385919383712377,2.077880859375,0.8479554842641479,0.7639222823347005,0,0,0
2020-11-12,28.79991340637207,29.48744276108049,28.72352047874579,29.365216874449672,32573475,29.242996215820312,29.15131568908691,28.43323135375977,24266727.0,28.39666684182446,28.208855685204266,54.49588082962361,-0.01515175825959092,0.7639222823347005,-0.5653034680776017,0.12222588663081879,0.07639292762628003,21781003.2,0.3423101928826249,29.411049173875476,28.12765823602872,0,0,1.3750605460760106,0.18781115662019232,29.76246510034073,26.385919383712377,0.4125175476074219,0.856685901261482,1.3750605460760106,0,0,0
2020-11-13,29.548561096191406,29.71662170108584,28.341561155009828,28.692965847053653,23221539,28.79991340637207,29.242996215820312,29.15131568908691,32573475.0,28.62704569269785,28.330647086203097,68.59500693147386,0.025994789611197167,1.3750605460760106,0.8555952491377532,0.16806060489443198,0.3514046920438254,21339917.4,-0.28710280373831776,29.76246510034073,28.87631322300248,0,0,0.24445875747274215,0.29639860649475125,29.76246510034073,26.416469614856457,1.2986698150634766,0.8741468682736251,0.24445875747274215,0,0,0
2020-11-14,29.518001556396484,29.7013438760191,29.456885118546356,29.7013438760191,2843181,29.548561096191406,28.79991340637207,29.242996215820312,23221539.0,28.80523686543758,28.438588401675222,69.16663198923615,-0.0010342141431334273,0.24445875747274215,-0.18334231962261427,0.0,0.06111643785012788,20199627.6,-0.8775627661887526,29.48744276108049,28.72352047874579,0,0,0.6111382144300919,0.36664846376235616,29.76246510034073,26.660930303619015,1.0847702026367152,0.8534119945687496,0.6111382144300919,0,0,0
2020-11-17,29.38049697875977,29.869407550303837,29.258269335873745,29.80829460310189,13608048,29.518001556396484,29.548561096191406,28.79991340637207,2843181.0,28.920288888102018,28.524216454137452,73.23526636370019,-0.0046583295069621,0.6111382144300919,-0.4277976243421193,0.061112947201948487,0.12222764288602406,20509834.2,3.7862053101789863,29.71662170108584,28.341561155009828,0,0,0.7944806350197702,0.3960724339645658,29.76246510034073,26.85954542071577,0.22918128967285867,0.8457727539871632,0.7944806350197702,0,0,1
2020-11-18,29.502729415893555,30.037474753044453,29.242994118024683,29.380500011906847,31608804,29.38049697875977,29.518001556396484,29.548561096191406,13608048.0,29.03677699366033,28.61317217793346,81.32901665962149,0.0041603257161426654,0.7944806350197702,0.12222940398670801,0.5347453371508983,0.13750589388216383,22653264.6,1.3228022123378755,29.7013438760191,29.456885118546356,0,0,3.834894492611433,0.42360481572686837,29.869407550303837,26.85954542071577,0.2597332000732422,0.8468640576683892,3.834894492611433,0,0,1
2020-11-19,31.50419807434082,33.07788067917902,29.242986186567585,29.48743968279195,127231584,29.502729415893555,29.38049697875977,29.518001556396484,31608804.0,29.53026120979643,28.875992713970493,86.59081578426962,0.0678401184593127,3.834894492611433,2.016758391548869,1.573682604838197,0.24445349622436652,33202296.6,3.0251944996084,29.869407550303837,29.258269335873745,0,0,1.6500741281773408,0.654268495825935,30.037474753044453,27.210954139958822,2.70428466796875,1.0465752763298721,1.6500741281773408,1,0,1
2020-11-20,33.10844421386719,33.582076570131385,31.932002441954044,32.13062302634942,111976335,31.50419807434082,29.502729415893555,29.38049697875977,127231584.0,30.245897810610582,29.26076103214292,88.47648216134874,0.05092166243180696,1.6500741281773408,0.9778211875177689,0.4736323562641971,0.19862058439537478,42383556.0,-0.11990143107862272,30.037474753044453,29.242994118024683,1,0,1.3903404906028065,0.9851367784676626,33.07788067917902,27.959601271488776,3.5598831176757812,1.1131456135029862,1.3903404906028065,1,0,1
2020-11-23,32.39035415649414,33.32234056234956,31.932000071746753,33.16955819874319,32719695,33.10844421386719,31.50419807434082,29.502729415893555,111976335.0,30.674789079787296,29.54526949799303,80.51463366274835,-0.021689030530533948,1.3903404906028065,-0.7792040422490487,0.1527823636063701,0.4583540847473877,43168985.7,-0.7077981253806886,33.07788067917902,29.242986186567585,0,0,0.8861516883640306,1.1295195817942663,33.582076570131385,28.035990216368106,2.8723526000976562,1.1786247698789685,0.8861516883640306,0,0,1
2020-11-24,32.90982437133789,33.276505537477554,32.390353849113524,32.390353849113524,32900253,32.39035415649414,33.10844421386719,31.50419807434082,32719695.0,31.121796138097416,29.85113812284256,83.09853551924101,0.01603780595710469,0.8861516883640306,0.519470522224367,0.3666811661396636,0.0,43294964.1,0.005518327722798144,33.582076570131385,31.932002441954044,0,0,1.3750621606467845,1.270658015254856,33.582076570131385,28.12765823602872,3.5293273925781214,1.1884466240072038,1.3750621606467845,0,0,1
2020-11-25,32.65008544921875,33.734857641808254,32.35979548116147,33.00149185552275,37300935,32.90982437133789,32.39035415649414,33.10844421386719,32900253.0,31.427454000321685,30.105587879785848,77.62365634725208,-0.007892443277374483,1.3750621606467845,-0.351406406304001,0.7333657862855034,0.29028996805728013,44598384.9,0.13375830270970868,33.32234056234956,31.932000071746753,0,0,0.7486477111002117,1.3218661205358373,33.582076570131385,28.341561155009828,3.1473560333251953,1.1906292197230444,0.7486477111002117,0,0,1
2020-11-26,33.276512145996094,33.39874155695943,32.65009384585922,32.818157974572,28747059,32.65008544921875,32.90982437133789,32.39035415649414,37300935.0,31.797265629456568,30.393853722168597,80.6330449030224,0.019186066074823538,0.7486477111002117,0.45835417142409085,0.12222941096333528,0.16806412871278553,44215743.3,-0.22932068592918653,33.276505537477554,32.390353849113524,0,0,1.451456702687807,1.4034119072879712,33.734857641808254,28.341561155009828,1.7723140716552734,1.200451324603137,1.451456702687807,0,0,1
2020-11-27,33.948753356933594,34.77379197734484,33.322335274657036,33.44456464311054,42740469,33.276512145996094,32.65008544921875,32.90982437133789,28747059.0,32.227563174951975,30.71702641623814,81.72219828323847,0.02020167281919849,1.451456702687807,0.504188713823055,0.8250386204112488,0.12222936845350318,46167636.3,0.48677709952868575,33.734857641808254,32.35979548116147,0,0,0.7639224197483898,1.5105367587138332,33.734857641808254,28.341561155009828,0.8403091430664062,1.2353736160506241,0.7639224197483898,0,0,1
2020-12-01,34.162662506103516,34.46823077460994,33.70430835486155,33.94876366905962,32351613,33.948753356933594,33.276512145996094,32.65008544921875,42740469.0,32.614583041182286,31.030266060771357,80.59692315288677,0.0063009426861984075,0.7639224197483898,0.21389883704389234,0.30556826850642693,0.24445531419807054,49118479.5,-0.24306836689134137,33.39874155695943,32.65009384585922,1,0,1.0542121850164037,1.5843169804109287,34.77379197734484,29.242986186567585,1.772308349609375,1.1982687219007406,1.0542121850164037,0,0,1
2020-12-02,34.6973991394043,35.14047494083442,34.08626275581802,34.22376686849123,48411381,34.162662506103516,33.948753356933594,33.276512145996094,32351613.0,33.03114626082669,31.36364179519253,81.5927871953052,0.01565266270464849,1.0542121850164037,0.4736322709130647,0.44307580143012615,0.13750411267321283,52598812.8,0.4964132082069601,34.77379197734484,33.322335274657036,0,0,0.9014298705897161,1.6675044656341562,34.77379197734484,29.242986186567585,1.7875747680664062,1.2102730295920374,0.9014298705897161,0,0,1
2020-12-03,35.14047622680664,35.69050318851916,34.78907331792944,34.86546449443233,48553872,34.6973991394043,34.162662506103516,33.948753356933594,48411381.0,33.45301225402268,31.706990379884722,86.72559352004947,0.012769749272047326,0.9014298705897161,0.27501173237430976,0.5500269617125184,0.07639117650288796,54293319.6,0.002943336815778963,34.46823077460994,33.70430835486155,1,0,1.1000503810887992,1.7460218741379592,35.14047494083442,29.242986186567585,2.4903907775878906,1.2200950001816813,1.1000503810887992,0,0,1
2020-12-04,35.369651794433594,36.05718284549362,34.95713246440482,35.41548649844484,46007778,35.14047622680664,34.6973991394043,34.162662506103516,48553872.0,33.83634016210487,32.039959599389164,85.87562572234906,0.006521697832089446,1.1000503810887992,-0.04583470401124856,0.6416963470487786,0.41251933002877195,46170939.0,-0.05243853672473331,35.14047494083442,34.08626275581802,0,0,0.7333659523932496,1.7963805627157043,35.69050318851916,29.242986186567585,2.0931396484375,1.2004514169683091,0.7333659523932496,0,0,1
2020-12-07,35.125205993652344,35.675229583706106,34.941863631312856,35.40021778867923,26587011,35.369651794433594,35.14047622680664,34.6973991394043,46007778.0,34.094113328414366,32.32043654432218,83.66977260055958,-0.006911173516831792,0.7333659523932496,-0.27501179502688444,0.27501179502687734,0.18334236233948786,37632006.6,-0.42211921210365777,35.69050318851916,34.78907331792944,0,0,1.5125700152937185,1.7736767840921885,36.05718284549362,31.932000071746753,1.17645263671875,1.235373359462631,1.5125700152937185,0,0,1
2020-12-08,34.57518005371094,35.46133183065428,33.94876181536056,35.308545956261284,36642735,35.125205993652344,35.369651794433594,35.14047622680664,26587011.0,34.190326673473685,32.525413226993884,79.7202995611866,-0.015659009659354184,1.5125700152937185,-0.7333659025503465,0.15278587439299685,0.6264182383503751,38024310.6,0.3782194245152266,36.05718284549362,34.95713246440482,0,0,2.3528835673484636,1.664913446479801,36.05718284549362,31.932000071746753,0.4125175476074219,1.2997613452386043,2.3528835673484636,0,0,1
2020-12-09,35.73634338378906,37.43225224140476,35.0793686740563,35.369658686321884,147504747,34.57518005371094,35.125205993652344,35.369651794433594,36642735.0,34.49953001553676,32.81731596852072,81.87500841200631,0.03358372474920768,2.3528835673484636,0.36668469746717847,1.6959088576156987,0.2902900122655865,49484760.0,3.025484096642895,35.675229583706106,34.941863631312856,0,0,1.329227465884479,1.6822140470160463,36.05718284549362,32.35979548116147,1.0389442443847656,1.4110758404049395,1.329227465884479,1,0,1
2020-12-10,34.95713424682617,35.69050353625481,34.36127607037033,35.69050353625481,38748615,35.73634338378906,34.57518005371094,35.125205993652344,147504747.0,34.59105086179465,33.011844902912124,70.17855291771674,-0.02180438912270921,1.329227465884479,-0.7333692894286372,0.0,0.5958581764558417,49629528.0,-0.7373059797187409,35.46133183065428,33.94876181536056,0,0,0.9319865120855155,1.5792059588825254,37.43225224140476,32.35979548116147,-0.18334197998046875,1.2320996242101572,0.9319865120855155,0,0,1
2020-12-11,35.03353500366211,35.56828033116426,34.636293819078745,34.95714031618712,41079909,34.95713424682617,35.73634338378906,34.57518005371094,38748615.0,34.67954769016814,33.19563491207121,63.695649696017696,0.002185555494809366,0.9319865120855155,0.07639468747498768,0.5347453275021508,0.3208464971083771,50862813.0,0.06016457620485283,37.43225224140476,35.0793686740563,0,0,1.2375548671946532,1.4839127780969292,37.43225224140476,32.65009384585922,-0.3361167907714844,1.1808076516321697,1.2375548671946532,0,0,0
2020-12-14,36.22525787353515,36.43915672053933,35.20160185334468,35.33910600694141,75008775,35.03353500366211,34.95713424682617,35.73634338378906,41079909.0,34.98868972684155,33.471055181295206,75.5600835377112,0.03401663205692684,1.2375548671946532,0.8861518665937425,0.21389884700418094,0.13750415359672985,54089643.6,0.8259235919923775,35.69050353625481,34.36127607037033,0,0,0.6416964400225851,1.5176345455463434,37.43225224140476,33.322335274657036,1.1000518798828054,1.1698943928173016,0.6416964400225851,0,0,1
2020-12-15,36.13357925415039,36.45442922264382,35.81273278262123,35.873845730157406,32266752,36.22525787353515,35.03353500366211,34.95713424682617,75008775.0,35.21766763230332,33.71310282428204,72.78609615863732,-0.0025307927332033353,0.6416964400225851,0.25973352399298477,0.32084996849342673,0.06111294753617358,54081157.5,-0.5698269702444814,35.56828033116426,34.636293819078745,1,0,1.0236592797000768,1.5045648080212786,37.43225224140476,33.70430835486155,1.5583992004394531,1.1524333036500554,1.0236592797000768,0,0,1
2020-12-16,36.08774185180664,36.88222409837554,35.85856481867546,36.36275359217125,38725125,36.13357925415039,36.22525787353515,35.03353500366211,32266752.0,35.39168247620398,33.92897909951155,75.05562132678209,-0.0012685541618046026,1.0236592797000768,-0.2750117403646115,0.5194705062042857,0.22917703313117954,53112531.9,0.20015565867924967,36.43915672053933,35.20160185334468,0,0,1.5431262801828254,1.4627033766924313,37.43225224140476,33.94876181536056,0.3513984680175781,1.1273330978681477,1.5431262801828254,0,0,1
2020-12-17,36.75999450683594,36.92805859603541,35.38493231585259,36.05718517568649,56242236,36.08774185180664,36.13357925415039,36.22525787353515,38725125.0,35.66534488233037,34.18634413654104,75.22114703695567,0.018628282639292948,1.5431262801828254,0.7028093311494459,0.16806408919947557,0.6722528598339039,53881368.3,0.4523448536318475,36.45442922264382,35.81273278262123,0,0,1.2681147013126406,1.4790007457893353,37.43225224140476,33.94876181536056,1.8028602600097656,1.1840815670883345,1.2681147013126406,0,0,1
2020-12-18,37.050289154052734,37.49336853490091,36.22525383358827,37.11140560135577,97760322,36.75999450683594,36.08774185180664,36.13357925415039,56242236.0,35.94233373667485,34.44670277449664,73.77045729498563,0.007897026403603347,1.2681147013126406,-0.06111644730303567,0.38196293354513955,0.8250353204644654,59056622.7,0.7382011981173722,36.88222409837554,35.85856481867546,0,0,4.2932513409128745,1.495630962178204,37.43225224140476,33.94876181536056,2.016754150390625,1.1709857098472511,4.2932513409128745,1,0,1
2020-12-21,34.20849609375,37.64615211470204,33.352900773789166,36.88222972014532,86979072,37.050289154052734,36.75999450683594,36.08774185180664,97760322.0,35.59556620808988,34.425047621701495,50.25040713302903,-0.07670096847251962,4.2932513409128745,-2.673733626395318,0.7639223945567224,0.8555953199608339,65095828.8,-0.11028247226927101,36.92805859603541,35.38493231585259,0,0,2.368161452063184,1.1705185863883827,37.49336853490091,33.94876181536056,-2.016761779785149,1.4230806327875716,2.368161452063184,0,0,0
2020-12-22,34.3001594543457,34.865464653945125,32.49730320188194,34.20849004212284,73882653,34.20849609375,37.050289154052734,36.75999450683594,86979072.0,35.33648485734105,34.413694151941876,47.71930454711109,0.002679549558229466,2.368161452063184,0.0916694122228634,0.5653051995994218,1.7111868402408987,68819820.6,-0.15056977154228546,37.49336853490091,36.22525383358827,0,1,1.0542159717884445,0.9227907053991729,37.64615211470204,33.352900773789166,-1.8334197998046875,1.5169341518623416,1.0542159717884445,0,0,0
2020-12-23,35.277992248535156,35.43077813491507,34.37656216312663,34.59046100527262,39047973,34.3001594543457,34.20849609375,37.050289154052734,73882653.0,35.32478633557987,34.49226670617763,50.74385288100871,0.028508112199623126,1.0542159717884445,0.6875312432625336,0.15278588637991675,0.2138988421459942,57974143.2,-0.4714865883335294,37.64615211470204,33.352900773789166,0,0,1.1764418835849568,0.8325196294022419,37.64615211470204,32.49730320188194,-0.8097496032714844,1.5278474448051078,1.1764418835849568,0,0,0
2020-12-24,35.109928131103516,36.10302765038432,34.92658576679936,35.49189109865678,28256172,35.277992248535156,34.3001594543457,34.20849609375,39047973.0,35.281814694684606,34.54841774480725,48.58575044649032,-0.004763993263778188,1.1764418835849568,-0.38196296755326387,0.6111365517275402,0.18334236430415274,56924898.9,-0.2763728862443129,34.865464653945125,32.49730320188194,1,0,0.8097568543569835,0.7333969498773527,37.64615211470204,32.49730320188194,-1.6500663757324219,1.5333039806976905,0.8097568543569835,0,0,0
2020-12-28,35.018245697021484,35.614103788593646,34.80434693423666,35.50715615568296,28341882,35.109928131103516,35.277992248535156,34.3001594543457,28256172.0,35.22910089515198,34.59112937682673,49.40772544518286,-0.0026112965466542626,0.8097568543569835,-0.4889104586614721,0.1069476329106891,0.21389876278482234,55651096.2,0.003033319587663952,35.43077813491507,34.37656216312663,0,0,0.6875311159620097,0.6379715183252515,37.64615211470204,32.49730320188194,-2.03204345703125,1.5387604736951002,0.6875311159620097,0,0,0
2020-12-29,35.0640869140625,35.507162755257845,34.819631639295835,35.20159453604054,20782080,35.018245697021484,35.109928131103516,35.277992248535156,28341882.0,35.19609809893409,34.63412551657544,52.86734213554839,0.0013090666345092483,0.6875311159620097,-0.13750762197803823,0.3055682192173066,0.24445527476666484,50228426.7,-0.26673606219939805,36.10302765038432,34.92658576679936,0,0,0.580583437970347,0.5619725823586492,37.64615211470204,32.49730320188194,0.8555908203125,1.4798291237428352,0.580583437970347,0,0,0
2020-12-30,34.95713424682617,35.23214947884388,34.65156604087353,35.140476569183335,18996630,35.0640869140625,35.018245697021484,35.109928131103516,20782080.0,35.14830532851251,34.66348994659823,44.7852657366187,-0.0030502053995717926,0.580583437970347,-0.18334232235716286,0.09167290966054509,0.305568205952639,48901414.5,-0.08591295962675538,35.614103788593646,34.80434693423666,0,0,1.634795980761794,0.48481538191427376,37.64615211470204,32.49730320188194,0.6569747924804688,1.353236257358684,1.634795980761794,0,0,0
2020-12-31,36.653053283691406,36.897508594040616,35.26271261327882,35.35438204329805,112170381,34.95713424682617,35.0640869140625,35.018245697021484,18996630.0,35.44925491954829,34.84435934087943,60.10927545208923,0.048514246759778556,1.634795980761794,1.2986712403933538,0.24445531034920975,0.09166943001923045,56245940.1,4.90475157962228,35.507162755257845,34.819631639295835,0,0,2.261210513887974,0.6048955786688595,37.64615211470204,32.49730320188194,1.37506103515625,1.3750625798499208,2.261210513887974,1,0,0
2021-01-01,38.62397003173828,39.11288060214456,36.85167008825658,36.973895982376035,201696168,36.653053283691406,34.95713424682617,35.0640869140625,112170381.0,36.08419794198629,35.18796031277569,67.45904166340506,0.05377223918542762,2.261210513887974,1.6500740493622459,0.4889105704062757,0.1222258941194525,70791333.3,0.7981232318360405,35.23214947884388,34.65156604087353,1,0,1.4972915349938276,0.8962376292106029,37.64615211470204,32.49730320188194,3.5140419006347656,1.4700071514072393,1.4972915349938276,1,0,0
2021-01-04,40.12125778198242,40.27404363162454,38.77675209663071,39.41844846877092,105614565,38.62397003173828,36.653053283691406,34.95713424682617,201696168.0,36.89160990998552,35.63644190088539,68.39815750553491,0.03876576511978924,1.4972915349938276,0.7028093132115032,0.1527858496421146,0.6416963721402098,71576757.6,-0.4763680140913733,36.897508594040616,35.26271261327882,1,0,1.2986676809771893,1.2551680091001316,39.11288060214456,32.49730320188194,5.1030120849609375,1.4885597705357516,1.2986676809771893,0,0,0
2021-01-05,40.182376861572266,40.71712217156497,39.41845449058778,39.72402273958869,64361523,40.12125778198242,38.62397003173828,36.653053283691406,105614565.0,37.54976330030287,36.04970871549328,69.17506090171392,0.0015233590113741258,1.2986676809771893,0.45835412198357517,0.5347453099927009,0.3055682490009133,69315002.7,-0.390599932878576,39.11288060214456,36.85167008825658,1,0,1.7570214606565102,1.5000545848095896,40.27404363162454,32.49730320188194,5.118289947509766,1.5354862877467947,1.7570214606565102,0,0,0
2021-01-06,40.68655776977539,41.37408881880544,39.61706735814893,40.33515487642959,74098809,40.182376861572266,40.12125778198242,38.62397003173828,64361523.0,38.17712219419737,36.471240447700744,70.87372555429428,0.012547314210406668,1.7570214606565102,0.3514028933457993,0.6875310490300492,0.7180875182806616,69336618.3,0.1512904845337486,40.27404363162454,38.77675209663071,0,0,1.130607014693119,1.7058817464966296,40.71712217156497,32.49730320188194,5.729423522949219,1.5878693006722544,1.130607014693119,0,0,1
2021-01-07,40.258766174316406,41.251869056998096,40.12126204230498,41.068526717351915,46011027,40.68655776977539,40.182376861572266,40.12125778198242,74098809.0,38.593450990221186,36.815560968302165,66.2411169687942,-0.010514322638932483,1.130607014693119,-0.8097605430355088,0.18334233964618107,0.1375041320114292,70032923.7,-0.37905848122336216,40.71712217156497,39.41845449058778,0,0,0.6722529392414245,1.7778900219190206,41.37408881880544,34.37656216312663,3.605712890625,1.558403638851561,0.6722529392414245,0,0,0
2021-01-08,40.365718841552734,40.8699076717427,40.19765473250128,40.65600885030387,19906347,40.258766174316406,40.68655776977539,40.182376861572266,46011027.0,38.9479045604875,37.13830259314312,65.65654746035062,0.002656630527950954,0.6722529392414245,-0.29029000875113553,0.213898821438832,0.16806410905145697,69197941.2,-0.5673570381291424,41.37408881880544,39.61706735814893,0,0,1.8334163582670868,1.8096019673443777,41.37408881880544,34.65156604087353,1.7417488098144531,1.5158420844179028,1.8334163582670868,0,0,0
2021-01-11,41.129638671875,41.41993215970769,39.586515801440605,40.57961516318055,42426342,40.365718841552734,40.258766174316406,40.68655776977539,19906347.0,39.384251382765,37.50115132757329,90.66416899534623,0.018924965347969502,1.8334163582670868,0.5500235086944514,0.2902934878326917,0.9930993617399437,70606387.2,1.1312972189221862,41.251869056998096,40.12126204230498,0,0,0.7792005747562598,1.8831000551917114,41.37408881880544,34.65156604087353,1.0083808898925781,1.3401395856574894,0.7792005747562598,0,0,1
2021-01-12,41.08380508422851,41.54215918631203,40.76295861155577,41.23659095057778,32608233,41.129638671875,40.365718841552734,40.258766174316406,42426342.0,39.7241621230577,37.82684712363285,90.07212699831979,-0.001114368837814128,0.7792005747562598,-0.15278586634926938,0.30556823573424907,0.32084647267274136,71789002.5,-0.2314154022517425,40.8699076717427,40.19765473250128,0,0,1.604239474594543,1.8973149994248502,41.41993215970769,34.65156604087353,0.9014282226562429,1.2266423801355661,1.604239474594543,0,0,1
2021-01-13,40.96158218383789,42.0769110467227,40.47267157212816,41.11436456439434,38455479,41.08380508422851,41.129638671875,40.365718841552734,32608233.0,39.97164613521374,38.111823038196945,87.34935983727829,-0.0029749654429535033,1.604239474594543,-0.15278238055645232,0.9625464823283565,0.48891061170973416,73734887.4,0.17931808816503492,41.41993215970769,39.586515801440605,0,0,1.970924086232003,1.8598230970167933,41.54215918631203,34.65156604087353,0.2750244140625,1.2659297731931447,1.970924086232003,0,0,1
2021-01-14,42.519981384277344,43.08528665580184,41.114362569569835,41.17547551882728,94302666,40.96158218383789,41.08380508422851,41.129638671875,38455479.0,40.48131318502646,38.51256470602244,91.17144735631756,0.03804538588000028,1.970924086232003,1.344505865450067,0.565305271524494,0.06111294925744204,71948115.9,1.452255659070064,41.54215918631203,40.76295861155577,0,0,2.1695445904714035,1.9687484790040202,42.0769110467227,35.26271261327882,2.2612152099609375,1.322678501953648,2.1695445904714035,0,0,1
2021-01-15,40.77823638916016,42.626931013608655,40.45738642313725,42.38247572838199,44817729,42.519981384277344,40.96158218383789,41.08380508422851,94302666.0,40.5406978258532,38.71853485903496,77.0445405186215,-0.04096297642691882,2.1695445904714035,-1.6042393392218273,0.24445528522666393,0.32084996602291227,56260272.0,-0.5247458963673413,42.0769110467227,40.47267157212816,0,0,2.123706344259091,1.8221629668182402,43.08528665580184,36.85167008825658,0.412517547607429,1.4198061973903922,2.123706344259091,0,0,1
2021-01-18,40.80879211425781,41.328259148716896,39.204552804457805,40.900461533175005,53634528,40.77823638916016,42.519981384277344,40.96158218383789,44817729.0,40.594316683534124,38.9085582458734,77.01154332099533,0.0007493145315566885,2.123706344259091,-0.09166941891719205,0.4277976155418912,1.6042393098000076,51062268.3,0.1967256975470577,43.08528665580184,41.114362569569835,0,0,1.2528327117480416,1.6857584376607235,43.08528665580184,38.77675209663071,-0.3208465576171875,1.5223901422687551,1.2528327117480416,0,0,1
2021-01-19,41.87828063964844,42.22968352953139,40.97685081778335,41.114354928056095,64391526,40.80879211425781,40.77823638916016,42.519981384277344,53634528.0,40.85110947475699,39.17853300894386,79.84196237453165,0.026207306562670007,1.2528327117480416,0.7639257115923428,0.3514028898829551,0.13750411027274367,51065268.6,0.2005610639474631,42.626931013608655,40.45738642313725,0,0,1.237554565360199,1.6725764658131297,43.08528665580184,39.204552804457805,0.794475555419929,1.5704079475385906,1.237554565360199,0,0,1
2021-01-20,41.40464782714844,42.45886356576192,41.22130900040172,41.96995303384273,39771243,41.87828063964844,40.80879211425781,40.77823638916016,64391526.0,40.96181714523528,39.38090708332609,72.90135591400463,-0.011309748281585041,1.237554565360199,-0.5653052066942905,0.48891053191918843,0.18333882674671997,47632512.0,-0.3823528425153334,41.328259148716896,39.204552804457805,0,0,1.680633724986997,1.5809100619091865,43.08528665580184,39.204552804457805,0.4430656433105469,1.5420335607241908,1.680633724986997,0,0,1
2021-01-21,40.915733337402344,42.10745657776304,40.42682285277604,41.71021549764281,31082454,41.40464782714844,41.87828063964844,40.80879211425781,39771243.0,40.952600383668695,39.52043674278757,62.886594399990415,-0.011808203073895518,1.680633724986997,-0.794482160240463,0.3972410801202315,0.4889104846263024,46139654.7,-0.21846913358981512,42.22968352953139,40.97685081778335,0,0,1.4056188957644267,1.4321636408811287,43.08528665580184,39.204552804457805,-1.604248046875,1.5005637900884068,1.4056188957644267,0,0,0
2021-01-22,40.44211196899414,41.40465496316276,39.999036067398336,40.79351844141753,30823161,40.915733337402344,41.40464782714844,41.87828063964844,31082454.0,40.850502700733784,39.60422539971544,52.03888399765738,-0.011575531703234776,1.4056188957644267,-0.35140647242339185,0.6111365217452303,0.44307590159580457,47231336.1,-0.008342101946004599,42.45886356576192,41.22130900040172,0,0,1.7875783617927752,1.2462773010183454,43.08528665580184,39.204552804457805,-0.33612442016602273,1.494015744429164,1.7875783617927752,0,0,0
2021-01-25,39.93792343139648,41.17547821986296,39.387899858070185,40.86990995656664,22702206,40.44211196899414,40.915733337402344,41.40464782714844,30823161.0,40.66798684686633,39.63456158441372,48.5294171643421,-0.01246691908632791,1.7875783617927752,-0.93198652517016,0.3055682632963226,0.5500235733262926,45258922.5,-0.2634692463891033,42.10745657776304,40.42682285277604,0,0,1.1000505721754479,1.0334252624526101,43.08528665580184,39.204552804457805,-0.8708686828613352,1.5289379359159914,1.1000505721754479,0,0,0
2021-01-27,40.5490608215332,41.06852788449003,39.96847731231458,40.029590261612,55897923,39.93792343139648,40.44211196899414,40.915733337402344,22702206.0,40.644201641799704,39.71769787869731,49.183354978217665,0.015302182427849864,1.1000505721754479,0.5194705599212028,0.5194670629568279,0.061112949297417174,47587891.5,1.4622242878070968,41.40465496316276,39.999036067398336,0,0,1.4820134682982982,0.9265037631023958,43.08528665580184,39.204552804457805,-1.3292198181152344,1.4820114438816299,1.4820134682982982,0,0,0
2021-01-28,40.09070587158203,41.16019994679914,39.67818647850084,40.02958942659513,49918659,40.5490608215332,39.93792343139648,40.44211196899414,55897923.0,40.533502487756174,39.751607696232284,49.00543875285234,-0.011303713098769652,1.4820134682982982,0.06111644498690083,1.0694940752171078,0.3514029480942895,48734209.5,-0.10696755226486676,41.17547821986296,39.387899858070185,0,0,2.82651556301807,0.7818947915238894,43.08528665580184,39.204552804457805,-1.3139419555664062,1.5071119048534283,2.82651556301807,0,0,0
2021-01-29,39.739295959472656,41.63382515859984,38.80730959558177,39.96847299152721,77617473,40.09070587158203,40.5490608215332,39.93792343139648,49918659.0,40.37466118209947,39.750488447435956,46.397145325720984,-0.008765371037242509,2.82651556301807,-0.22917703205455098,1.6653521670726334,0.9319863638908856,47065690.2,0.5548789682030522,41.06852788449003,39.96847731231458,0,0,2.8112408968018627,0.6241727346635173,43.08528665580184,39.204552804457805,-1.1764373779296875,1.6609878065517603,2.8112408968018627,1,0,0
2021-02-01,40.8546257019043,41.19075388929938,38.37951299249752,39.724018748149696,47400000,39.739295959472656,40.09070587158203,40.5490608215332,77617473.0,40.47065408606044,39.85086456147853,48.47972353165203,0.02806616764346015,2.8112408968018627,1.1306069537546009,0.336128187395083,1.344505755652179,47323917.3,-0.38931276466576026,41.16019994679914,39.67818647850084,0,0,1.650074188686446,0.6197895245819112,42.626931013608655,38.80730959558177,0.41251373291015625,1.7308324164471014,1.650074188686446,0,0,0
2021-02-02,40.79351806640625,41.80189576589115,40.15182157720471,41.17547751474456,32215686,40.8546257019043,39.739295959472656,40.09070587158203,47400000.0,40.53522688212961,39.93656033465378,48.39799364477344,-0.0014957335784672177,1.650074188686446,-0.3819594483383071,0.6264182511465961,0.6416964892015429,45182033.1,-0.3203441772151898,41.63382515859984,38.80730959558177,0,0,2.1542629529985575,0.5986665474758297,42.45886356576192,38.37951299249752,0.8555946350097727,1.7930376745849717,2.1542629529985575,0,0,0
2021-02-03,42.50470352172851,43.14639998548268,40.99213703248412,41.00741526993319,63440358,40.79351806640625,40.8546257019043,39.739295959472656,32215686.0,40.929122210049385,40.17002789711511,57.2453333046758,0.041947484218857634,2.1542629529985575,1.497288251795318,0.6416964637541724,0.015278237449066978,45086916.3,0.9692381531158456,41.19075388929938,38.37951299249752,0,0,1.4514533612190945,0.7590943129342733,42.45886356576192,38.37951299249752,1.9556427001953054,1.8323250658995442,1.4514533612190945,0,0,0
2021-02-04,43.07000350952149,43.329737011226506,41.87828365000741,42.703318861841474,55032168,42.50470352172851,40.79351806640625,40.8546257019043,63440358.0,41.35729846994381,40.43366204369751,52.848093139569144,0.013299704290467451,1.4514533612190945,0.3666846476800174,0.2597335017050142,0.8250352118340629,46613008.8,-0.13253692546943063,41.80189576589115,40.15182157720471,1,0,1.3750623527501702,0.923636426246297,43.14639998548268,38.37951299249752,2.9792976379394602,1.795220014112908,1.3750623527501702,0,0,0
2021-02-05,42.8408317565918,43.75753999175858,42.38247763900841,43.390855298906104,29863140,43.07000350952149,42.50470352172851,40.79351806640625,55032168.0,41.65400512727341,40.65249565396063,62.664217659924326,-0.005320913263427762,1.3750623527501702,-0.5500235423143067,0.3666846928524734,0.45835411758339006,46491077.4,-0.45735119866620555,43.14639998548268,40.99213703248412,0,0,1.0802780686684983,1.0015094733127796,43.329737011226506,38.37951299249752,3.1015357971191406,1.7384712828471056,1.0802780686684983,0,0,0
2021-02-08,43.44270324707031,44.13716923360149,43.05689116493299,43.58159785727121,31927191,42.8408317565918,43.07000350952149,42.50470352172851,29863140.0,42.01174475123279,40.90615088969787,65.11186206232404,0.01404901505876821,1.0802780686684983,-0.1388946102009001,0.5555713763302776,0.38581208213732054,46601480.4,0.06911701180786745,43.329737011226506,41.87828365000741,0,0,1.4197965993089312,1.1055938615349206,43.75753999175858,38.37951299249752,2.5880775451660156,1.6639406917334918,1.4197965993089312,0,0,0
2021-02-09,42.5784797668457,43.82851707886607,42.40872047955714,43.658761323814026,48306774,43.44270324707031,42.8408317565918,43.07000350952149,31927191.0,42.125091754355374,41.0581807876204,54.11424480466004,-0.01989340937900519,1.4197965993089312,-1.0802815569683233,0.16975575505204432,0.1697592872885636,49161937.2,0.5130292545936785,43.75753999175858,42.38247763900841,0,0,1.2346085368927575,1.066910966734973,44.13716923360149,38.37951299249752,1.7849617004394531,1.6758666837021268,1.2346085368927575,0,0,0
2021-02-10,43.1649169921875,43.93654821080463,42.70193967391187,42.871698965876035,33662136,42.5784797668457,43.44270324707031,42.8408317565918,48306774.0,42.3330568019218,41.24970226076287,60.20770951460706,0.013773089799190785,1.2346085368927575,0.29321802631146454,0.7716312186171308,0.16975929196416217,46938358.5,-0.3031590973141779,44.13716923360149,43.05689116493299,0,0,1.8210450354212142,1.0833545411589327,44.13716923360149,38.37951299249752,0.6602134704589915,1.6756562530973096,1.8210450354212142,0,0,0
2021-02-11,41.79142761230469,43.36555158633298,41.54450655091176,42.99517176036234,35392794,43.1649169921875,42.5784797668457,43.44270324707031,33662136.0,42.224730963998375,41.29895001999394,54.60560686762234,-0.03181957653553236,1.8210450354212142,-1.2037441480576518,0.37037982597063746,0.2469210613929249,45485772.0,0.0514126019810508,43.82851707886607,42.40872047955714,0,0,0.8796540253039566,0.9257809440044369,44.13716923360149,38.37951299249752,-1.278575897216804,1.6856856324140392,0.8796540253039566,0,0,0
2021-02-12,42.053768157958984,42.28525680298348,41.405602777679526,41.93030943113867,24806265,41.79142761230469,43.1649169921875,42.5784797668457,35392794.0,42.1905384027905,41.367569850718034,58.66896861914037,0.006277376979987537,0.8796540253039566,0.12345872682031711,0.2314886450244984,0.5247066534591411,40204651.2,-0.2991153792492336,43.93654821080463,42.70193967391187,0,1,0.9722514690444797,0.8229685520724672,44.13716923360149,38.37951299249752,-0.7870635986328125,1.6481167130954344,0.9722514690444797,0,0,0
2021-02-15,42.00746536254883,42.578472492331656,41.606221023287176,42.39328089531463,23422254,42.053768157958984,41.79142761230469,43.1649169921875,24806265.0,42.15392379474217,41.42574216997538,61.708650949178605,-0.0011010379673049853,0.9722514690444797,-0.38581553276580394,0.18519159701702392,0.4012443392616518,37806876.6,-0.05579280072997683,43.36555158633298,41.54450655091176,0,0,1.8210440438341422,0.7281816247667905,44.13716923360149,38.37951299249752,-1.4352378845214844,1.5898790778991274,1.8210440438341422,0,0,0
2021-02-16,41.09693908691406,42.73279508471943,40.911751040885285,42.00746110883113,48715293,42.00746536254883,42.053768157958984,41.79142761230469,23422254.0,41.94252685317655,41.39585098060617,52.998113328070076,-0.021675344317406364,1.8210440438341422,-0.9105220219170675,0.7253339758882973,0.18518804602877736,39456837.3,1.07987211649229,42.28525680298348,41.405602777679526,0,0,2.361183483132045,0.5466758725703826,44.13716923360149,40.15182157720471,-1.4815406799316406,1.6413786115890343,2.361183483132045,0,0,0
2021-02-17,42.93342590332031,43.1340498675174,40.77286638438535,40.77286638438535,46231716,41.09693908691406,42.00746536254883,42.053768157958984,48715293.0,42.14070666320531,41.535630519034726,63.51721681035169,0.04468670556029353,2.361183483132045,2.16055951893496,0.20062396419708506,0.0,37735973.1,-0.05098146489645461,42.578472492331656,41.606221023287176,0,0,1.8673413482688304,0.6050761441705816,44.13716923360149,40.911751040885285,-0.2314910888671875,1.7041764697914448,1.8673413482688304,0,0,0
2021-02-18,43.68962097167969,44.41495152911411,42.54761018084528,43.01058743301501,43649379,42.93342590332031,41.09693908691406,42.00746536254883,46231716.0,42.450489524900185,41.73144783291154,68.08762231870001,0.017613201193452666,1.8673413482688304,0.679033538664676,0.7253305574344253,0.46297725216972907,36597694.2,-0.05585639520713448,42.73279508471943,40.911751040885285,0,0,2.9939209600969505,0.7190416919886431,44.13716923360149,40.77286638438535,1.898193359375,1.6356640258807846,2.9939209600969505,0,0,0
2021-02-19,41.79142761230469,44.04458538822288,41.05066442812593,43.33468689518855,51636933,43.68962097167969,42.93342590332031,41.09693908691406,43649379.0,42.318677142381084,41.7369005401291,54.00245841763567,-0.0434472379745624,2.9939209600969505,-1.5432592828838594,0.7098984930343306,0.7407631841787605,38775073.5,0.18299353124817652,43.1340498675174,40.77286638438535,0,0,2.2531571837287316,0.5817766022519848,44.41495152911411,40.77286638438535,-0.2623405456542969,1.6487126018304339,2.2531571837287316,0,0,0
2021-02-22,40.2172966003418,42.14636754775751,39.893210364028775,41.822281311444485,28665003,41.79142761230469,43.68962097167969,42.93342590332031,51636933.0,41.89840103397323,41.59875472742116,47.81996139654786,-0.037666361306580964,2.2531571837287316,-1.6049847111026878,0.3240862363130219,0.3240862363130219,38448854.7,-0.44487402069367676,44.41495152911411,42.54761018084528,0,1,1.651288754948851,0.29964630655207003,44.41495152911411,40.77286638438535,-1.7901687622070312,1.6917899586191685,1.651288754948851,0,0,0
2021-02-23,41.42103576660156,41.85314838170627,40.20185962675742,40.51051351311018,32119296,40.2172966003418,41.79142761230469,43.68962097167969,28665003.0,41.8029279804989,41.58259845825574,45.736414329809456,0.02993088218290474,1.651288754948851,0.9105222534913793,0.4321126151047068,0.30865388635276503,36830106.9,0.120505586550959,44.04458538822288,41.05066442812593,0,0,1.1574433387371386,0.22032952224316205,44.41495152911411,39.893210364028775,0.3240966796875,1.6558632301870466,1.1574433387371386,0,0,0
2021-02-24,42.08464050292969,42.88713290274362,41.729689564006485,41.86858417754963,22656720,41.42103576660156,40.2172966003418,41.79142761230469,32119296.0,41.85927048498506,41.62823864413519,46.152943387695025,0.016020959496700904,1.1574433387371386,0.21605632538005892,0.8024923998139357,0.13889461354314392,35729565.3,-0.2946072043422122,42.14636754775751,39.893210364028775,0,0,1.8364732192349607,0.23103184084987305,44.41495152911411,39.893210364028775,-0.848785400390625,1.6348625142954785,1.8364732192349607,0,0,0
2021-02-25,43.73591995239258,44.13716433196589,42.30069111273093,42.31612345301312,59326020,42.08464050292969,41.42103576660156,40.2172966003418,22656720.0,42.23460037846657,41.819846035794946,53.14533512064342,0.03923710478999909,1.8364732192349607,1.4197964993794585,0.4012443795733134,0.015432340282188761,38122887.9,1.6184734595298877,41.85314838170627,40.20185962675742,1,0,1.9599393829258602,0.41475434267162115,44.41495152911411,39.893210364028775,0.046298980712890625,1.6678204333301063,1.9599393829258602,1,0,0
2021-02-26,42.316131591796875,43.93655235874133,41.97661297581547,43.01059763477307,38633409,43.73591995239258,42.08464050292969,41.42103576660156,59326020.0,42.25090662113263,41.86496290452239,46.256425545810124,-0.03246275286174771,1.9599393829258602,-0.6944660429761953,0.9259547239682604,0.33951861598140454,39505602.3,-0.3487948626926263,42.88713290274362,41.729689564006485,0,0,2.793295347378006,0.3859437166102353,44.41495152911411,39.893210364028775,0.5247039794921875,1.7306533843484893,2.793295347378006,0,0,0
2021-03-01,45.04767990112305,45.371762506129784,42.57846715875178,42.80995574296672,62059455,42.316131591796875,43.73591995239258,42.08464050292969,38633409.0,42.810261277130714,42.15430081330427,57.29925212904156,0.06455099288555233,2.793295347378006,2.2377241581563254,0.3240826050067369,0.23148858421494367,43369322.4,0.6063675612990818,44.13716433196589,42.30069111273093,0,0,2.1759951001475244,0.655960463826446,44.41495152911411,39.893210364028775,4.83038330078125,1.8287604377819946,2.1759951001475244,0,0,0
2021-03-02,46.76070022583008,47.39343671536991,45.217441615222384,45.66498650633154,106691166,45.04767990112305,42.316131591796875,43.73591995239258,62059455.0,43.600349066870585,42.57306439626116,59.96578313630055,0.038026826874702824,2.1759951001475244,1.0957137194985407,0.6327364895398304,0.4475448911091533,49166909.7,0.7191766508423254,43.93655235874133,41.97661297581547,1,0,1.0185485989836778,1.0272846706094256,45.371762506129784,39.893210364028775,5.339664459228516,1.8960023351573352,1.0185485989836778,1,0,0
2021-03-03,47.19281768798828,47.5323327102374,46.51378411125372,47.17738534753315,39659358,46.76070022583008,45.04767990112305,42.316131591796875,106691166.0,44.31884279109413,42.993041968236355,65.79420908819955,0.009241039164753717,1.0185485989836778,0.015432340455127758,0.3395150222491168,0.6636012362794332,48509673.9,-0.628278896117791,45.371762506129784,42.57846715875178,1,0,1.5123940891450331,1.3258008228577722,47.39343671536991,39.893210364028775,5.108177185058594,1.8386811611260825,1.5123940891450331,0,0,0
2021-03-04,47.16195297241211,47.82555420820377,46.313160119058736,46.7607050564011,30333900,47.19281768798828,46.76070022583008,45.04767990112305,39659358.0,44.887464827357725,43.372033877706876,65.14182485291032,-0.000654012985201069,1.5123940891450331,0.40124791601100895,0.6636012357916599,0.44754493734236434,47178126.0,-0.23513890466910736,47.39343671536991,45.217441615222384,0,0,2.546375002179836,1.515430949650849,47.5323327102374,39.893210364028775,3.4260330200195312,1.8838768799718737,2.546375002179836,0,0,0
2021-03-05,45.37177276611328,47.223681858607705,44.67730685642787,46.54464828921066,29141961,47.16195297241211,47.19281768798828,46.76070022583008,30333900.0,44.98432641510884,43.55382832210746,59.038163830291786,-0.03795814408589082,2.546375002179836,-1.1728755230973817,0.679033569397042,0.6944659096854124,44928628.8,-0.03929395824473614,47.5323327102374,46.51378411125372,0,0,2.0062360445299277,1.4304980930013826,47.82555420820377,39.893210364028775,3.0556411743164062,1.9963142751958276,2.0062360445299277,0,0,0
2021-03-08,44.769901275634766,46.51378400081413,44.5075479562842,45.68042348927066,34685358,45.37177276611328,47.16195297241211,47.19281768798828,29141961.0,44.94144138721403,43.66438040879176,60.03375970998079,-0.013265328943197763,2.0062360445299277,-0.9105222136358933,0.8333605115434679,0.2623533193505665,45530664.3,0.19022045222008233,47.82555420820377,46.313160119058736,0,0,2.515510236617601,1.27706097842227,47.82555420820377,39.893210364028775,-0.27777862548828125,2.0095422752455265,2.515510236617601,0,0,0
2021-03-09,43.21120834350586,45.495229951382406,42.979719714764805,45.07855324543744,37113744,44.769901275634766,45.37177276611328,47.16195297241211,34685358.0,44.5953947784724,43.62318294831122,50.77053799782232,-0.03481564371858903,2.515510236617601,-1.867344901931581,0.4166767059449654,0.23148862874105447,46030109.1,0.07001184765052737,47.223681858607705,44.67730685642787,0,0,1.1111461712170225,0.9722118301611786,47.82555420820377,40.20185962675742,-3.5494918823242188,2.0205656147802094,1.1111461712170225,0,0,0
2021-03-10,43.13404846191406,44.02913833505455,42.917992163837525,43.64332276015294,24247668,43.21120834350586,44.769901275634766,45.37177276611328,37113744.0,44.30312551516073,43.57871617682056,48.39857494722026,-0.0017856450802860024,1.1111461712170225,-0.5092742982388785,0.38581557490160634,0.2160562980765377,46189203.9,-0.346666076049886,46.51378400081413,44.5075479562842,0,1,1.3117702563729878,0.7244093383401662,47.82555420820377,41.729689564006485,-4.058769226074219,1.966551673562223,1.3117702563729878,0,0,0
2021-03-12,43.22665023803711,44.29149595926328,42.97972570289029,43.90568034686259,39599325,43.13404846191406,43.21120834350586,44.769901275634766,24247668.0,44.087830459736004,43.5467101823857,54.61765518087816,0.0021468371141839526,1.3117702563729878,-0.6790301088254793,0.38581561240069107,0.24692453514681745,44216534.4,0.6331189044653696,45.495229951382406,42.979719714764805,0,0,2.4537778991737227,0.5411202773503021,47.82555420820377,41.97661297581547,-3.935302734375,1.8463980518676542,2.4537778991737227,0,0,0
2021-03-15,42.316131591796875,43.62789842926061,41.17412053008689,43.62789842926061,30156603,43.22665023803711,43.13404846191406,43.21120834350586,39599325.0,43.73349068614818,43.43483940142308,57.05396504998957,-0.021063826163402966,2.4537778991737227,-1.3117668374637361,0.0,1.1420110617099866,43368853.8,-0.23845664035940006,44.02913833505455,42.917992163837525,0,0,0.9413903995240531,0.2986512847250964,47.82555420820377,41.97661297581547,-3.0556411743164062,1.8607281029708678,0.9413903995240531,0,0,0
2021-03-16,42.547611236572266,42.76366752842818,41.822277128904126,42.4395813245262,29273370,42.316131591796875,43.22665023803711,43.13404846191406,30156603.0,43.496314796233,43.35418229552755,54.05105182630319,0.005470245886565417,0.9413903995240531,0.10802991204606371,0.21605629185591368,0.6173041956220757,40090245.3,-0.029288212601399466,44.29149595926328,42.97972570289029,0,1,1.728450683110644,0.14213250070545058,47.82555420820377,41.17412053008689,-2.2222900390625,1.8100210775833823,1.728450683110644,0,0,0
2021-03-17,41.313011169433594,42.73281145866173,41.004360775551085,42.439589875624584,35855832,42.547611236572266,42.316131591796875,43.22665023803711,29273370.0,43.05965407087312,43.168621284064464,47.334746874871534,-0.029016906737115655,1.728450683110644,-1.1265787061909904,0.29322158303714474,0.3086503938825089,33006711.9,0.2248617771032171,43.62789842926061,41.17412053008689,0,0,2.2994508694372726,-0.10896721319134173,47.82555420820377,41.17412053008689,-1.8981971740722656,1.850807316467204,2.2994508694372726,0,0,0
2021-03-18,40.06297302246094,41.8222848289299,39.52283395949263,41.467337411968025,45353232,41.313011169433594,42.547611236572266,42.316131591796875,35855832.0,42.46031786119069,42.886289623918685,36.95175090885289,-0.03025773507154872,2.2994508694372726,-1.4043643895070872,0.3549474169618776,0.5401390629683078,33576099.3,0.26487741241090146,42.76366752842818,41.822277128904126,0,0,1.5586910798806741,-0.42597176272799686,47.82555420820377,41.004360775551085,-3.071075439453125,1.883877148624512,1.5586910798806741,0,0,0
2021-03-19,39.49196243286133,40.14012778324998,38.581436703369306,39.63085349412908,56393928,40.06297302246094,41.313011169433594,42.547611236572266,45353232.0,41.86664677552482,42.57771442473165,39.32318038533746,-0.014252826151456066,1.5586910798806741,-0.1388910612677492,0.5092742891209028,0.9105257294920222,36182102.1,0.24343790978336455,42.73281145866173,41.004360775551085,0,1,1.4197964863766828,-0.7110676492068322,47.82555420820377,39.52283395949263,-3.7346878051757812,1.8552165555498559,1.4197964863766828,1,0,0
2021-03-22,39.49196243286133,40.726567305311434,39.30677081893475,39.72345106721049,38945382,39.49196243286133,40.06297302246094,41.313011169433594,56393928.0,41.391709906992126,42.297191516379804,23.52946949814249,0.0,1.4197964863766828,-0.23148863434916223,1.0031162381009437,0.1851916139265768,37162444.2,-0.30940469335634857,41.8222848289299,39.52283395949263,0,0,1.1234386567776582,-0.9054816093876781,47.223681858607705,38.581436703369306,-2.824169158935547,1.7571094940497614,1.1234386567776582,0,1,0
2021-03-23,39.507568359375,40.49057584481306,39.3671371880354,39.91325166409809,38253711,39.49196243286133,39.49196243286133,40.06297302246094,38945382.0,41.0148815974687,42.04358941119755,8.773757997027772,0.00039516715686649384,1.1234386567776582,-0.405683304723091,0.5773241807149674,0.14043117133959981,37519279.5,-0.017760026079600366,40.14012778324998,38.581436703369306,0,0,1.5915380207879295,-1.0287078137288503,46.51378400081413,38.581436703369306,-3.0400428771972656,1.6819268909519138,1.5915380207879295,0,1,0
2021-03-24,38.21249771118164,39.5387799903905,37.94724196960257,39.47636414372037,32029023,39.507568359375,39.49196243286133,39.49196243286133,38253711.0,40.454404820211295,41.69530834755974,3.5165433169406697,-0.03278031784727753,1.5915380207879295,-1.2638664325387268,0.062415846670134556,0.26525574157906817,37010807.4,-0.1627211540339184,40.726567305311434,39.30677081893475,0,0,2.340495511420869,-1.2409035273484434,45.495229951382406,38.581436703369306,-3.100513458251953,1.7228547067950746,2.340495511420869,0,1,0
2021-03-25,37.2138786315918,38.493347844555935,36.152852333135066,38.27490135873581,60718449,38.21249771118164,39.507568359375,39.49196243286133,32029023.0,39.8062995824874,41.28790564610811,3.1963206435786873,-0.026133310812018196,2.340495511420869,-1.0610227271440138,0.21844648582012383,1.0610262984567314,40657885.5,0.895732161421221,40.49057584481306,39.3671371880354,0,1,1.3418814083169082,-1.4816060636207098,44.29149595926328,37.94724196960257,-2.8490943908691406,1.782004808386206,1.3418814083169082,0,1,0
2021-03-26,38.19688415527344,38.77420468644393,37.43232327812702,37.4479263426823,36092943,37.2138786315918,38.21249771118164,39.507568359375,60718449.0,39.484416497044606,41.006903692395866,13.469001206529384,0.026415024711966995,1.3418814083169082,0.7489578125911365,0.5773205311704928,0.015603064555278934,40307247.3,-0.4055687588462611,39.5387799903905,37.94724196960257,0,0,1.2638662495759618,-1.5224871953512604,44.29149595926328,36.152852333135066,-1.2950782775878906,1.695969551681711,1.2638662495759618,0,1,0
2021-03-30,39.25791549682617,39.61678959948795,38.35292334991199,38.696194385993394,42697440,38.19688415527344,37.2138786315918,38.21249771118164,36092943.0,39.43911629700092,40.84790476552589,23.18925502432188,0.02777795532325511,1.2638662495759618,0.561721110832778,0.35887410266177966,0.3432710360814042,41561331.0,0.18298582634283944,38.493347844555935,36.152852333135066,0,0,0.7801640002827739,-1.4087884685249676,43.62789842926061,36.152852333135066,-0.23404693603515625,1.6429431377564276,0.7801640002827739,0,1,0
2021-03-31,39.03946685791016,39.63239049815747,38.852226497874696,39.25791334939938,24134520,39.25791549682617,38.19688415527344,37.2138786315918,42697440.0,39.35918640918277,40.683501319379005,26.665998109548084,-0.005564448243149056,0.7801640002827739,-0.21844649148921746,0.37447714875808913,0.1872403600354673,41047446.0,-0.43475487054961603,38.77420468644393,37.43232327812702,1,0,0.8425762683004123,-1.324314910196236,42.76366752842818,36.152852333135066,-0.46810150146483664,1.5189898351610829,0.8425762683004123,0,1,0
2021-04-01,39.351531982421875,39.63239073852201,38.7898144702216,39.32032585077884,30019032,39.03946685791016,39.25791549682617,38.19688415527344,24134520.0,39.357655523830594,40.562413197837444,29.38479808593496,0.007993580589804594,0.8425762683004123,0.031206131643031654,0.28085875610013744,0.5305113805572432,40463766.0,0.24382138115860608,39.61678959948795,38.35292334991199,0,0,2.184464712204914,-1.2047576740068493,42.73281145866173,36.152852333135066,1.1390342712402344,1.4998062706670392,2.184464712204914,0,1,0
2021-04-05,41.00547790527344,41.192718247935645,39.00825353573073,39.585577627996486,61276776,39.351531982421875,39.03946685791016,39.25791549682617,30019032.0,39.68722000011916,40.60269180760435,39.65495369783076,0.04203002626658536,2.184464712204914,1.4199002772769518,0.18724034266220713,0.577324092265755,42056120.4,1.0412642219775776,39.63239049815747,38.852226497874696,0,0,1.9192057002664384,-0.91547180748519,41.8222848289299,36.152852333135066,3.7915992736816406,1.5621415889407484,1.9192057002664384,0,0,0
2021-04-06,40.86505508422851,42.1133182284439,40.19411252817746,41.286341440123586,61173012,41.00547790527344,39.351531982421875,39.03946685791016,61276776.0,39.92278701694104,40.62654301457018,42.71938538215514,-0.0034244893174838476,1.9192057002664384,-0.42128635589507724,0.8269767883203158,0.6709425560510454,42534028.8,-0.001693365852015405,39.63239073852201,38.7898144702216,1,0,1.0766293418766395,-0.7037559976291448,41.192718247935645,36.152852333135066,2.668170928955071,1.523957860447371,1.0766293418766395,0,0,0
2021-04-07,40.974273681640625,41.95728106217736,40.88065172030072,41.17711709801232,38346498,40.86505508422851,41.00547790527344,39.351531982421875,61173012.0,40.13308434988095,40.658154893394766,42.00790216660434,0.0026726648768000683,1.0766293418766395,-0.20284341637169234,0.7801639641650411,0.09362196133990608,42474140.4,-0.3731468053265058,41.192718247935645,39.00825353573073,0,0,1.295075837764351,-0.525070543513813,42.1133182284439,36.152852333135066,1.7163581848144531,1.533617784901127,1.295075837764351,0,0,0
2021-04-08,40.584190368652344,41.707628918130865,40.412553080366514,41.301942080841705,25322349,40.974273681640625,40.86505508422851,41.00547790527344,38346498.0,40.223305553635235,40.65143084569091,45.95035016024282,-0.009520200797679235,1.295075837764351,-0.7177517121893615,0.40568683728916,0.17163728828582947,41181004.2,-0.3396437661660786,42.1133182284439,40.19411252817746,0,0,0.7957670193468545,-0.4281252920556753,42.1133182284439,36.152852333135066,1.5447235107421804,1.5026624388049632,0.7957670193468545,0,0,0
2021-04-09,40.53738021850586,41.052288499925154,40.2565214805783,40.88065121568118,15591087,40.584190368652344,40.974273681640625,40.86505508422851,25322349.0,40.28612048660936,40.641062606855904,53.0428906078343,-0.00115340850023804,0.7957670193468545,-0.34327099717532406,0.17163728424397107,0.28085873792755933,39537210.6,-0.38429539060535023,41.95728106217736,40.88065172030072,0,0,2.496529721871056,-0.35494212024654104,42.1133182284439,36.152852333135066,1.1858482360839844,1.3952564495127906,2.496529721871056,0,0,0
2021-04-12,38.04085159301758,40.10048834571275,37.60395862384169,39.91324799159269,35499102,40.53738021850586,40.584190368652344,40.974273681640625,15591087.0,39.83706670789101,40.40467978741606,42.536095161254885,-0.06158584032888692,2.496529721871056,-1.8723963985751126,0.1872403541200569,0.4368929691758865,37015275.9,1.2768843506549605,41.707628918130865,40.412553080366514,0,1,1.4199006162254761,-0.5676130795250458,42.1133182284439,36.152852333135066,-2.9646263122558594,1.462244923940675,1.4199006162254761,0,0,0
2021-04-13,39.19550323486328,39.38274362222217,37.962843005996696,38.103274189344205,19430589,38.04085159301758,40.53738021850586,40.584190368652344,35499102.0,39.70875401328547,40.294754646274896,48.63703279153713,0.03035293884056056,1.4199006162254761,1.0922290455190762,0.18724038735889081,0.14043118334750915,35349040.5,-0.45264561903565903,41.052288499925154,40.2565214805783,0,1,1.653950005731005,-0.5860006329894247,42.1133182284439,37.43232327812702,-1.6695518493652273,1.4622523617870173,1.653950005731005,0,0,0
2021-04-15,40.10049057006836,40.474971299080735,38.82102129334973,39.00825808654301,42679908,39.19550323486328,38.04085159301758,40.53738021850586,19430589.0,39.78710132464205,40.27709427571067,52.51988022418246,0.023089060236892722,1.653950005731005,1.0922324835253505,0.37448072901237595,0.18723679319327857,35347287.3,1.1965318704440713,40.10048834571275,37.60395862384169,0,0,1.2170570632052176,-0.48999295106861496,42.1133182284439,37.60395862384169,-0.8737831115722656,1.5001460295693991,1.2170570632052176,0,0,0
2021-04-16,39.9444580078125,40.412557152992434,39.19550008978722,40.02247691288453,21451458,40.10049057006836,39.19550323486328,38.04085159301758,42679908.0,39.81857266127614,40.24685461499265,58.149748896339375,-0.0038910387388707557,1.2170570632052176,-0.07801890507202813,0.3900802401079062,0.7489579180252832,35078981.1,-0.4973874357929732,39.38274362222217,37.962843005996696,0,0,1.3418849887623878,-0.4282819537165068,42.1133182284439,37.60395862384169,-0.6397323608398438,1.4733973897420627,1.3418849887623878,0,0,0
2021-04-19,38.50894927978515,39.460754080698074,38.118869091935686,38.7273957563584,30034584,39.9444580078125,40.10049057006836,39.19550323486328,21451458.0,39.55664798497795,40.08886322088288,55.85329949921222,-0.03593761937504791,1.3418849887623878,-0.21844647657324856,0.733358324339676,0.3900801878494633,35080536.3,0.4001185373973182,40.474971299080735,38.82102129334973,0,0,1.248263229762074,-0.5322152359049284,42.1133182284439,37.60395862384169,-2.0284309387207102,1.4020680666950283,1.248263229762074,0,0,0
2021-04-20,38.789817810058594,39.83523759536311,38.58697436560104,38.961451548873086,26634339,38.50894927978515,39.9444580078125,40.10049057006836,30034584.0,39.40328194999408,39.97076818353521,52.86148226968634,0.00729359111392025,1.248263229762074,-0.17163373881449218,0.8737860464900251,0.20284344445755664,31616292.6,-0.11321099037030113,40.412557152992434,39.19550008978722,0,0,1.2950757968789617,-0.5674862335411319,42.1133182284439,37.60395862384169,0.7489662170410156,1.3953810539411116,1.2950757968789617,0,0,0
2021-04-22,39.3359260559082,39.53876946814904,38.24369367127008,38.41533095413734,23128215,38.789817810058594,38.50894927978515,39.9444580078125,26634339.0,39.38981077117691,39.91305526284185,50.39616642631925,0.01407864941577519,1.2950757968789617,0.9205951017708642,0.20284341224083846,0.171637282867259,27811812.9,-0.13163923459861349,39.460754080698074,38.118869091935686,0,0,1.1390416683831006,-0.5232444916649399,42.1133182284439,37.60395862384169,0.14042282104492188,1.3976103073198973,1.1390416683831006,0,0,0
2021-04-23,39.6011848449707,40.25652432735298,39.11748265896988,39.273516889436,27613263,39.3359260559082,38.789817810058594,38.50894927978515,23128215.0,39.432085585935674,39.88470340667175,52.83911313070779,0.006743423014510697,1.1390416683831006,0.3276679555347002,0.6553394823822742,0.1560342304661262,26738489.4,0.19392106135298381,39.83523759536311,38.58697436560104,0,0,0.6241333467738599,-0.45261782073607293,41.95728106217736,37.60395862384169,-0.49930572509765625,1.4232444264699207,0.6241333467738599,0,0,0
2021-04-26,40.365745544433594,40.47497057649262,39.85083722971876,39.944455624644064,16704927,39.6011848449707,39.3359260559082,38.789817810058594,27613263.0,39.61881757763526,39.928434510104644,54.90195716913309,0.019306510713150704,0.6241333467738599,0.4212899197895297,0.10922503205902956,0.09361839492530066,25876747.2,-0.39503973145078874,39.53876946814904,38.24369367127008,1,0,0.5461144851221746,-0.3096169324693818,41.707628918130865,37.60395862384169,0.42128753662109375,1.4076413606465954,0.5461144851221746,0,0,0
2021-04-27,40.318939208984375,40.59979798500969,40.05368349988751,40.27213000819901,19097265,40.365745544433594,39.6011848449707,39.3359260559082,16704927.0,39.758841903905086,39.963934937275525,46.07146505635706,-0.0011595558268010508,0.5461144851221746,0.04680920078536843,0.28085877602531184,0.21844650831149437,26227365.0,0.14321152076869303,40.25652432735298,39.11748265896988,0,0,0.7333548597866013,-0.2050930333704386,41.052288499925154,37.60395862384169,1.8099899291992259,1.2906163444263998,0.7333548597866013,0,0,0
2021-04-28,40.194114685058594,40.74022917033704,40.00687431055044,40.69341996953827,19394331,40.318939208984375,40.365745544433594,39.6011848449707,19097265.0,39.84589646013579,39.984860368892164,46.153856246596895,-0.0030959277792200757,0.7333548597866013,-0.49930528447967504,0.04680920079876927,0.187240374508157,24616887.9,0.015555421155856619,40.47497057649262,39.85083722971876,0,0,0.6553395131450159,-0.13896390875637366,40.59979798500969,37.60395862384169,1.404296875,1.2059127129635543,0.6553395131450159,0,0,0
2021-04-29,40.52178192138672,40.95867493015005,40.30333541700504,40.568591121329995,16660074,40.194114685058594,40.318939208984375,40.365745544433594,19394331.0,39.98107355238598,40.03367141911894,47.46948266666667,0.008152119754236686,0.6553395131450159,-0.046809199943275814,0.39008380882005866,0.21844650438168145,24339836.4,-0.14098227982187161,40.59979798500969,40.05368349988751,0,0,2.6993732896644076,-0.05259786673295963,40.74022917033704,37.962843005996696,1.1858558654785156,1.1758205823398669,2.6993732896644076,0,0,0
2021-04-30,41.11470413208008,42.58141734391491,39.8820440542505,39.99126908820715,53187741,40.52178192138672,40.194114685058594,40.318939208984375,16660074.0,40.2077996683248,40.13194712029722,52.90103186460307,0.014632185026898448,2.6993732896644076,1.1234350438729308,1.4667132118348292,0.10922503395664762,25390619.7,2.192527296097244,40.74022917033704,40.00687431055044,0,0,1.2482630709517721,0.07585254802758357,40.95867493015005,38.118869091935686,1.513519287109375,1.2761275431898709,1.2482630709517721,1,0,0
2021-05-03,40.646602630615234,41.45797630521841,40.20971323426664,40.880652179625734,19524450,41.11470413208008,40.52178192138672,40.194114685058594,53187741.0,40.29556026078289,40.178733984871585,50.57095864099401,-0.011385257691775674,1.2482630709517721,-0.2340495490104999,0.5773241255926749,0.43688939634859736,25197918.9,-0.6329144717764945,40.95867493015005,40.30333541700504,0,0,2.090842973945911,0.11682627591130768,42.58141734391491,38.118869091935686,0.2808570861816406,1.3084486897330794,2.090842973945911,0,0,0
2021-05-04,41.44237518310547,42.831069477098936,40.740226503153025,41.00548219496001,52932507,40.646602630615234,41.11470413208008,40.52178192138672,19524450.0,40.52492324524741,40.2936104574383,71.62698961299893,0.019577836792953773,2.090842973945911,0.43689298814545907,1.388694293993467,0.26525569180698483,27487711.2,1.7110882508854282,42.58141734391491,39.8820440542505,0,0,1.8723965106686578,0.23131278780910947,42.58141734391491,38.118869091935686,1.1234359741210938,1.2794710648812833,1.8723965106686578,1,0,1
2021-05-05,43.018310546875,43.221150407059575,41.34875389639092,41.692028494713725,51816273,41.44237518310547,40.646602630615234,41.11470413208008,52932507.0,41.023600705572925,40.541310465568905,73.06966623633255,0.03802714870483537,1.8723965106686578,1.3262820521612753,0.20283986018457512,0.3432745983228074,30005904.6,-0.021087873279835412,41.45797630521841,40.20971323426664,0,0,1.7787779024299795,0.4822902400040192,42.831069477098936,38.24369367127008,2.8241958618164062,1.3117922001986533,1.7787779024299795,1,0,1
2021-05-06,44.43820571899414,44.65665219071909,42.877874288289114,43.595625960724675,61565505,43.018310546875,41.44237518310547,40.646602630615234,51816273.0,41.70652170825717,40.89557367042574,74.64537377716586,0.0330067627963202,1.7787779024299795,0.8425797582694656,0.21844647172495257,0.7177516724355613,33849633.6,0.18815000453621966,42.831069477098936,40.740226503153025,1,0,1.9036024320461493,0.8109480378314302,43.221150407059575,38.24369367127008,3.916423797607422,1.3207084785342944,1.9036024320461493,1,0,1
2021-05-07,43.03390884399414,44.750270931460946,42.8466684994148,44.5474275224427,32525013,44.43820571899414,43.018310546875,41.44237518310547,61565505.0,41.971999135404566,41.08996777711378,65.37265565772174,-0.03160111557789036,1.9036024320461493,-1.5135186784485626,0.20284340901824294,0.1872403445793438,34340808.6,-0.47170070317785906,43.221150407059575,41.34875389639092,0,0,2.262476745681049,0.8820313582907886,44.65665219071909,39.11748265896988,1.9192047119140625,1.3697474334515038,2.262476745681049,0,0,0
2021-05-10,45.17156600952149,45.53044010420605,43.267963358525,43.37718482215984,67119504,43.03390884399414,44.43820571899414,43.018310546875,32525013.0,42.61191251022795,41.46102216187811,80.98696874805952,0.04967378569482861,2.262476745681049,1.794381187361651,0.358874094684559,0.10922146363483876,39382266.3,1.0636272766439787,44.65665219071909,42.877874288289114,0,0,2.5901449858776573,1.15089034834984,44.750270931460946,39.85083722971876,4.524963378906257,1.4355039875171225,2.5901449858776573,1,0,1
2021-05-11,46.357421875,46.7318990761077,44.141754090230044,44.54743742715394,70482693,45.17156600952149,43.03390884399414,44.43820571899414,67119504.0,43.361014383182365,41.90614940852556,82.4632085098751,0.02625226376319456,2.5901449858776573,1.8099844478460625,0.3744772011077018,0.405683336923893,44520809.1,0.05010747695632545,44.750270931460946,42.8466684994148,0,0,3.058247073629005,1.4548649746568074,45.53044010420605,39.8820440542505,4.915046691894531,1.5313526843825211,3.058247073629005,1,0,1
2021-05-12,45.826900482177734,48.55747605819244,45.49922898456344,47.574468707974646,136024881,46.357421875,45.17156600952149,43.03390884399414,70482693.0,43.85419160298144,42.262581324312116,77.88201126311539,-0.01144415222772277,3.058247073629005,-1.7475682257969112,0.9830073502177967,0.3276714976142969,56183864.1,0.9299047072449402,45.53044010420605,43.267963358525,0,0,1.9192058608970584,1.5916102786693216,46.7318990761077,39.8820440542505,2.8085899353027344,1.6572934898646672,1.9192058608970584,1,0,1
2021-05-14,44.734676361083984,46.40422957224294,44.48502371134588,46.12337078770173,47657991,45.826900482177734,46.357421875,45.17156600952149,136024881.0,44.030288554601945,42.48731723674592,70.58825149319495,-0.023833689592830276,1.9192058608970584,-1.3886944266177466,0.28085878454120916,0.24965264973810264,59283655.8,-0.6496376938569055,46.7318990761077,44.141754090230044,0,0,1.622744053771676,1.542971317856022,48.55747605819244,39.8820440542505,0.29647064208984375,1.7130195036156641,1.622744053771676,0,0,1
2021-05-17,46.23259353637695,46.529058967820795,44.90631491404912,45.09355172803895,51486270,44.734676361083984,45.826900482177734,46.357421875,47657991.0,44.470749550956945,42.827796900348744,72.22223988232591,0.03348447551519684,1.622744053771676,1.1390418083379998,0.29646543144384196,0.18723681398983416,59113508.7,0.08032816574244594,48.55747605819244,45.49922898456344,0,0,1.7787742039772212,1.6429526506082013,48.55747605819244,39.8820440542505,3.1986846923828125,1.784348839829794,1.7787742039772212,0,0,1
2021-05-18,48.24540710449219,48.370231610091594,46.59145740611437,46.965934494224825,97548693,46.23259353637695,44.734676361083984,45.826900482177734,51486270.0,45.225681061664,43.320306918907235,76.13166416066072,0.0435366786535889,1.7787742039772212,1.2794726102673621,0.12482450559940617,0.3744770881104529,66915933.0,0.8946544972086734,46.40422957224294,44.48502371134588,1,0,1.5135190734643729,1.905374142756763,48.55747605819244,40.20971323426664,3.073841094970696,1.8723959626051543,1.5135190734643729,0,0,1
2021-05-19,48.41706085205078,49.27524033410558,47.76172126064121,48.15180511604741,83953914,48.24540710449219,46.23259353637695,44.734676361083984,97548693.0,45.863957019741356,43.78364818555665,77.02563503339219,0.003557929300644469,1.5135190734643729,0.26525573600336827,0.8581794820548012,0.3900838554062034,70018073.7,-0.13936403022847266,46.529058967820795,44.90631491404912,1,0,1.7787779441683682,2.080308834184706,48.55747605819244,40.740226503153025,2.0596389770507812,1.9281219778678522,1.7787779441683682,0,0,1
2021-05-20,48.93195724487305,49.52488441670003,47.746106472531665,48.66670157397843,67499931,48.41706085205078,48.24540710449219,46.23259353637695,83953914.0,46.477557064767694,44.25167628185814,77.30494293112028,0.010634606557296866,1.7787779441683682,0.2652556708946179,0.592927171826986,0.9205951014467644,71586439.5,-0.19598827756857173,48.370231610091594,46.59145740611437,0,0,0.8581828471944561,2.225880782909556,49.27524033410558,41.34875389639092,3.1050567626953125,2.008367580083806,0.8581828471944561,0,0,1
2021-05-21,49.181610107421875,49.61850306340041,48.760320216205955,49.46246884446162,58163772,48.93195724487305,48.41706085205078,48.24540710449219,67499931.0,47.018367673298535,44.69985208418211,76.78754788577996,0.005102041214077646,0.8581828471944561,-0.2808587370397433,0.15603421893879243,0.4212898912159204,71246266.2,-0.13831360805391046,49.27524033410558,47.76172126064121,0,0,1.1858509340934233,2.318515589116423,49.52488441670003,42.8466684994148,4.446933746337891,1.8768539770502382,1.1858509340934233,0,0,1
2021-05-24,48.947566986083984,49.9305744803398,48.74472354624638,49.41566613299752,74623869,49.181610107421875,48.93195724487305,48.41706085205078,58163772.0,47.404207535855626,45.08600798435501,78.00002882292328,-0.004758752729459137,1.1858509340934233,-0.4680991469135378,0.5149083473422778,0.20284343983760778,75456151.8,0.2829956936080418,49.52488441670003,47.746106472531665,0,0,2.824197407973301,2.3181995515006193,49.61850306340041,42.8466684994148,2.7149734497070312,1.8723959672746417,2.824197407973301,0,0,1
2021-05-25,46.56025314331055,49.25962246937589,46.43542506140259,49.25962246937589,53594838,48.947566986083984,49.181610107421875,48.93195724487305,74623869.0,47.23541665734661,45.22003027153278,65.58933527677956,-0.048772880651088535,2.824197407973301,-2.6993693260653444,0.0,0.1248280819079568,74103685.2,-0.2818003312050197,49.61850306340041,48.760320216205955,0,0,1.6227475069217476,2.0153863858138337,49.9305744803398,43.267963358525,-1.6851539611816406,1.9247784268480268,1.6227475069217476,0,0,0
2021-05-26,46.731895446777344,48.120593381941234,46.497845875019486,46.809914351572,45070683,46.56025314331055,48.947566986083984,49.181610107421875,53594838.0,47.13471241523276,45.357472560191376,62.37005328241101,0.003686455546933809,1.6227475069217476,-0.07801890479465357,1.3106790303692364,0.23404957175785768,71562484.2,-0.15904805981501424,49.9305744803398,48.74472354624638,0,1,2.730576168363875,1.7772398550413868,49.9305744803398,44.141754090230044,-1.6851654052734375,1.9069463551518189,2.730576168363875,0,0,0
2021-05-27,46.357421875,47.106379848528725,44.37580368016485,47.059570644804424,360249207,46.731895446777344,46.56025314331055,48.947566986083984,45070683.0,46.97925430718621,45.4483770433558,56.8715409151638,-0.008013233107649786,2.730576168363875,-0.702148769804424,0.046809203724301085,1.98161819483515,93984916.8,6.992983088363671,49.25962246937589,46.43542506140259,0,0,1.6227440928432628,1.530877263830412,49.9305744803398,44.48502371134588,-2.574535369873047,1.9749319455756686,1.6227440928432628,1,0,0
2021-05-28,45.20277786254883,46.685090770205186,45.06234667736192,46.34181969831209,44625315,46.357421875,46.731895446777344,46.56025314331055,360249207.0,46.62395901825874,45.426049845100614,57.90674492252014,-0.02490742508426369,1.6227440928432628,-1.1390418357632583,0.34327107189309913,0.14043118518690534,93681649.2,-0.8761265420356636,48.120593381941234,46.497845875019486,0,0,0.7801640788271627,1.1979091731581235,49.9305744803398,44.37580368016485,-3.978832244873047,1.9548706356326053,0.7801640788271627,0,0,0
2021-05-31,45.374412536621094,45.62406518469831,44.84390110587115,45.42122173851435,29061186,45.20277786254883,46.357421875,46.731895446777344,44625315.0,46.37404972193121,45.42135554432975,50.86322911813451,0.003796993950110128,0.7801640788271627,-0.04680920189325377,0.20284344618396233,0.5305114307499466,91439140.8,-0.348773538069143,47.106379848528725,44.37580368016485,0,0,2.184464655621859,0.9526941776014581,49.9305744803398,44.37580368016485,-3.5731544494628906,1.8489911594287562,2.184464655621859,0,0,0
2021-06-01,45.85810470581055,47.7461040051829,45.56163934956104,47.7461040051829,74882883,45.374412536621094,45.20277786254883,46.357421875,29061186.0,46.27086071870708,45.461060013555276,47.740057881093406,0.010660020530272929,2.184464655621859,-1.8879992993723533,0.0,0.2964653562495059,89172559.8,1.5767318305591518,46.685090770205186,45.06234667736192,0,0,1.560331549575551,0.809800705151801,49.9305744803398,44.37580368016485,-0.7021484375,1.8200139929819135,1.560331549575551,0,0,0
2021-06-02,46.919132232666016,47.121975655528985,45.561644105953434,45.63966300478551,24742749,45.85810470581055,45.374412536621094,45.20277786254883,74882883.0,46.40051502149887,45.593612033474436,54.71699232225571,0.023137186625181938,1.560331549575551,1.2794692278805044,0.2028434228629692,0.07801889883207735,83251443.3,-0.6695807104542169,45.62406518469831,44.84390110587115,0,0,0.858182810086241,0.8069029880244329,49.9305744803398,44.37580368016485,0.18723678588867188,1.7130200269780953,0.858182810086241,0,0,0
2021-06-03,47.18438720703125,47.41843673966273,46.56025392957649,47.199986699806736,26792298,46.919132232666016,45.85810470581055,45.374412536621094,24742749.0,46.55728945860535,45.73822795834324,61.39330449954067,0.005653450133090043,0.858182810086241,-0.015599492775486112,0.21845003985599476,0.6241332774547601,79180680.0,0.08283432855419592,47.7461040051829,45.56163934956104,0,0,0.7333547929153994,0.8190615002621087,49.9305744803398,44.37580368016485,0.82696533203125,1.6372326662058942,0.7333547929153994,0,0,0
2021-06-04,47.68369674682617,47.80852127090738,47.07516647799198,47.30921603195701,23574183,47.18438720703125,46.919132232666016,45.85810470581055,26792298.0,46.78257091624951,45.91508875729623,57.43998885951647,0.010582092284129985,0.7333547929153994,0.3744807148691649,0.12482452408120537,0.23404955396502913,75721721.1,-0.12011343707807376,47.121975655528985,45.561644105953434,0,0,0.5773206355513238,0.8674821589532797,49.9305744803398,44.37580368016485,2.4809188842773438,1.5737048618590173,0.5773206355513238,0,0,0
2021-06-07,47.8397331237793,48.136194975243136,47.55887433969181,47.7461147195212,16889640,47.68369674682617,47.18438720703125,46.919132232666016,23574183.0,46.994003357755474,46.09005642697651,47.43090661975485,0.0032723213089285164,0.5773206355513238,0.09361840425809476,0.29646185146383885,0.18724037982939024,69948298.2,-0.28355353820745344,47.41843673966273,46.56025392957649,1,0,1.7319688767322106,0.9039469307789645,49.9305744803398,44.37580368016485,2.465320587158203,1.487886749828596,1.7319688767322106,0,0,0
2021-06-08,47.730506896972656,47.99576258725758,46.26379371052537,47.93335032397003,31918326,47.8397331237793,47.68369674682617,47.18438720703125,16889640.0,47.141304065598916,46.23918828788525,45.61746895536722,-0.002283169651553729,1.7319688767322106,-0.2028434269973758,0.06241226328754834,1.4667131864472864,67780647.0,0.8898168344618358,47.80852127090738,47.07516647799198,0,0,1.8567935633343282,0.9021157777136679,49.25962246937589,44.37580368016485,1.8724021911621094,1.5034903072048702,1.8567935633343282,0,0,0
2021-06-09,47.02836227416992,48.52627815004543,46.6694845867111,47.87093861510746,31016931,47.730506896972656,47.8397331237793,47.68369674682617,31918326.0,47.11871570731312,46.31093137754749,38.13234272885532,-0.014710604777743663,1.8567935633343282,-0.8425763409375406,0.6553395349379656,0.358877687458822,66375271.8,-0.02824067277212472,48.136194975243136,47.55887433969181,0,0,0.8893890683997583,0.8077843297656315,48.136194975243136,44.37580368016485,0.10923004150390625,1.50906285143101,0.8893890683997583,0,0,0
2021-06-10,47.449649810791016,47.73050857678226,46.841119508382505,47.10637520800274,17381064,47.02836227416992,47.730506896972656,47.8397331237793,31016931.0,47.184902528008706,46.41445123511508,39.42860548948898,0.008958158784374337,0.8893890683997583,0.34327460278827715,0.2808587659912476,0.26525569962023354,32088457.5,-0.4396265704044027,47.99576258725758,46.26379371052537,0,0,1.513518880082799,0.7704512928936254,48.52627815004543,44.37580368016485,0.2652626037597656,1.5112918672313889,1.513518880082799,0,0,0
2021-06-11,48.07378005981445,48.37024189496138,46.85672301487858,47.43404361865486,25835898,47.449649810791016,47.02836227416992,47.730506896972656,17381064.0,47.36267803436986,46.56529931008775,44.90908007922933,0.01315352698096195,1.513518880082799,0.6397364411595916,0.29646183514692837,0.577320603776279,30209515.8,0.4864393802358704,48.52627815004543,46.6694845867111,0,0,1.8099807620283457,0.7973787242821047,48.52627815004543,44.84390110587115,0.39008331298828125,1.5346967205163442,1.8099807620283457,0,0,0
2021-06-14,47.35602951049805,47.85533479459642,46.04535403256808,47.746113326149384,26533281,48.07378005981445,47.449649810791016,47.02836227416992,25835898.0,47.3613483295955,46.637183873761415,55.75627233022407,-0.014930187483142898,1.8099807620283457,-0.3900838156513373,0.10922146844703917,1.3106754779299692,29956725.3,0.02699279119309117,47.73050857678226,46.841119508382505,0,0,0.8893891137505889,0.7241644558340852,48.52627815004543,44.84390110587115,-0.48370361328125,1.462252674377419,0.8893891137505889,0,0,0
2021-06-15,47.02836227416992,47.714907943441155,46.825518829690566,47.43404559181548,22951029,47.35602951049805,48.07378005981445,47.449649810791016,26533281.0,47.29475111851039,46.672745546525825,52.09716407785172,-0.00691922949865309,0.8893891137505889,-0.4056833176455612,0.28086235162567164,0.2028434444793561,24763539.9,-0.13500976377553908,48.37024189496138,46.85672301487858,0,0,1.0142171350229674,0.6220055719845661,48.52627815004543,45.56163934956104,-0.7021446228027344,1.4098699320080503,1.0142171350229674,0,0,0
2021-06-16,46.71629333496094,47.27801084719455,46.263793712171584,46.80991172989559,19709055,47.02836227416992,47.35602951049805,48.07378005981445,22951029.0,47.1790595618005,46.67670443638356,52.56121811136982,-0.006635760296938686,1.0142171350229674,-0.0936183949346514,0.46809911729896214,0.45249962278935385,24260170.5,-0.14125615021444138,47.85533479459642,46.04535403256808,0,0,1.5915341999599093,0.5023551254169405,48.52627815004543,45.561644105953434,-0.3120689392089844,1.2872728581979855,1.5915341999599093,0,0,0
2021-06-17,45.60845947265625,46.73189453820137,45.14036033824146,46.24819590870659,22419540,46.71629333496094,47.02836227416992,47.35602951049805,19709055.0,46.86493954397165,46.579591257862894,52.91477116687872,-0.023714078819597195,1.5915341999599093,-0.6397364360503417,0.48369862949477493,0.4680991344147927,23822894.7,0.13752485849778195,47.714907943441155,46.825518829690566,0,1,2.0284307304616007,0.28534828610875707,48.52627815004543,46.04535403256808,-1.8411903381347656,1.285043580134889,2.0284307304616007,0,0,0
2021-06-18,45.624061584472656,45.87371421284962,43.84528348238802,45.73328304693818,34091544,45.60845947265625,46.71629333496094,47.02836227416992,22419540.0,46.61676395207186,46.492724923918324,51.83483666353777,0.0003420881125300035,2.0284307304616007,-0.109221462465527,0.140431165911437,1.7787781020846367,24874630.8,0.520617461375211,47.27801084719455,46.263793712171584,0,1,2.4965294963475486,0.12403902815353263,48.52627815004543,45.14036033824146,-2.449718475341797,1.374205483823063,2.4965294963475486,0,0,0
2021-06-21,46.56025314331055,46.80990573581406,44.313376239466514,44.313376239466514,23199468,45.624061584472656,45.60845947265625,46.71629333496094,34091544.0,46.605461790319595,46.49886385295398,54.838711373432304,0.02051968909222479,2.4965294963475486,2.246876903844033,0.2496525925035158,0.0,25505613.6,-0.3194949457261308,46.73189453820137,45.14036033824146,0,0,0.9361982818140149,0.1065979373656134,48.52627815004543,43.84528348238802,-0.7957763671875,1.3964958295891836,0.9361982818140149,0,0,0
2021-06-22,47.24680709838867,47.43404389770105,46.49784561588704,46.8099140907004,28261329,46.56025314331055,45.624061584472656,45.60845947265625,23199468.0,46.73373085193341,46.56685869344804,52.38099197927962,0.014745494466384068,0.9361982818140149,0.4368930076882691,0.18723679931238024,0.3120684748133655,25139913.9,0.21818866708495221,45.87371421284962,43.84528348238802,1,0,5.461154979381625,0.16687215848536852,48.52627815004543,43.84528348238802,0.21844482421875,1.351914881891931,5.461154979381625,0,0,0
2021-06-23,52.5831298828125,53.05122898308272,47.5900740037011,48.40144768220292,363893778,47.24680709838867,46.56025314331055,45.624061584472656,28261329.0,47.90361065810923,47.113792437935714,72.58486431348618,0.11294568061099342,5.461154979381625,4.181682200609579,0.46809910027022283,0.8113736785018233,58427598.6,11.876032050722031,46.80990573581406,44.313376239466514,1,0,2.0908431858957357,0.7898182201735153,48.52627815004543,43.84528348238802,5.8668365478515625,1.680698608270173,2.0908431858957357,1,0,1
2021-06-24,53.41011428833008,54.14346917444591,52.052625988550176,52.72356860469357,169690515,52.5831298828125,47.24680709838867,46.56025314331055,363893778.0,49.0049113841534,47.68618533342611,73.31641129317853,0.015727181081852892,2.0908431858957357,0.6865456836365098,0.7333548861158334,0.6709426161433925,73658543.7,-0.533681185942124,47.43404389770105,46.49784561588704,1,0,1.5759310276684815,1.3187260507272924,53.05122898308272,43.84528348238802,7.801654815673828,1.7776620649116255,1.5759310276684815,1,0,1
2021-06-25,54.6115608215332,54.8924195690465,53.31648854137802,53.41010693344488,71399592,53.41011428833008,52.5831298828125,47.24680709838867,169690515.0,50.12624127162937,48.31576492325403,75.40983371904346,0.022494738107415646,1.5759310276684815,1.2014538880883237,0.28085874751329953,0.09361839206685829,78214913.1,-0.579236399865956,53.05122898308272,47.5900740037011,1,0,1.279472707038785,1.8104763483753388,54.14346917444591,43.84528348238802,8.987499237060547,1.8489913786342795,1.279472707038785,0,0,1
2021-06-28,54.221473693847656,55.26689686387325,53.987424156834464,54.97043506933988,38881053,54.6115608215332,53.41011428833008,52.5831298828125,71399592.0,50.94528775607303,48.85264753876254,73.85319969159599,-0.007142940465670322,1.279472707038785,-0.7489613754922217,0.2964617945333714,0.23404953701319187,79449690.3,-0.455444325228077,54.14346917444591,52.052625988550176,0,0,1.0298166520257723,2.092640217310489,54.8924195690465,43.84528348238802,7.661220550537109,1.8166702236561778,1.0298166520257723,0,0,1
2021-06-29,54.502342224121094,54.876819383351865,53.84700273132609,54.1278614935774,49605246,54.221473693847656,54.6115608215332,53.41011428833008,38881053.0,51.656698649682646,49.36625614652241,78.34317763282571,0.005180023911915743,1.0298166520257723,0.374480730543695,0.3744771592307714,0.2808587622513059,82115112.0,0.2758205391196582,54.8924195690465,53.31648854137802,0,0,1.279469325303495,2.290442503160236,55.26689686387325,43.84528348238802,7.255535125732422,1.7576004442769952,1.279469325303495,0,0,1
2021-06-30,55.54776382446289,55.82862259623068,54.549153270927185,54.87682124277077,43091670,54.502342224121094,54.221473693847656,54.6115608215332,49605246.0,52.4349116846387,49.928211389971544,79.32201966447951,0.019181223369133082,1.279469325303495,0.670942581692124,0.2808587717677895,0.32766797184358154,84453373.5,-0.13130820881323724,55.26689686387325,53.987424156834464,0,0,2.7461826448647386,2.506700294667155,55.26689686387325,43.84528348238802,2.9646339416503906,1.7854633197701193,2.7461826448647386,0,0,1
2021-07-01,57.62300491333008,58.01308873054542,55.26690608568068,55.485352594763704,87835578,55.54776382446289,54.502342224121094,54.221473693847656,43091670.0,53.472530330376976,50.62773807391323,81.28833435658277,0.0373595793239343,2.7461826448647386,2.1376523185663743,0.39008381721534136,0.218446509083023,90994977.3,1.0383423988905514,54.876819383351865,53.84700273132609,1,0,1.6227437142795154,2.844792256463748,55.82862259623068,43.84528348238802,4.212890625,1.8735107315402577,1.6227437142795154,0,0,1
2021-07-02,56.374732971191406,57.87264859761285,56.249904883333336,57.87264859761285,40351092,57.62300491333008,55.54776382446289,54.502342224121094,87835578.0,54.052970858539865,51.15019215548397,78.5572598547471,-0.021662735985674142,1.6227437142795154,-1.4979156264214453,0.0,0.12482808785807009,91620932.1,-0.5406065182379741,55.82862259623068,54.549153270927185,1,0,1.0610226842381323,2.902778703055894,58.01308873054542,43.84528348238802,1.7631721496582031,1.8601366567010555,1.0610226842381323,0,0,1
2021-07-05,55.922237396240234,56.79601973287381,55.73499704863568,56.577576827199856,22985568,56.374732971191406,57.62300491333008,55.54776382446289,40351092.0,54.42682416607994,51.584014450098174,77.94111584411202,-0.00802656706475946,1.0610226842381323,-0.6553394309596214,0.2184429056739532,0.18724034760455766,91599542.1,-0.43036069507115193,58.01308873054542,55.26690608568068,0,0,1.1858509240308877,2.8428097159817654,58.01308873054542,44.313376239466514,1.7007637023925781,1.872396197450166,1.1858509240308877,0,0,1
2021-07-06,56.49956512451172,56.85844280071294,55.672591876682056,55.703798010036415,41588856,55.922237396240234,56.374732971191406,57.62300491333008,22985568.0,54.841372357766296,52.03088269322667,80.23139525563104,0.010323759476588812,1.1858509240308877,0.7957671144753036,0.35887767620122446,0.031206133354359622,92932294.8,0.8093464560023054,57.87264859761285,56.249904883333336,0,0,1.4042973283896174,2.810489664539624,58.01308873054542,46.49784561588704,1.997222900390625,1.8846557538078745,1.4042973283896174,0,0,1
2021-07-07,57.07688522338867,57.23291587900121,55.828618550611594,56.20309926670728,17834940,56.49956512451172,55.922237396240234,56.374732971191406,41588856.0,55.28847493089077,52.48961019596867,86.64002170336829,0.010218133495446757,1.4042973283896174,0.8737859566813952,0.1560306556125397,0.37448071609568245,58326411.0,-0.5711606012918461,56.79601973287381,55.73499704863568,0,0,2.5901480027574237,2.7988647349220983,58.01308873054542,47.5900740037011,1.5291213989257812,1.8712816915528536,2.5901480027574237,0,0,1
2021-07-08,56.374732971191406,58.48117882970987,55.891030826952445,57.35774032423751,44887437,57.07688522338867,56.49956512451172,55.922237396240234,17834940.0,55.5057265389509,52.84280317553438,82.90346624125173,-0.012301867024613666,2.5901480027574237,-0.983007353046105,1.1234385054723575,0.4837021442389613,45846103.2,1.5168257925173845,56.85844280071294,55.672591876682056,0,0,0.7801675137106656,2.6629233634165246,58.01308873054542,52.052625988550176,-1.2482719421386719,1.911404353859698,0.7801675137106656,0,0,1
2021-07-09,56.4371452331543,57.01446933615269,56.23430182244203,56.37473297487746,18512454,56.374732971191406,57.07688522338867,56.49956512451172,44887437.0,55.69201027779158,53.169561544408914,81.93737375132848,0.0011070963652242138,0.7801675137106656,0.062412258276836496,0.5773241029983964,0.1404311524354327,40557389.4,-0.5875805072140786,57.23291587900121,55.828618550611594,0,0,1.232663468988605,2.5224487333826673,58.48117882970987,53.31648854137802,0.062412261962890625,1.788807069385635,1.232663468988605,0,0,1
2021-07-12,57.37334060668945,57.71661515316884,56.483951684180234,56.483951684180234,18021216,56.4371452331543,56.374732971191406,57.07688522338867,18512454.0,56.02827634357116,53.551723277343505,82.224353293922,0.016588283650201152,1.232663468988605,0.8893889225092195,0.3432745464793854,0.0,38471405.7,-0.026535541965424958,58.48117882970987,55.891030826952445,0,0,1.4511066347218389,2.476553066227652,58.48117882970987,53.84700273132609,1.4511032104492188,1.80998315418382,1.4511066347218389,0,0,1
2021-07-13,56.686805725097656,57.6698132149858,56.21870658026396,57.4201605758287,15530661,57.37334060668945,56.4371452331543,56.374732971191406,18021216.0,56.15998221987646,53.83673077259388,68.54725251686531,-0.011966095652302888,1.4511066347218389,-0.7333548507310468,0.24965263915709812,0.46809914483369397,35063947.2,-0.1382012734323811,57.01446933615269,56.23430182244203,0,0,1.2014540494004393,2.32325144728258,58.48117882970987,53.84700273132609,0.1872406005859375,1.523551129565264,1.2014540494004393,0,0,0
2021-07-14,57.46697235107422,57.62300659678151,56.42155254738107,56.51517095201752,18423249,56.686805725097656,57.37334060668945,56.4371452331543,15530661.0,56.421380246116016,54.16675273427391,68.41357826109692,0.013762755124357762,1.2014540494004393,0.9518013990566985,0.1560342457072892,0.09361840463645166,32597105.1,0.18625015380864984,57.71661515316884,56.483951684180234,0,0,1.544728646721893,2.254627511842102,58.48117882970987,54.549153270927185,0.3900871276855469,1.460023334101314,1.544728646721893,0,0,0
2021-07-15,56.15629577636719,57.54499018030827,56.000261533586375,57.466971273261294,14669931,57.46697235107422,56.686805725097656,57.37334060668945,18423249.0,56.368363352166256,54.347620283555116,56.942521885737776,-0.02280747568707664,1.544728646721893,-1.3106754968941061,0.07801890704697456,0.15603424278081235,25280540.4,-0.2037272578794327,57.6698132149858,56.21870658026396,0,0,0.7801676127996018,2.0207430686111394,58.48117882970987,55.26690608568068,-0.21843719482421875,1.4577945926051292,0.7801676127996018,0,0,0
2021-07-16,56.06267166137695,56.546377438395474,55.76620982559587,56.32792736405614,21219636,56.15629577636719,57.46697235107422,56.686805725097656,14669931.0,56.307225014008395,54.50353404517528,58.50146599776445,-0.0016672060308798864,0.7801676127996018,-0.26525570267918397,0.21845007433933716,0.29646183578108065,23367394.8,0.4464714251212225,57.62300659678151,56.42155254738107,0,0,3.1518658266373194,1.8036909688331164,58.48117882970987,55.672591876682056,-0.37447357177734375,1.422129943016616,3.1518658266373194,0,0,0
2021-07-19,58.04429244995117,58.59040691428456,55.43854108764724,56.01586168464963,45407127,56.06267166137695,56.15629577636719,57.46697235107422,21219636.0,56.654638501196956,54.82542117288218,64.13448771709014,0.03534652790975379,3.1518658266373194,2.028430765301543,0.5461144643333853,0.5773205970023909,25609550.7,1.1398636150026324,57.54499018030827,56.000261533586375,0,0,2.028430715823191,1.8292173283147761,58.48117882970987,55.672591876682056,0.6709518432617188,1.573704884060298,2.028430715823191,1,0,0
2021-07-20,56.5463752746582,58.278340594731496,56.249909878908305,58.247134462823695,21901098,58.04429244995117,56.06267166137695,56.15629577636719,45407127.0,56.63298585588921,54.98187154577091,53.84615158579924,-0.025806450764897404,2.028430715823191,-1.7007591881654918,0.031206131907801193,0.29646539574989816,23640774.9,-0.5176726772429359,56.546377438395474,55.76620982559587,0,0,0.8581828983418731,1.6511143101183023,58.59040691428456,55.43854108764724,-0.14043045043945312,1.6272021262402763,0.8581828983418731,0,0,0
2021-07-22,57.57619094848633,57.65420627694911,56.79602337860724,56.82723308130517,14278368,56.5463752746582,58.04429244995117,56.06267166137695,21901098.0,56.821626874408636,55.21771876419958,49.80390464959461,0.018211877752129624,0.8581828983418731,0.7489578671811614,0.07801532846278292,0.031209702697928776,23285117.7,-0.34805241271465015,58.59040691428456,55.43854108764724,0,0,1.1234385909809035,1.6039081102090549,58.59040691428456,55.43854108764724,0.10921859741210938,1.492345001488643,1.1234385909809035,0,0,0
2021-07-23,56.99886703491211,57.79463767370863,56.671199082727725,57.482572787280034,12770211,57.57619094848633,56.5463752746582,58.04429244995117,14278368.0,56.85707490650933,55.379641334264356,52.77009215411731,-0.010027129340507313,1.1234385909809035,-0.4837057523679249,0.312064886428594,0.3276679521843846,20073395.1,-0.10562530675774706,58.278340594731496,56.249909878908305,0,0,1.497915684756677,1.4774335722449763,58.59040691428456,55.43854108764724,0.8425712585449219,1.4566803498244565,1.497915684756677,0,0,0
2021-07-26,57.60739517211914,57.73221969352585,56.23430400876917,56.99886491632335,13753260,56.99886703491211,57.57619094848633,56.5463752746582,12770211.0,57.0071389596313,55.58216441043297,57.37705520308553,0.010676144436946533,1.497915684756677,0.6085302557957917,0.1248245214067083,0.764560907554177,19597475.7,0.07697985569698096,57.65420627694911,56.79602337860724,0,0,1.076629398260721,1.4249745491983248,58.59040691428456,55.43854108764724,1.5447235107421875,1.4878869927186382,1.076629398260721,0,0,0
2021-07-27,57.12369537353515,57.81024098362798,56.73361158536726,57.60739755663319,14436747,57.60739517211914,56.99886703491211,57.57619094848633,13753260.0,57.03045024241207,55.72230358889681,52.754815184990086,-0.008396487935946384,1.076629398260721,-0.48370218309803903,0.2028434269947894,0.39008378816789246,19239028.8,0.049696362898687285,57.79463767370863,56.671199082727725,0,0,2.8398008466764324,1.3081466535152657,58.59040691428456,55.43854108764724,-0.9205970764160227,1.4800854551636264,2.8398008466764324,0,0,0
2021-07-28,59.27695083618164,59.791859152985545,56.95205830630911,57.10809253646384,48274629,57.12369537353515,57.60739517211914,56.99886703491211,14436747.0,57.47975036116599,56.04545333864997,58.52479361075784,0.03769461076644687,2.8398008466764324,2.1688582997177974,0.5149083168039041,0.15603423015473084,22513425.6,2.34387164920186,57.73221969352585,56.23430400876917,0,0,1.1702476985131653,1.43429702251602,58.59040691428456,55.43854108764724,2.7305755615234375,1.5826214207555418,1.1702476985131653,1,0,0
2021-07-29,58.91807174682617,59.823063776518026,58.65281607800486,59.589014236815395,27425199,59.27695083618164,57.12369537353515,57.60739517211914,48274629.0,57.76741463829803,56.30660046666599,60.12423243059872,-0.006054277156516852,1.1702476985131653,-0.6709424899892227,0.23404953970263165,0.265255668821311,23413620.6,-0.4318920814492433,57.81024098362798,56.73361158536726,1,0,1.8567935415491021,1.4608141716320375,59.791859152985545,55.43854108764724,1.3418807983398438,1.4811999704523804,1.8567935415491021,0,0,0
2021-07-30,57.62300491333008,58.80885586064656,56.95206231909746,58.80885586064656,28756776,58.91807174682617,59.27695083618164,57.12369537353515,27425199.0,57.73853269330444,56.426273598180906,54.29867869967409,-0.021980808181589206,1.8567935415491021,-1.1858509473164816,0.0,0.6709425942326206,24822305.1,0.04855304787396442,59.791859152985545,56.95205830630911,0,0,1.1078320552945584,1.3122590951235367,59.823063776518026,55.43854108764724,0.6241378784179688,1.5581018295836973,1.1078320552945584,0,0,0
2021-08-02,57.35774993896485,58.35636052397358,57.24852846867902,57.73222712268654,21084204,57.62300491333008,58.91807174682617,59.27695083618164,28756776.0,57.66237614243653,56.5109532655249,49.94059504951966,-0.004603282573760192,1.1078320552945584,-0.37447718372168737,0.6241334012870396,0.1092214702858314,24808761.9,-0.2668091861201687,59.823063776518026,58.65281607800486,0,1,1.045419831166413,1.1514228769116315,59.823063776518026,55.43854108764724,-0.24964523315428977,1.5491853000341227,1.045419831166413,0,0,0
2021-08-03,56.87405014038086,57.70102345034166,56.655603619175245,57.35775238634044,17656980,57.35774993896485,57.62300491333008,58.91807174682617,21084204.0,57.5047109420254,56.54396207232998,50.7246565097141,-0.008433033009466073,1.045419831166413,-0.4837022459595772,0.34327106400122176,0.21844652120561392,22033747.2,-0.16254936634079242,58.80885586064656,56.95206231909746,0,0,3.120659672975428,0.960748869695415,59.823063776518026,55.43854108764724,-0.24964523315428977,1.5202076712087351,3.120659672975428,0,0,0
2021-08-04,54.75199508666992,57.66981132734844,54.54915165437301,56.95205956685096,38353227,56.87405014038086,57.35774993896485,57.62300491333008,17656980.0,56.95416777095431,56.38105598272452,40.48139048747575,-0.037311481219873044,3.120659672975428,-2.200064480181041,0.7177517604974781,0.20284343229690904,23678960.1,1.172128359436325,58.35636052397358,57.24852846867902,0,0,1.560331763558878,0.573111788229788,59.823063776518026,56.23430400876917,-4.524955749511719,1.657293787178377,1.560331763558878,1,0,0
2021-08-05,55.11087417602539,55.89104184346146,54.33071007990258,54.9236337929882,33065568,54.75199508666992,56.87405014038086,57.35774993896485,38353227.0,56.58550905196853,56.26558490938823,46.07268423923277,0.00655463036164039,1.560331763558878,0.18724038303719226,0.7801676674360678,0.592923713085618,25557680.1,-0.13786738205888127,57.70102345034166,56.655603619175245,0,1,1.497919070164869,0.3199241425802981,59.823063776518026,54.54915165437301,-3.8071975708007812,1.658408295523876,1.497919070164869,0,0,0
2021-08-06,54.73638153076172,56.10947252369941,54.61155345353454,55.20448057056719,23813595,55.11087417602539,54.75199508666992,56.87405014038086,33065568.0,56.215683547727174,56.126566420422186,45.12052073377655,-0.006795258664697212,1.497919070164869,-0.4680990398054732,0.9049919531322175,0.12482807722717837,26662018.5,-0.27980686737333527,57.66981132734844,54.54915165437301,0,0,3.2922972394313135,0.08911712730498778,59.823063776518026,54.33071007990258,-2.8866233825683594,1.7096762567642523,3.2922972394313135,0,0,0
2021-08-09,53.41011428833008,53.95622879321537,50.66393155378405,51.49090841617177,110821485,54.73638153076172,55.11087417602539,54.75199508666992,23813595.0,55.654569695847755,55.87961622659563,32.08685799624169,-0.024230086193883338,3.2922972394313135,1.919205872158308,0.5461145048852885,0.826976862387717,36368841.0,3.6537066327028738,55.89104184346146,54.33071007990258,0,1,2.0284270997376908,-0.22504653074787484,59.823063776518026,54.33071007990258,-3.9476356506347727,1.7197070719638232,2.0284270997376908,1,0,0
2021-08-10,52.81718063354492,54.36190912807524,52.33348202833755,53.4101078406444,32690748,53.41011428833008,54.73638153076172,55.11087417602539,110821485.0,55.087091883387195,55.60121299086374,34.500632921025684,-0.011101523797239055,2.0284270997376908,-0.5929272070994784,0.9518012874308397,0.4836986052073726,38194241.1,-0.7050143480751949,56.10947252369941,54.61155345353454,0,1,2.3092894648521423,-0.5141211074765479,59.823063776518026,50.66393155378405,-4.0568695068359375,1.7197068136720017,2.3092894648521423,0,0,0
2021-08-11,53.753379821777344,53.89381098610042,51.58452152124828,52.817181583124466,27235548,52.81718063354492,53.41011428833008,54.73638153076172,32690748.0,54.82034947106523,55.43322815731043,33.98693102885153,0.01772527758965281,2.3092894648521423,0.936198238652878,0.14043116432307556,1.2326600618761887,36090333.0,-0.16687290238816188,53.95622879321537,50.66393155378405,0,0,1.3262819528108736,-0.6128786862452031,59.823063776518026,50.66393155378405,-0.9986152648925781,1.8233572827084497,1.3262819528108736,0,0,0
2021-08-12,54.252685546875,54.37751006686887,53.051228114058,53.64415529796688,17966661,53.753379821777344,52.81718063354492,53.41011428833008,27235548.0,54.706816686227185,55.3259061018163,38.42105821872532,0.0092888247539622,1.3262819528108736,0.6085302489081172,0.12482451999387223,0.5929271839088841,35144479.2,-0.340323132106613,54.36190912807524,52.33348202833755,0,0,0.9518013003220247,-0.6190894155891158,59.823063776518026,50.66393155378405,-0.8581886291503906,1.8378460942677333,0.9518013003220247,0,0,0
2021-08-13,54.455528259277344,54.7988028499613,53.84700154963927,54.36190986435236,27821241,54.252685546875,53.753379821777344,52.81718063354492,17966661.0,54.65655900083722,55.24678084340367,36.239791545856164,0.003738851088340711,0.9518013003220247,0.09361839492498092,0.3432745906839543,0.5149083147130895,35050925.7,0.5484925663149096,53.89381098610042,51.58452152124828,0,0,0.9674043492038251,-0.59022184256645,58.80885586064656,50.66393155378405,-0.280853271484375,1.7988379239509722,0.9674043492038251,0,0,0
2021-08-16,54.40871810913086,54.7831988248994,53.815794475695576,54.34630584694036,12560913,54.455528259277344,54.252685546875,53.753379821777344,27821241.0,54.60699082249595,55.17059332210614,37.67705313767097,-0.0008596032697287814,0.9674043492038251,0.06241226219049878,0.37448071576854147,0.5305113712447849,34198596.6,-0.5485135619938737,54.37751006686887,53.051228114058,0,0,1.3106754254405928,-0.5636024996101909,58.35636052397358,50.66393155378405,0.9986038208007812,1.7910361347326227,1.3106754254405928,0,0,0
2021-08-17,54.93923568725586,55.07966328392113,53.768987858480536,54.33070538776751,18039039,54.40871810913086,54.455528259277344,54.252685546875,12560913.0,54.67343979544793,55.149560809847024,26.910353106679253,0.009750598737888083,1.3106754254405928,0.6085302994883506,0.14042759666526905,0.5617175292869732,34236802.5,0.43612482627656135,54.7988028499613,53.84700154963927,0,0,2.6837664173204345,-0.4761210143990908,57.70102345034166,50.66393155378405,2.1220550537109375,1.681812890358634,2.6837664173204345,0,1,0
2021-08-18,54.3306999206543,56.74921066631916,54.06544424899872,54.95483322363438,34210602,54.93923568725586,54.40871810913086,54.455528259277344,18039039.0,54.60489182048921,55.0751189108295,26.213635633578065,-0.011076524072262006,2.6837664173204345,-0.6241333029800842,1.7943774426847767,0.2652556716555736,33822540.0,0.8964758599391021,54.7831988248994,53.815794475695576,0,0,1.4355033808842563,-0.47022709034029475,57.66981132734844,50.66393155378405,0.5773200988769531,1.789921370273439,1.4355033808842563,0,1,0
2021-08-20,53.37889862060547,54.58035245957789,53.14484907869363,53.64415429193054,15542163,54.3306999206543,54.93923568725586,54.40871810913086,34210602.0,54.359693180512465,54.92091706626368,27.18123021552337,-0.017518664428009534,1.4355033808842563,-0.2652556713250718,0.9361981676473476,0.2340495419118369,32070199.5,-0.5456916250699125,55.07966328392113,53.768987858480536,0,0,2.418514623843386,-0.5612238857512111,56.74921066631916,50.66393155378405,-0.8737869262695312,1.7598292159402358,2.418514623843386,0,1,0
2021-08-23,54.65837478637695,55.20449283501929,52.7859782111759,53.8001954036185,26688300,53.37889862060547,54.3306999206543,54.93923568725586,15542163.0,54.419429501685364,54.89704958627397,36.91379052078535,0.023969699616049667,2.418514623843386,0.8581793827584505,0.5461180486423345,1.014217192442601,32357670.0,0.7171548130076875,56.74921066631916,54.06544424899872,0,0,1.2638697214085184,-0.47762008458860805,56.74921066631916,50.66393155378405,0.20284652709960938,1.853449399408009,1.2638697214085184,0,0,0
2021-08-24,55.43853759765625,55.68819021460496,54.42432049319644,54.611560848736154,14925912,54.65837478637695,53.37889862060547,54.3306999206543,26688300.0,54.623251120879544,54.946275769126906,43.23527434358193,0.014273435943319424,1.2638697214085184,0.8269767489200959,0.24965261694870833,0.1872403555397142,22768112.7,-0.44073200616000274,54.58035245957789,53.14484907869363,0,0,1.0142172211055467,-0.32302464824736177,56.74921066631916,50.66393155378405,1.0298194885253906,1.869052962996731,1.0142172211055467,0,0,0
2021-08-25,56.15629577636719,56.34353615344153,55.32931893233599,55.32931893233599,16571559,55.43853759765625,54.65837478637695,53.37889862060547,14925912.0,54.92986005197707,55.05627758796693,57.62710951384685,0.012946917610274111,1.0142172211055467,0.8269768440312006,0.18724037707434604,0.0,21156193.8,0.11025436837628422,55.20449283501929,52.7859782111759,1,0,0.8737860670271829,-0.12641753598985872,56.74921066631916,51.58452152124828,1.2170600891113281,1.718592787863168,0.8737860670271829,0,0,0
2021-08-26,56.57758712768555,56.858445914569074,55.98465984754189,56.2811217019571,21301485,56.15629577636719,55.43853759765625,54.65837478637695,16571559.0,55.25940546711877,55.19457845521408,57.912443500185624,0.007502121453952126,0.8737860670271829,0.29646542572844936,0.2808587868835275,0.296461854415206,20562787.5,0.285424322479255,55.68819021460496,54.42432049319644,1,0,1.466709609068566,0.06482701190468987,56.74921066631916,51.58452152124828,2.24688720703125,1.6695538095394755,1.466709609068566,0,0,0
2021-08-27,57.82584381103515,58.04429030295099,56.577580693882425,56.639992956911854,28167945,56.57758712768555,56.15629577636719,55.43853759765625,21301485.0,55.772693135902045,55.43378439665236,65.23079272397923,0.022062741568185107,1.466709609068566,1.185850854123295,0.21844649191584153,0.06241226302942948,21582915.9,0.32234654062850554,56.34353615344153,55.32931893233599,1,0,0.9518013042979447,0.338908739249689,56.858445914569074,52.7859782111759,4.44694519042968,1.667324562318311,0.9518013042979447,0,0,0
2021-08-30,57.435760498046875,58.27834034114276,57.326539036844814,57.70101618942187,13619223,57.82584381103515,56.57758712768555,56.15629577636719,28167945.0,56.10530660833101,55.615782224051856,71.86431308946997,-0.0067458300178550035,0.9518013042979447,-0.26525569137499616,0.5773241517208874,0.10922146120206122,20162714.1,-0.516499233437157,56.858445914569074,55.98465984754189,1,0,1.1702479704441373,0.48952438427915723,58.04429030295099,52.7859782111759,2.777385711669922,1.500146281237356,1.1702479704441373,0,0,1
2021-08-31,58.24714279174805,58.48119238583687,57.31094441539273,57.38895975631788,21603702,57.435760498046875,57.82584381103515,56.57758712768555,13619223.0,56.53367384501443,55.854996821115144,78.80792825582586,0.014126778972984422,1.1702479704441373,0.8581830354301658,0.2340495940888232,0.07801534092514828,21066993.0,0.5862653838622072,58.04429030295099,56.577580693882425,0,0,1.8099843879037465,0.678677023899283,58.27834034114276,52.7859782111759,2.808605194091797,1.4388477720021022,1.8099843879037465,0,0,1
2021-09-01,59.245750427246094,60.025918082067065,58.21593369416332,58.41877714156424,26940252,58.24714279174805,57.435760498046875,57.82584381103515,21603702.0,57.076089161460764,56.16324714894523,78.94733879230344,0.017144319663341845,1.8099843879037465,0.8269732856818521,0.7801676548209713,0.20284344740092308,21957114.3,0.24702016348864664,58.27834034114276,57.326539036844814,0,0,0.842579842975212,0.912842012515533,58.48119238583687,52.7859782111759,3.0894546508789062,1.4031831236486454,0.842579842975212,0,0,1
2021-09-02,59.33936309814453,60.057118414049555,59.21453857107434,59.526603460062674,25664589,59.245750427246094,58.24714279174805,57.435760498046875,26940252.0,57.52874394879752,56.4519849625088,78.00682694787714,0.0015800740175178074,0.842579842975212,-0.18724036191814264,0.5305149539868808,0.12482452707018865,21102513.0,-0.047351561522141705,58.48119238583687,57.31094441539273,1,0,2.808591045745814,1.0767589862887164,60.025918082067065,52.7859782111759,2.7617759704589844,1.3686329729460982,2.808591045745814,0,0,1
2021-09-03,61.976318359375,62.272780172158896,59.46418912641308,59.91668516391559,52170660,59.33936309814453,59.245750427246094,58.24714279174805,25664589.0,58.41825883091302,56.95419708949664,82.6557796951887,0.04443855012176434,2.808591045745814,2.059633195459412,0.29646181278389605,0.452496037502506,24765362.7,1.0327876670847913,60.025918082067065,58.21593369416332,0,0,2.543339023415797,1.46406174141638,60.057118414049555,52.7859782111759,4.150474548339851,1.5012608119049402,2.543339023415797,1,0,1
2021-09-06,60.993316650390625,63.31820560881481,60.77486658539901,62.80330086335376,36365391,61.976318359375,59.33936309814453,59.245750427246094,52170660.0,58.933270394808545,57.32138977685064,76.44110682641403,-0.0158609245435386,2.543339023415797,-1.809984212963137,0.5149047454610454,0.21845006499161457,25733071.8,-0.30295321163274536,60.057118414049555,59.21453857107434,1,0,1.4511101775471786,1.6118806179579082,62.272780172158896,52.7859782111759,3.55755615234375,1.6138275743486525,1.4511101775471786,0,0,1
2021-09-07,60.63443756103515,61.78908590502452,60.33797572747734,60.9933188029547,15882570,60.993316650390625,61.976318359375,59.33936309814453,36365391.0,59.27350382805387,57.62257593904923,73.18930239941447,-0.005883908419221484,1.4511101775471786,-0.35888124191954773,0.7957671020698243,0.29646183355780664,25828737.6,-0.5632503992601097,62.272780172158896,59.46418912641308,0,0,1.6071406665963508,1.6509278890046417,63.31820560881481,54.42432049319644,2.3872947692871023,1.6238586280705516,1.6071406665963508,0,0,1
2021-09-08,61.50821685791016,62.22597212083798,60.61883145424163,61.16494943380356,19285563,60.63443756103515,60.993316650390625,61.976318359375,15882570.0,59.72044643402513,57.97581602258204,78.60697334344096,0.014410611065625245,1.6071406665963508,0.3432674241066067,0.7177552629278168,0.5461179795619273,26100138.0,0.21425959400777073,63.31820560881481,60.77486658539901,0,0,1.1702479520273883,1.7446304114430902,63.31820560881481,55.32931893233599,2.2624664306640696,1.546956788733117,1.1702479520273883,0,0,1
2021-09-09,61.49263000488281,62.17917213684644,61.00892418481905,61.39901159724595,11581218,61.50821685791016,60.63443756103515,60.993316650390625,19285563.0,60.07488314819667,58.29552638460938,84.94636870700637,-0.00025341090708841385,1.1702479520273883,0.09361840763686047,0.6865421319636269,0.3900874124269009,25128111.3,-0.3994876893145406,61.78908590502452,60.33797572747734,0,0,0.9361981107988413,1.7793567635872876,63.31820560881481,55.98465984754189,2.1532669067382812,1.5280099723861977,0.9361981107988413,0,0,1
2021-09-13,61.32097625732422,61.99191871290504,61.0557206021062,61.63304467513208,10518984,61.49263000488281,61.50821685791016,60.63443756103515,11581218.0,60.32410177002218,58.57056728212891,81.72361945773301,-0.0027914523666489055,0.9361981107988413,-0.31206841780786476,0.35887403777295646,0.2652556552180201,23363215.2,-0.09172040453776109,62.22597212083798,60.61883145424163,0,0,2.9200450096520782,1.753534487893269,63.31820560881481,56.577580693882425,-0.6553421020507812,1.4221302214544447,2.9200450096520782,0,0,1
2021-09-14,63.55025863647461,64.05263173964555,61.13258672999347,61.36807434668334,29010315,61.32097625732422,61.49263000488281,61.50821685791016,10518984.0,60.969333143312674,59.02326649616034,83.93988485805167,0.03635431976483128,2.9200450096520782,2.182184289791266,0.5023731031709389,0.2354876166898734,24902324.4,1.7579008581056876,62.17917213684644,61.00892418481905,0,0,1.9152992665369908,1.9460666471523353,63.31820560881481,57.31094441539273,2.5569419860839844,1.5404284563289845,1.9152992665369908,0,0,1
2021-09-15,65.24578094482422,65.55976690518739,63.6444676386504,64.00554682183427,35238519,63.55025863647461,61.32097625732422,61.49263000488281,29010315.0,61.824622703614985,59.588949627857055,85.1545454813704,0.026680022154567107,1.9152992665369908,1.2402341229899463,0.31398596036316917,0.36107918318387533,26265806.1,0.2146892924120265,61.99191871290504,61.0557206021062,1,0,1.3344275218497756,2.23567307575793,64.05263173964555,57.31094441539273,4.61134338378907,1.6047914595740878,1.3344275218497756,0,0,1
2021-09-16,64.539306640625,65.6225511873088,64.28812366545903,65.2771745964556,12378501,65.24578094482422,63.55025863647461,61.32097625732422,35238519.0,62.36755949101699,60.038982083563226,80.12817977387951,-0.010827892531421357,1.3344275218497756,-0.7378679558305947,0.34537659085320627,0.25118297516597465,24809631.0,-0.6487224392148829,64.05263173964555,61.13258672999347,1,0,2.087991310597893,2.328577407453764,65.55976690518739,58.21593369416332,3.0310897827148366,1.6376944206328443,2.087991310597893,0,0,1
2021-09-17,64.46083068847656,65.10449799323011,63.01650668263222,64.63352261770449,16039149,64.539306640625,65.24578094482422,63.55025863647461,12378501.0,62.786213730508905,60.44096832037353,77.54638941451556,-0.0012159404281396613,2.087991310597893,-0.17269192922792342,0.47097537552562585,1.4443240058443436,23847087.0,0.2957262757421113,65.55976690518739,63.6444676386504,0,0,1.538524642982381,2.3452454101353766,65.6225511873088,59.21453857107434,2.96820068359375,1.6820716850277964,1.538524642982381,0,0,1
2021-09-20,63.29907989501953,64.66491262978384,63.12638798680146,63.58166796056057,12243591,64.46083068847656,64.539306640625,65.24578094482422,16039149.0,62.888786963411036,60.70079664534135,72.8768464049466,-0.018022584894561655,1.538524642982381,-0.28258806554104154,1.0832446692232693,0.17269190821807,19854380.1,-0.23664335308562812,65.6225511873088,64.28812366545903,0,0,1.7740123545313367,2.187990318069687,65.6225511873088,59.46418912641308,1.9781036376953125,1.7239804949338275,1.7740123545313367,0,0,1
2021-09-21,64.19393920898438,65.07309412052783,63.29908176599649,63.29908176599649,20777913,63.29907989501953,64.46083068847656,64.539306640625,12243591.0,63.14981741252571,61.018355060217985,73.05238389719297,0.01413700349908642,1.7740123545313367,0.8948574429878846,0.879154911543452,0.0,18295632.3,0.6970440289944346,65.10449799323011,63.01650668263222,0,0,0.9576459325379645,2.1314623523077216,65.6225511873088,60.33797572747734,0.6436805725097656,1.7671065223686273,0.9576459325379645,0,0,1
2021-09-22,64.66490936279297,64.94749022754446,63.9898442950065,64.17823153817416,9672642,64.19393920898438,63.29907989501953,64.46083068847656,20777913.0,63.45283580257916,61.34985999681571,71.90301862635413,0.007336676321970881,0.9576459325379645,0.48667782461880904,0.2825808647514947,0.18838724316766076,17674639.5,-0.534474805048996,64.66491262978384,63.12638798680146,0,0,1.3030297813120342,2.1029758057634496,65.6225511873088,60.33797572747734,-0.58087158203125,1.7062252041282144,1.3030297813120342,0,0,1
2021-09-23,65.1358871459961,66.15632886524658,64.85329908393454,64.99459311496531,19379646,64.66490936279297,64.19393920898438,63.29907989501953,9672642.0,63.78944607126255,61.69404428310484,72.73473183763747,0.007283359519778765,1.3030297813120342,0.14129403103078175,1.0204417192504849,0.14129403103076754,17684047.8,1.0035524937240519,65.07309412052783,63.29908176599649,0,0,2.166481963201619,2.095401788157716,65.6225511873088,60.61883145424163,0.5965805053710938,1.7391144854379874,2.166481963201619,0,0,1
2021-09-24,64.52361297607422,66.09352817122883,63.92704620802721,65.30857416690773,17282355,65.1358871459961,64.66490936279297,64.19393920898438,19379646.0,63.93627945222489,61.9512778006475,61.877173972590036,-0.009399951344018942,2.166481963201619,-0.7849611908335135,0.7849540043210936,0.5965667680470119,18254161.5,-0.10822132664342787,64.94749022754446,63.9898442950065,0,0,2.182184407437859,1.9850016515773845,66.15632886524658,61.00892418481905,0.06278228759765625,1.693249550970545,2.182184407437859,0,0,0
2021-09-27,64.0526351928711,65.84234261350373,63.66015820606587,64.71199768054579,10315860,64.52361297607422,65.1358871459961,64.66490936279297,17282355.0,63.959550600354135,62.14231029084964,64.97982348067183,-0.0072993089115727106,2.182184407437859,-0.6593624876746986,1.1303449329579394,0.3924769868052209,18233849.1,-0.40309870963766226,66.15632886524658,64.85329908393454,0,0,2.6060595716489843,1.8172403095044913,66.15632886524658,61.0557206021062,0.7535552978515625,1.6674527926864064,2.6060595716489843,0,0,0
2021-09-28,66.04644012451172,66.70580268958814,64.09974311793916,64.366628650138,29934006,64.0526351928711,64.52361297607422,65.1358871459961,10315860.0,64.37692850518566,62.49723118481892,72.84241304025812,0.031127601942324556,2.6060595716489843,1.6798114743737216,0.659362565076421,0.2668855321988417,18326218.2,1.901746049287214,66.09352817122883,63.92704620802721,0,0,2.731658144661779,1.8796973203667378,66.15632886524658,61.13258672999347,1.8525009155273438,1.7499491779793925,2.731658144661779,1,0,1
2021-09-29,64.4137191772461,66.69010455772057,63.958446413058795,66.2191292633483,27378225,66.04644012451172,64.0526351928711,64.52361297607422,29934006.0,64.38428663959775,62.67145736594866,61.524894595468076,-0.024720801669061876,2.731658144661779,-1.8054100861021993,0.4709752943722805,0.4552727641872991,17540188.8,-0.08538052006804564,65.84234261350373,63.66015820606587,0,0,1.8368077067563107,1.7128292736490849,66.70580268958814,63.01650668263222,-0.251190185546875,1.830271854984066,1.8368077067563107,1,0,0
2021-09-30,63.72294998168945,65.16727353956419,63.33046583280788,64.68059578209525,34237251,64.4137191772461,66.04644012451172,64.0526351928711,27378225.0,64.25201930801609,62.76704760374328,58.39696421590466,-0.010723945215084796,1.8368077067563107,-0.9576458004057997,0.4866777574689394,0.39248414888157157,19726063.8,0.25052851307928115,66.70580268958814,64.09974311793916,0,0,1.6013201924381093,1.4849717042728088,66.70580268958814,63.01650668263222,-1.4129371643066406,1.877883266036132,1.6013201924381093,1,0,0
2021-10-01,63.34617233276367,64.1311334932338,62.529813300795695,62.79669880178336,22069932,63.72294998168945,64.4137191772461,66.04644012451172,34237251.0,64.07084991296561,62.8196953063815,57.50871455165353,-0.00591274649139828,1.6013201924381093,0.5494735309803147,0.7849611604701323,0.2668855009876623,20329142.1,-0.35538247507079346,66.69010455772057,63.958446413058795,0,0,1.3658257282620667,1.251154606584116,66.70580268958814,63.01650668263222,-1.1774406433105469,1.9253919861532225,1.3658257282620667,0,0,0
2021-10-04,64.6178207397461,64.71201437850314,63.346188650241075,63.42468694246227,16627587,63.34617233276367,63.72294998168945,64.4137191772461,22069932.0,64.1802440783217,62.98316125486919,54.260703179309296,0.020074589515880037,1.3658257282620667,1.1931337972838207,0.09419363875704789,0.07849829222119808,20767541.7,-0.24659545847264053,65.16727353956419,63.33046583280788,0,0,0.9733485066288807,1.1970828234525186,66.70580268958814,62.529813300795695,0.565185546875,1.814376323196793,0.9733485066288807,0,0,0
2021-10-05,64.63351440429688,65.1986833458051,64.22533483917621,64.93179781268974,18733530,64.6178207397461,63.34617233276367,63.72294998168945,16627587.0,64.27089814351675,63.133193359362615,47.178020552897124,0.0002428689852291832,0.9733485066288807,-0.29828340839286227,0.26688553311535657,0.4081795651206619,20563103.4,0.1266535547220411,64.1311334932338,62.529813300795695,1,0,3.296827121291294,1.1377047841541312,66.70580268958814,62.529813300795695,-1.4129257202148438,1.7470941260604995,3.296827121291294,0,0,0
2021-10-06,62.57691955566406,65.46556712278425,62.16874000149296,64.64920801444204,15618651,64.63351440429688,64.6178207397461,63.34617233276367,18733530.0,63.93210242594621,63.08262301357183,41.95630623164702,-0.03181932574126112,3.296827121291294,-2.072288458777976,0.8163591083422119,0.40817955417110596,21157704.3,-0.16627293414535327,64.71201437850314,63.346188650241075,0,0,1.0361441169015748,0.8494794123743787,66.70580268958814,62.529813300795695,-1.8367996215820312,1.887265526020608,1.0361441169015748,0,0,0
2021-10-07,63.77004623413086,63.98983851782902,62.953694400927446,63.11068375606041,7587423,62.57691955566406,64.63351440429688,64.6178207397461,15618651.0,63.899691187583144,63.14511603362265,47.40559137788406,0.019066561392583115,1.0361441169015748,0.6593624780704488,0.21979228369816184,0.1569893551329642,19978482.0,-0.5142075330321422,65.1986833458051,64.22533483917621,0,1,1.3344278371993212,0.754575153960495,66.70580268958814,62.16874000149296,0.04709625244140625,1.812133583613728,1.3344278371993212,0,0,0
2021-10-08,62.84381484985352,63.94275499892861,62.60832716172929,63.738665190120024,9881742,63.77004623413086,62.57691955566406,64.63351440429688,7587423.0,63.688515920037226,63.11772501691636,48.25934777427837,-0.014524552497213072,1.3344278371993212,-0.8948503402665011,0.20408980880858962,0.2354876881242305,19238420.7,0.30238448548341124,65.46556712278425,62.16874000149296,0,0,3.406723197246322,0.5707909031208658,66.70580268958814,62.16874000149296,-0.5023574829101491,1.7975552403435096,3.406723197246322,0,0,0
2021-10-11,65.49696350097656,66.25052684323352,62.843803645987194,62.843803645987194,21749220,62.84381484985352,63.77004623413086,62.57691955566406,9881742.0,64.0502054362251,63.33401942455819,54.391511236293084,0.042218134870741775,3.406723197246322,2.6531598549893687,0.7535633422569532,0.0,20381756.7,1.2009499944442994,63.98983851782902,62.953694400927446,0,0,2.2449805131287093,0.7161860116669061,66.70580268958814,62.16874000149296,0.8791427612304688,1.91417744339458,2.2449805131287093,0,0,0
2021-10-12,66.01504516601562,66.47031796934743,64.22533745621872,65.52836729961362,18331041,65.49696350097656,62.84381484985352,63.77004623413086,21749220.0,64.4431733821832,63.57774903741796,54.53588466219175,0.007910010439359239,2.2449805131287093,0.4866778664020046,0.455272803331809,1.3030298433948957,19221460.2,-0.15716329137320784,63.94275499892861,62.60832716172929,1,0,2.150786397931668,0.8654243447652448,66.70580268958814,62.16874000149296,1.38153076171875,2.006129913436776,2.150786397931668,0,0,0
2021-10-13,65.51265716552734,67.17676580692141,65.02597940898974,66.28191574728629,16863453,66.01504516601562,65.49696350097656,62.84381484985352,18331041.0,64.65707013885203,63.75364977633699,51.263121924618865,-0.007610204601464221,2.150786397931668,-0.7692585817589475,0.8948500596351181,0.4866777565376026,18169983.0,-0.08006026498986063,66.25052684323352,62.843803645987194,0,0,1.1303379098435897,0.9034203625150425,66.69010455772057,62.16874000149296,2.9357376098632812,2.0666839574810356,1.1303379098435897,0,0,0
2021-10-14,66.10923767089844,66.76860025388834,65.63826234404475,65.71675344084491,15404877,65.51265716552734,66.01504516601562,65.49696350097656,16863453.0,64.94750364526132,63.96779413038803,55.32140812440918,0.00910633961714824,1.1303379098435897,0.39248423005352606,0.6593625829898997,0.07849109680016397,16286745.6,-0.08649331782761216,66.47031796934743,64.22533745621872,0,0,5.180729171278031,0.9797095148732922,67.17676580692141,62.16874000149296,2.339191436767578,1.992673667955462,5.180729171278031,0,0,0
2021-10-18,68.18153381347656,69.54736672508551,64.36663755380748,64.4451286593327,40084623,66.10923767089844,65.51265716552734,66.01504516601562,15404877.0,65.59430967890437,64.35086137430517,62.511918138227294,0.03134654422872529,5.180729171278031,3.736405154143867,1.3658329116089476,0.07849110552521665,18088214.7,1.6020735511228037,67.17676580692141,65.02597940898974,0,0,4.223074901866042,1.2434483045991982,67.17676580692141,62.16874000149296,5.33771896362304,2.2068554368011886,4.223074901866042,1,0,0
2021-10-19,64.9474868774414,68.82518518464852,64.60211028278248,68.82518518464852,15424062,68.18153381347656,66.10923767089844,65.51265716552734,40084623.0,65.46494511861178,64.40510005640846,46.902630319310205,-0.04743288622521313,4.223074901866042,-3.877698307207112,0.0,0.34537659465893,17967862.2,-0.6152124968220357,66.76860025388834,65.63826234404475,0,0,2.3077761522625124,1.0598450622033226,69.54736672508551,62.16874000149296,-0.5494766235351562,2.3223565318166925,2.3077761522625124,0,0,0
2021-10-20,64.30382537841797,65.99933937480348,63.69156322254097,64.94749259581408,16082943,64.9474868774414,68.18153381347656,66.10923767089844,15424062.0,65.23272117057303,64.39589326750023,49.67197927849105,-0.009910491228676044,2.3077761522625124,-0.6436672173961142,1.0518467789894004,0.6122621558769978,17702803.5,0.04271773544478741,69.54736672508551,64.36663755380748,0,0,1.2402338121603833,0.8368279030728019,69.54736672508551,62.16874000149296,-1.7112197875976562,2.2920792466453164,1.2402338121603833,0,0,0
2021-10-21,64.17822265625,64.99458163668882,63.75434782452844,64.63350254399921,15707487,64.30382537841797,64.9474868774414,68.18153381347656,16082943.0,65.02182146770842,64.37610503011385,51.40638849916486,-0.0019532698315973818,1.2402338121603833,-0.4552798877492137,0.36107909268960725,0.4238748317215624,17711687.1,-0.023344981077157323,68.82518518464852,64.60211028278248,0,0,2.166489365237233,0.6457164375945723,69.54736672508551,62.16874000149296,-1.3344345092773438,2.24946682560275,2.166489365237233,0,0,0
2021-10-22,63.25198745727539,64.96319684312354,62.79670747788631,64.39802789156565,10288875,64.17822265625,64.30382537841797,64.9474868774414,15707487.0,64.66785466562182,64.27391252349217,49.718604772025415,-0.014432235120247716,2.166489365237233,-1.1460404342902564,0.5651689515578937,0.4552799793890827,17981832.3,-0.34497001334459165,65.99933937480348,63.69156322254097,0,0,2.747353842044866,0.39394214212964584,69.54736672508551,62.60832716172929,-2.857250213623047,2.289836052231259,2.747353842044866,0,0,0
2021-10-25,63.204891204833984,63.58167292614347,60.8343190840986,63.58167292614347,13207770,63.25198745727539,64.17822265625,64.30382537841797,10288875.0,64.37526197346425,64.17672876725051,45.44533170817245,-0.0007445813852603456,2.747353842044866,-0.3767817213094844,0.0,2.370572120735382,18314435.1,0.2836942814447643,64.99458163668882,63.75434782452844,0,1,1.9310011302405528,0.19853320621373882,69.54736672508551,62.60832716172929,-4.976642608642578,2.3885166317871733,1.9310011302405528,0,0,0
2021-10-26,64.7433853149414,65.07307369316125,63.142072562920696,63.20486829595943,9505146,63.204891204833984,63.25198745727539,64.17822265625,13207770.0,64.44888664175969,64.22824299885878,50.32251259279432,0.024341377396275954,1.9310011302405528,1.5385170189819775,0.3296883782198421,0.0627957330387332,17090027.7,-0.28033680174624487,64.96319684312354,62.79670747788631,0,0,1.161735814505846,0.2206436429009102,69.54736672508551,60.8343190840986,-0.2041015625,2.4569203906165784,1.161735814505846,0,0,0
2021-10-27,65.01029205322266,65.85804909976116,64.69631328525531,64.82190479244225,9492999,64.7433853149414,63.204891204833984,63.25198745727539,9505146.0,64.56116772405228,64.2993383674373,57.98146490975193,0.004122532934953904,1.161735814505846,0.18838726078040224,0.8477570465385043,0.12559150718693957,16206223.5,-0.0012779393393852478,63.58167292614347,60.8343190840986,1,0,2.4961702945157995,0.26182935661498163,69.54736672508551,60.8343190840986,0.7064666748046875,2.304413868703332,2.4961702945157995,0,0,0
2021-10-28,62.890892028808594,65.26147083810682,62.76530054359102,65.01028068115957,11429706,65.01029205322266,64.7433853149414,63.204891204833984,9492999.0,64.22711258500355,64.17129779119833,47.28155543649987,-0.03260099220411061,2.4961702945157995,-2.1193886523509775,0.25119015694724567,0.12559148521757635,15662848.8,0.2040142424959699,65.07307369316125,63.142072562920696,0,0,11.115012063352182,0.055814793805225804,69.54736672508551,60.8343190840986,-1.2873306274414062,2.408701452818634,11.115012063352182,0,0,0
2021-10-29,64.9474868774414,68.71528903854635,57.60027697519416,62.105939913748,95295024,62.890892028808594,65.01029205322266,64.7433853149414,11429706.0,64.37118744349112,64.24186043540224,56.07978954103991,0.03270099663542281,11.115012063352182,2.8415469636934034,3.767802161104939,4.50566293855384,23651863.5,7.3374868959884,65.85804909976116,64.69631328525531,0,0,3.9247923916576966,0.12932700808887887,69.54736672508551,60.8343190840986,1.6954994201660156,3.1073146118295525,3.9247923916576966,1,0,0
2021-11-01,62.96940612792969,65.55977068745682,61.63497829579912,65.21438682978284,23954010,64.9474868774414,62.890892028808594,65.01029205322266,95295024.0,64.09083118037884,64.12618277108656,42.398536482169746,-0.03045661725517479,3.9247923916576966,-2.2449807018531516,0.34538385767397983,1.3344278321305652,22038802.2,-0.7486331500372989,65.26147083810682,62.76530054359102,0,0,1.9937975083099104,-0.03535159070771954,69.54736672508551,57.60027697519416,-0.23548507690429688,3.144319554287508,1.9937975083099104,0,0,0
2021-11-02,62.985103607177734,63.92705428051932,61.93325677220941,63.42468106717136,19613109,62.96940612792969,64.9474868774414,62.890892028808594,23954010.0,63.86968566573862,64.02244830164031,40.60371426563721,0.00024928739547203094,1.9937975083099104,-0.43957745999362885,0.5023732133479584,1.0518468349683232,22457706.9,-0.18121813424975608,68.71528903854635,57.60027697519416,0,0,2.1350913982904345,-0.15276263590168782,68.82518518464852,57.60027697519416,-1.7582817077636719,3.1263779110861654,2.1350913982904345,0,0,0
2021-11-03,62.90660095214844,64.75910429346227,62.62401289517184,63.40897413059687,25307715,62.985103607177734,62.96940612792969,64.9474868774414,19613109.0,63.67706872302059,63.921007633504686,41.70003280321715,-0.0012463685940551361,2.1350913982904345,-0.5023731784484298,1.3501301628654048,0.28258805697659994,23380184.1,0.29034693071863305,65.55977068745682,61.63497829579912,0,0,0.31398594375530564,-0.243938910484097,68.71528903854635,57.60027697519416,-2.1036911010742188,3.12525683968322,0.31398594375530564,0,0,0
2021-11-04,63.37757873535156,63.51887276936711,63.2048868256118,63.48747489364289,1434759,62.90660095214844,62.985103607177734,62.96940612792969,25307715.0,63.61717072548679,63.871605006399854,41.22983722814612,0.007486937397259474,0.31398594375530564,-0.1098961582913276,0.03139787572421682,0.17269190973976123,21952911.3,-0.9433074459705272,63.92705428051932,61.93325677220941,0,0,3.689303399970406,-0.25443428091306686,68.71528903854635,57.60027697519416,0.48668670654296875,3.0669459849626284,3.689303399970406,0,0,0
2021-11-08,66.7057876586914,66.97267313075261,63.283369730782205,63.283369730782205,35893830,63.37757873535156,62.90660095214844,62.985103607177734,1434759.0,64.23489411212772,64.12925797479,45.61559869385283,0.0525139803342376,3.689303399970406,3.4224179279092013,0.2668854720612046,0.0,24513406.8,24.017323466867953,64.75910429346227,62.62401289517184,0,0,3.6893044048811987,0.1056361373377257,68.71528903854635,57.60027697519416,1.75830078125,2.9604155727263692,3.6893044048811987,0,0,0
2021-11-09,69.32756805419922,70.3951102332264,66.7058058283452,66.7058058283452,51756600,66.7057876586914,63.37757873535156,62.90660095214844,35893830.0,65.25342890054202,64.60183161837264,63.50439823374385,0.039303641970656056,3.6893044048811987,2.621762225854013,1.0675421790271855,0.0,28368289.8,0.44193584245537454,63.51887276936711,63.2048868256118,1,0,0.7692657015993518,0.6515972821693765,68.71528903854635,57.60027697519416,6.358161926269531,2.9222891086560234,0.7692657015993518,1,0,0
2021-11-10,68.98216247558594,69.51594058332107,68.74667488172172,69.3589440630709,15949584,69.32756805419922,66.7057876586914,63.37757873535156,51756600.0,65.99917561555081,65.00004351448294,64.69420804751232,-0.00498222551731875,0.7692657015993518,-0.37678158748495605,0.15699652025017485,0.2354875938642209,29012733.6,-0.6918347804917634,66.97267313075261,63.283369730782205,1,0,1.7269115019804246,0.9991321010678718,70.3951102332264,57.60027697519416,5.997058868408203,2.8123955050372262,1.7269115019804246,0,0,0
2021-11-11,70.11251068115234,70.64628162858905,68.91937012660863,68.99786839058864,23431827,68.98216247558594,69.32756805419922,66.7057876586914,15949584.0,66.82184262867112,65.46481325690743,67.53244821201798,0.01638609410028935,1.7269115019804246,1.1146422905637081,0.5337709474367074,0.07849826398000914,30406616.4,0.46911837951384805,70.3951102332264,66.7058058283452,0,0,1.852503550051651,1.3570293717636872,70.3951102332264,57.60027697519416,7.205909729003906,2.847158197167229,1.852503550051651,0,0,0
2021-11-12,70.20672607421875,71.58825426724903,69.73575071719738,70.80329294337552,23132022,70.11251068115234,68.98216247558594,69.32756805419922,23431827.0,67.49881931778066,65.89589624029936,71.6096952714868,0.0013437743442801242,1.852503550051651,-0.5965668691567743,0.7849613238735031,0.4709753570213735,31576848.0,-0.012794776950171283,69.51594058332107,68.74667488172172,1,0,1.6484133189592995,1.602923077481293,70.64628162858905,57.60027697519416,6.8291473388671875,2.8247306389396876,1.6484133189592995,0,0,1
2021-11-15,69.9084243774414,70.96027098308524,69.31185766412594,70.56778683042043,8602539,70.20672607421875,70.11251068115234,68.98216247558594,23132022.0,67.98074032971282,66.26067152549409,70.5089891991428,-0.004248904819489696,1.6484133189592995,-0.6593624529790247,0.39248415266480663,0.5965667133154682,22907599.5,-0.6281112390434351,70.64628162858905,68.91937012660863,0,0,2.2920810194863748,1.7200688042187267,71.58825426724903,57.60027697519416,3.20263671875,2.7462348872907185,2.2920810194863748,0,0,1
2021-11-16,68.3856201171875,70.33231729322738,68.040236273741,69.84564659247421,8030718,69.9084243774414,70.20672607421875,70.11251068115234,8602539.0,68.06171628720776,66.4538486701935,61.15386987732017,-0.02178284339569947,2.2920810194863748,-1.4600264752867105,0.4866707007531659,0.3453838434464984,21315270.3,-0.06647118949417141,71.58825426724903,69.73575071719738,0,0,1.4914241690493526,1.6078676170142643,71.58825426724903,61.63497829579912,-0.9419479370117188,2.7720263079511342,1.4914241690493526,0,0,0
2021-11-17,67.64775085449219,68.38561167388208,66.89418750483273,68.35421379985567,18084606,68.3856201171875,69.9084243774414,70.20672607421875,8030718.0,67.97892320066465,66.56238523240246,57.85042683801955,-0.010789830690002944,1.4914241690493526,-0.7064629453634836,0.03139787402641048,0.7535633496594585,21162420.0,1.251928905983251,70.96027098308524,69.31185766412594,0,1,2.8572499843615162,1.4165379682621904,71.58825426724903,61.93325677220941,-1.33441162109375,2.7955754761328135,2.8572499843615162,0,0,0
2021-11-18,65.57546997070312,68.29142591242588,65.43417592806436,67.67915651866694,28766142,67.64775085449219,68.3856201171875,69.9084243774414,18084606.0,67.49823255467236,66.47266566315707,58.013154514765006,-0.030633404032108347,2.8572499843615162,-2.103686547963818,0.6122693937589361,0.1412940426387621,21508262.7,0.5906424502695828,70.33231729322738,68.040236273741,0,0,3.0299417675252727,1.0255668915152825,71.58825426724903,62.62401289517184,-4.537040710449219,2.8213668825503646,3.0299417675252727,0,0,0
2021-11-22,63.7386589050293,66.06213767784422,63.03219591031895,65.90514829674632,17243226,65.57546997070312,67.64775085449219,68.3856201171875,28766142.0,66.74631782474376,66.22411959423637,46.34381712843686,-0.028010642798205643,3.0299417675252727,-2.166489391717022,0.15698938109790106,0.7064629947103498,23089109.4,-0.40057217266048395,68.38561167388208,66.89418750483273,0,1,2.81015606887145,0.5221982305073851,71.58825426724903,63.2048868256118,-6.468067169189453,2.243861861419871,2.81015606887145,0,0,0
2021-11-23,66.25051879882812,66.45460854646996,63.644452477598506,63.89564262335452,17089326,63.7386589050293,65.57546997070312,67.64775085449219,17243226.0,66.64715801956064,66.22651952192653,59.613537844159744,0.0394087346196208,2.81015606887145,2.3548761754736063,0.20408974764183085,0.25119014575601284,21208659.0,-0.008925244034961866,68.29142591242588,65.43417592806436,0,0,1.868198840820412,0.4206384976341013,71.58825426724903,63.03219591031895,-3.6579055786132812,2.1642449812208535,1.868198840820412,0,0,0
2021-11-24,65.41847229003906,66.86279619662265,64.99459735580224,66.59591064793403,11478315,66.25051879882812,63.7386589050293,65.57546997070312,17089326.0,66.40142087365632,66.15306068266403,56.80418474220294,-0.012559094236161417,1.868198840820412,-1.177438357894971,0.26688554868862013,0.4238749342368209,17180830.5,-0.32833424793932775,66.06213767784422,63.03219591031895,0,0,2.182184435176282,0.2483601909922868,71.58825426724903,63.03219591031895,-2.9671478271484375,2.1552736478287464,2.182184435176282,0,0,0
2021-11-25,66.4546127319336,66.75289610807859,64.5707116729023,65.4184614002566,9875469,65.41847229003906,66.25051879882812,63.7386589050293,11478315.0,66.41205924531178,66.1804745053249,59.41664182803676,0.015838652380946838,2.182184435176282,1.0361513316769901,0.2982833761449939,0.847749727354298,16573419.0,-0.13964122782830057,66.45460854646996,63.644452477598506,0,0,4.317276348704937,0.23158473998688578,71.58825426724903,63.03219591031895,-1.1931381225585938,2.1586374361777354,4.317276348704937,0,0,0
2021-11-26,62.23154067993164,66.04644381136505,61.729167462660115,65.46557230853087,22881369,66.4546127319336,65.41847229003906,66.25051879882812,9875469.0,65.57595553223575,65.82148052119824,47.4635236999912,-0.06354821551721468,4.317276348704937,-3.234031628599226,0.5808715028341851,0.5023732172715256,16518373.2,1.3169906158380935,66.86279619662265,64.99459735580224,0,0,3.9247921581482785,-0.24552498896248665,71.58825426724903,63.03219591031895,-3.3439292907714844,2.444586750816995,3.9247921581482785,0,0,0
2021-11-29,61.933258056640625,63.20489005472143,59.28009789657315,61.61927209684392,14850591,62.23154067993164,66.4546127319336,65.41847229003906,22881369.0,64.84741603711673,65.468005751693,37.80104199493902,-0.004793110053712746,3.9247921581482785,0.3139859597967032,1.2716319980808066,2.3391742002707687,15690230.1,-0.3509745417767617,66.75289610807859,64.5707116729023,0,1,2.543270838328098,-0.6205897145762691,71.58825426724903,61.729167462660115,-1.8054008483886719,2.461407376401129,2.543270838328098,0,0,0
2021-11-30,63.97414016723633,64.46081797970166,61.91754714137356,61.9332496711684,32274063,61.933258056640625,62.23154067993164,66.4546127319336,14850591.0,64.67276086314065,65.33219978946967,35.8974245600058,0.03295292666065186,2.543270838328098,2.040890496067931,0.4866778124653308,0.01570252979483655,18057382.5,1.1732510847548085,66.04644381136505,61.729167462660115,0,0,1.5071195728595939,-0.6594389263290168,70.96027098308524,59.28009789657315,-2.276378631591797,2.37954783593305,1.5071195728595939,1,0,0
2021-12-01,64.63351440429688,64.77480124978918,63.267681676929584,64.0526429318934,14136084,63.97414016723633,61.933258056640625,62.23154067993164,32274063.0,64.6649115713719,65.26868293627214,38.7307374905148,0.010306887053688651,1.5071195728595939,0.5808714724034729,0.14128684549230286,0.7849612549638181,18667919.1,-0.5619986240963835,63.20489005472143,59.28009789657315,1,0,1.4286282722055574,-0.6037713649002399,70.33231729322738,59.28009789657315,-0.7849578857421875,2.43225168388021,1.4286282722055574,0,0,0
2021-12-02,64.64920043945312,64.93178846277219,63.50316019056663,64.08403157932696,13228377,64.63351440429688,63.97414016723633,61.933258056640625,14136084.0,64.66176934498814,65.21236634565223,34.97408554497994,0.00024269197336423964,1.4286282722055574,0.565168860126164,0.2825880233190645,0.580871388760329,18182296.2,-0.06421205476707692,64.46081797970166,61.91754714137356,0,0,1.3187323121285317,-0.5505970006640837,68.38561167388208,59.28009789657315,-1.8054122924804688,2.410945738896291,1.3187323121285317,0,0,0
2021-12-03,64.88469696044922,65.87374799117386,64.55501567904533,64.63351395995595,12481431,64.64920043945312,64.63351440429688,63.97414016723633,13228377.0,64.70635486808037,65.18257821972468,35.47553092874949,0.0036426826533864087,1.3187323121285317,0.25118300049327047,0.9890510307246387,0.0784982809106225,16553825.1,-0.056465430339640355,64.77480124978918,63.267681676929584,0,0,1.4286285467122894,-0.4762233516443075,68.29142591242588,59.28009789657315,2.653156280517578,2.3728192219017825,1.4286285467122894,0,0,0
2021-12-06,65.26148223876953,66.31332907749623,64.88470053078395,64.88470053078395,14751723,64.88469696044922,64.64920043945312,64.63351440429688,12481431.0,64.8173803422182,65.18975131236512,37.37202200157984,0.005806997581417228,1.4286285467122894,0.37678170798558597,1.0518468387267035,0.0,16304674.8,0.18189356653095312,64.93178846277219,63.50316019056663,0,0,2.0408905801874226,-0.37237097014691756,66.86279619662265,59.28009789657315,3.3282241821289062,2.357120309598425,2.0408905801874226,0,0,0
2021-12-07,66.0621337890625,67.41226394656793,65.37137336638051,65.74815504534924,23275224,65.26148223876953,64.88469696044922,64.64920043945312,14751723.0,65.06633103158707,65.26905881024669,43.428027989750504,0.012268362942840616,2.0408905801874226,0.31397874371326395,1.3501301575054327,0.37678167896872594,16923264.6,0.5777969800544656,65.87374799117386,64.55501567904533,0,0,1.4600190418165937,-0.20272777865962155,66.86279619662265,59.28009789657315,2.087993621826172,2.3391781353627854,1.4600190418165937,0,0,0
2021-12-08,65.60685729980469,66.86278657651603,65.40276753469944,66.26621981075252,9462426,66.0621337890625,65.26148223876953,64.88469696044922,23275224.0,65.1744362852306,65.29976776384287,44.133558133486204,-0.006891640689528966,1.4600190418165937,-0.6593625109478296,0.5965667657635123,0.20408976510525179,16721675.7,-0.5934549974685528,66.31332907749623,64.88470053078395,0,0,1.617015690662953,-0.12533147861226723,67.41226394656793,59.28009789657315,0.9733428955078125,2.3369349119890166,1.617015690662953,0,0,0
2021-12-09,65.2300796508789,65.73245282973909,64.11543713907614,64.71200394150145,12294123,65.60685729980469,66.0621337890625,65.26148223876953,9462426.0,65.18556495836026,65.29343248084614,48.89997074429052,-0.005742961398135793,1.617015690662953,0.518075709377456,0.5023731788601822,0.5965668024253148,16963541.1,0.29925697701625364,67.41226394656793,65.37137336638051,0,0,1.8054027867981972,-0.10786752248587561,67.41226394656793,59.28009789657315,0.5808792114257812,2.248346748153405,1.8054027867981972,0,0,0
2021-12-10,64.539306640625,66.20342259714845,64.39801981035025,65.18297379425613,18276354,65.2300796508789,65.60685729980469,66.0621337890625,12294123.0,65.05631329481321,65.22487558628058,52.75077988020474,-0.010589792530547704,1.8054027867981972,-0.643667153631128,1.020448802892318,0.1412868302747512,16503039.6,0.48659274028737154,66.86278657651603,65.40276753469944,0,0,1.6327181208420711,-0.16856229146736723,67.41226394656793,59.28009789657315,-0.34539031982421875,2.160879678101471,1.6327181208420711,0,0,0
2021-12-13,65.60685729980469,66.37611595808129,64.74339783723921,64.93179225930459,27024840,64.539306640625,65.2300796508789,65.60685729980469,18276354.0,65.16642209581151,65.25960119660095,47.544925026015655,0.016541092781243272,1.6327181208420711,0.6750650405001011,0.7692586582765983,0.1883944220653717,17720464.5,0.4786778588333318,65.73245282973909,64.11543713907614,0,0,1.3344278269194945,-0.0931791007894418,67.41226394656793,59.28009789657315,0.34537506103515625,2.076776967527944,1.3344278269194945,1,0,0
2021-12-14,65.8737564086914,66.84710503300572,65.51267720608622,65.74816489239636,19438713,65.60685729980469,64.539306640625,65.2300796508789,27024840.0,65.3078889583875,65.31543348860917,51.814799519013505,0.004068158724126469,1.3344278269194945,0.12559151629504584,0.9733486243143119,0.23548768631013672,16436929.5,-0.2807094140057813,66.20342259714845,64.39801981035025,0,0,1.240234020538864,-0.007544530221679224,67.41226394656793,61.91754714137356,-0.18837738037109375,2.0386504665350214,1.240234020538864,0,0,0
2021-12-15,65.30857849121094,66.046439328576,64.80620530803714,65.77955379959344,14031681,65.8737564086914,65.60685729980469,64.539306640625,19438713.0,65.30802686495218,65.31481030702751,45.25360672551854,-0.008579712897713199,1.240234020538864,-0.47097530838250634,0.2668855289825558,0.5023731831738019,16426489.2,-0.2781579212574413,66.37611595808129,64.74339783723921,0,0,1.6484131926961965,-0.006783442075331436,67.41226394656793,63.267681676929584,-0.29827880859375,1.97136829406092,1.6484131926961965,0,0,0
2021-12-16,65.057373046875,66.1877106472622,64.539297454566,65.62254184706859,23209956,65.30857849121094,65.8737564086914,65.60685729980469,14031681.0,65.25789610133675,65.29140691974092,67.4416469162231,-0.0038464387089629515,1.6484131926961965,-0.5651688001935895,0.5651688001936037,0.5180755923090032,17424647.1,0.6541108652626866,66.84710503300572,65.51267720608622,0,0,2.4647729409479453,-0.03351081840416725,67.41226394656793,63.50316019056663,-0.17270660400390625,1.7807352114888673,2.4647729409479453,0,0,0
2021-12-17,63.204891204833984,65.35567818027175,62.89090523932381,65.23008666867312,12549333,65.057373046875,65.30857849121094,65.8737564086914,23209956.0,64.8472951220362,65.1017236729312,56.58534850780618,-0.028474587203302426,2.4647729409479453,-2.0251954638391396,0.12559151159862836,0.3139859655101773,17431437.3,-0.45931250365145027,66.046439328576,64.80620530803714,0,0,2.904350037556412,-0.2544285508949997,67.41226394656793,64.11543713907614,-1.3344154357910156,1.6764481245459864,2.904350037556412,0,0,0
2021-12-20,61.3052864074707,63.079291429185695,60.17494139162928,63.079291429185695,16835343,63.204891204833984,65.057373046875,65.30857849121094,12549333.0,64.1388933791231,64.75659301243479,35.97368853675064,-0.030054711924225264,2.904350037556412,-1.7740050217149914,0.0,1.1303450158414208,17639799.3,0.3415328926246519,66.1877106472622,64.539297454566,0,1,1.8996040285197324,-0.6176996333116875,67.41226394656793,62.89090523932381,-4.301570892333984,1.7022394959194374,1.8996040285197324,0,0,0
2021-12-21,62.63972473144531,63.25199415484492,61.35239012632519,61.35239012632519,10884186,61.3052864074707,63.204891204833984,65.057373046875,16835343.0,63.83905964958755,64.56415044143574,40.21578219454319,0.021767100394983085,1.8996040285197324,1.2873346051201224,0.61226942339961,0.0,16400695.5,-0.35349187717767316,65.35567818027175,62.89090523932381,0,0,1.1617356582974239,-0.7250907918481957,67.41226394656793,60.17494139162928,-3.2340316772460938,1.7302740998951616,1.1617356582974239,0,0,0
2021-12-22,63.86425018310547,64.11543316370496,62.95369750540754,62.95369750540754,8943987,62.63972473144531,61.3052864074707,63.204891204833984,10884186.0,63.844097756291134,64.5005231452239,46.55652407906223,0.01954870422739008,1.1617356582974239,0.9105526776979289,0.25118298059949495,0.0,16348851.6,-0.1782585303117753,63.079291429185695,60.17494139162928,0,0,1.679811563509773,-0.6564253889327603,66.86278657651603,60.17494139162928,-1.4443283081054688,1.7112103417588662,1.679811563509773,0,0,0
2021-12-23,65.5911636352539,65.85804918161452,64.17823761810475,64.17823761810475,8703837,63.86425018310547,62.63972473144531,61.3052864074707,8943987.0,64.1935109320837,64.59967228068116,52.74056688933021,0.027040377788781544,1.679811563509773,1.4129260171491609,0.2668855463606121,0.0,15989823.0,-0.026850441531276803,63.25199415484492,61.35239012632519,1,0,1.9780948332861499,-0.40616134859746467,66.84710503300572,60.17494139162928,0.5337905883789062,1.7370017168575262,1.9780948332861499,0,0,0
2021-12-24,64.0683364868164,65.528362799237,63.55026796595085,65.37137342723423,9183225,65.5911636352539,63.86425018310547,62.63972473144531,8703837.0,64.16847604303024,64.55136902669345,45.74942283930987,-0.023216955822064622,1.9780948332861499,-1.303036940417826,0.1569893720027693,0.5180685208655547,15080510.1,0.05507777776628853,64.11543316370496,62.95369750540754,0,0,1.8682056539147638,-0.38289298366321134,66.84710503300572,60.17494139162928,0.8634452819824219,1.7762493087556592,1.8682056539147638,0,0,0
2021-12-27,64.9788818359375,65.13587837661846,63.2676727227037,64.05263386657256,8676960,64.0683364868164,65.5911636352539,63.86425018310547,9183225.0,64.3305572016117,64.59023382753382,46.17090063554031,0.014212096006401831,1.8682056539147638,0.9262479693649368,0.15699654068096436,0.7849611438688626,13245722.1,-0.055129325482061065,65.85804918161452,64.17823761810475,0,0,1.1303379377091147,-0.2596766259221255,66.84710503300572,60.17494139162928,3.673595428466797,1.763914671164755,1.1303379377091147,0,0,0
2021-12-28,65.01029205322266,65.65395930732572,64.5236213696166,65.55976567693551,10372101,64.9788818359375,64.0683364868164,65.5911636352539,8676960.0,64.46650417193389,64.62842093896008,47.8261075055492,0.0004833911633699284,1.1303379377091147,-0.5494736237128564,0.09419363039020823,0.48667068360605015,12339060.9,0.19536116335675158,65.528362799237,63.55026796595085,0,0,1.8839009191619311,-0.16191676702618452,66.84710503300572,60.17494139162928,2.3705673217773438,1.7403660208713636,1.8839009191619311,0,0,0
2021-12-29,65.84233856201172,66.84708476069653,64.9631838415346,64.9631838415346,24965061,65.01029205322266,64.9788818359375,64.0683364868164,10372101.0,64.74167104994946,64.73877708651023,52.159430265605884,0.012798688984628548,1.8839009191619311,0.8791547204771177,1.0047461986848134,0.0,13432398.9,1.406943491969467,65.13587837661846,63.2676727227037,0,0,2.3234782839935946,0.002893963439234426,66.1877106472622,60.17494139162928,1.97808837890625,1.7594292514784335,2.3234782839935946,1,0,0
2021-12-30,65.92082977294922,66.69009554477117,64.36661726077757,65.87373656178409,42195855,65.84233856201172,65.01029205322266,64.9788818359375,24965061.0,64.97750279454941,64.84623642164104,55.092565510755534,0.0011921084920696323,2.3234782839935946,0.04709321116513365,0.7692657718219493,1.5071193010065116,15330988.8,0.6901963508120408,65.65395930732572,64.5236213696166,0,0,1.3815278225505665,0.13126637290837095,66.84708476069653,60.17494139162928,0.3296661376953125,1.7964346441352477,1.3815278225505665,1,0,0
2021-12-31,65.92082977294922,66.87848276245509,65.49695493990453,65.93653230101206,12683187,65.92082977294922,65.84233856201172,65.01029205322266,42195855.0,65.16616819022937,64.94392672630542,51.256234927806105,0.0,1.3815278225505665,-0.015702528062846,0.9419504614430281,0.4238748330446924,15344374.2,-0.6994210213301757,66.84708476069653,64.9631838415346,0,0,0.847749773126452,0.22224146392395028,66.84708476069653,60.17494139162928,1.8524932861328125,1.7784924799715687,0.847749773126452,0,0,0
2022-01-03,66.32901763916016,66.62730103141023,65.77955125828377,65.8580423489732,8974341,65.92082977294922,65.92082977294922,65.84233856201172,12683187.0,65.39873808001553,65.06984408201949,51.80118070425707,0.006192092357102608,0.847749773126452,0.4709752901869564,0.2982833922500703,0.07849109068942539,14558274.0,-0.29242224371524284,66.69009554477117,64.36661726077757,0,0,2.4647650023550796,0.32889399799604746,66.87848276245509,60.17494139162928,1.3501358032226562,1.7437297618434944,2.4647650023550796,0,0,0
2022-01-04,67.8675308227539,68.77807619052084,66.31331118816576,66.7214906628262,31336737,66.32901763916016,65.92082977294922,65.92082977294922,8974341.0,65.89249662856321,65.32417924026807,59.400178022315565,0.02319517517903691,2.4647650023550796,1.1460401599277077,0.9105453677669288,0.408179474660443,16603529.1,2.4918148307491323,66.87848276245509,65.49695493990453,0,0,1.3501300087153822,0.5683173882951422,66.87848276245509,61.35239012632519,2.85723876953125,1.8311962605446526,1.3501300087153822,1,0,0
2022-01-05,66.9726791381836,68.10302405052093,66.75289404180555,67.74193775527473,11957511,67.8675308227539,66.32901763916016,65.92082977294922,31336737.0,66.10853313048729,65.4740428673513,56.7180918535011,-0.013185269505492259,1.3501300087153822,-0.7692586170911397,0.36108629524619573,0.21978509637804677,16904881.5,-0.6184187587878087,66.62730103141023,65.77955125828377,1,0,0.8006638844213967,0.6344902631359872,68.77807619052084,62.95369750540754,1.130340576171875,1.8098903188317372,0.8006638844213967,0,0,0
2022-01-06,66.53311920166016,66.92560347071367,66.12493958629227,66.2505382893766,8820915,66.9726791381836,67.8675308227539,66.32901763916016,11957511.0,66.19345034472187,65.57032253410665,62.95845659691228,-0.006563272399727427,0.8006638844213967,0.2825809122835494,0.3924842690535115,0.12559870308433574,16916589.3,-0.2623117804365809,68.77807619052084,66.31331118816576,0,0,2.0251954478043217,0.623127810615216,68.77807619052084,63.2676727227037,0.6122894287109375,1.691025386222698,2.0251954478043217,0,0,0
2022-01-07,65.32427978515625,67.17678331262297,65.15158786481865,66.53311604100593,12974964,66.53311920166016,66.9726791381836,67.8675308227539,8820915.0,66.01961623280874,65.5479550114748,66.53750246048239,-0.01816898758105634,2.0251954478043217,-1.2088362558496755,0.6436672716170477,0.1726919203375985,17295763.2,0.47093175707962276,68.10302405052093,66.75289404180555,0,0,1.0989401418203357,0.47166122133394595,68.77807619052084,63.2676727227037,-0.5965499877929688,1.6282286298118345,1.0989401418203357,0,0,0
2022-01-10,66.20343780517578,66.40752761263705,65.30858747081672,65.60687091560307,9408897,65.32427978515625,66.53311920166016,66.9726791381836,12974964.0,66.05638054728216,65.6075443563567,65.23492156887048,0.01345836529558353,1.0989401418203357,0.5965668895727134,0.2040898074612727,0.2982834447863496,17368956.9,-0.2748421498510516,66.92560347071367,66.12493958629227,0,0,1.1303451462647587,0.4488361909254621,68.77807619052084,63.2676727227037,-0.125579833984375,1.571038352190449,1.1303451462647587,0,0,0
2022-01-11,66.07784271240234,66.61161381486897,65.48126866860422,66.25053463140863,10022118,66.20343780517578,65.32427978515625,66.53311920166016,9408897.0,66.0606729803062,65.65029875236084,60.444490202035766,-0.0018971083215201245,1.1303451462647587,-0.172691919006283,0.3610791834603475,0.5965740437981282,17333958.6,0.0651745895400917,67.17678331262297,65.15158786481865,0,0,0.9890511499819041,0.41037422794535416,68.77807619052084,64.36661726077757,-1.7896881103515625,1.5687961727595443,0.9890511499819041,0,0,0
2022-01-12,66.12493896484375,66.5488211090562,65.5597699590743,66.2505376667477,7794744,66.07784271240234,66.20343780517578,65.32427978515625,10022118.0,66.07352617721371,65.69344786258655,52.9929798893723,0.0007127389531524919,0.9890511499819041,-0.12559870190395372,0.29828344230850234,0.5651690057694481,15616926.9,-0.22224583665847875,66.40752761263705,65.30858747081672,0,0,1.5856104785456324,0.3800783146271556,68.77807619052084,64.36661726077757,-0.8477401733398438,1.5194561432218394,1.5856104785456324,0,0,0
2022-01-13,65.79524230957031,66.65869455641368,65.07308407786805,66.53310307029366,12144687,66.12493896484375,66.07784271240234,66.20343780517578,7794744.0,66.01786940368503,65.70270190322144,61.17884351920537,-0.00498596536245921,1.5856104785456324,-0.7378607607233505,0.12559148612001536,0.7221582317022666,12611810.1,0.558061047290328,66.61161381486897,65.48126866860422,0,0,4.301573626077726,0.31516750046358766,68.77807619052084,64.36661726077757,-0.7378768920898438,1.4914215464546596,4.301573626077726,0,0,0
2022-01-14,69.10778045654297,69.73574515363416,65.43417152755643,65.65395665625879,27463650,65.79524230957031,66.12493896484375,66.07784271240234,12144687.0,66.63585161425662,66.01225449897794,70.38764105473568,0.050346165325860115,4.301573626077726,3.4538238002841837,0.627964697091187,0.21978512870235534,14089856.4,1.261371577546626,66.5488211090562,65.5597699590743,0,0,2.197879931972423,0.6235971152786846,68.77807619052084,65.07308407786805,3.7835006713867188,1.6652335444662998,2.197879931972423,1,0,1
2022-01-17,67.97743225097656,69.95552706435683,67.7576471323844,69.70434407168008,28842888,69.10778045654297,65.79524230957031,66.12493896484375,27463650.0,66.90416774160062,66.1909070218869,63.216751751714334,-0.01635630891484352,2.197879931972423,-1.7269118207035206,0.25118299267674615,0.21978511859215644,16076711.1,0.05022049144960694,66.65869455641368,65.07308407786805,1,0,3.4224260970578797,0.7132607197137162,69.73574515363416,65.07308407786805,1.7739944458007812,1.7414865440565361,3.4224260970578797,1,0,0
2022-01-18,65.41847229003906,68.60541071551795,65.18298461846007,68.54260777478525,17939775,67.97743225097656,69.10778045654297,65.79524230957031,28842888.0,66.6070286512883,66.12068568262801,48.36368263153834,-0.037644257457234875,3.4224260970578797,-3.1241354847461906,0.06280294073269488,0.2354876715789942,14737014.9,-0.37801738161587706,69.73574515363416,65.43417152755643,0,0,1.6955064811117637,0.4863429686602956,69.95552706435683,65.07308407786805,-0.6593704223632812,1.8513811996205323,1.6955064811117637,0,0,0
2022-01-19,65.35565948486328,66.06212231528774,64.36661583417597,65.66964536055578,30378717,65.41847229003906,67.97743225097656,69.10778045654297,17939775.0,66.3567548180033,66.05113784646757,47.8155402791277,-0.0009601692454280775,1.6955064811117637,-0.31398587569249514,0.3924769547319613,0.9890436506873073,16579135.5,0.6933722412906516,69.95552706435683,67.7576471323844,0,1,1.6798117458155417,0.3056169715357271,69.95552706435683,65.07308407786805,-0.7692794799804688,1.8065260708432587,1.6798117458155417,1,0,0
2022-01-20,66.6744155883789,66.81570964273078,65.13589789691524,65.62256863394332,20278191,65.35565948486328,65.41847229003906,67.97743225097656,30378717.0,66.42028697207842,66.1077994593686,52.64324937647852,0.020178146986965295,1.6798117458155417,1.0518469544355895,0.14129405435187437,0.48667073702807784,17724863.1,-0.3324869183909248,68.60541071551795,65.18298461846007,0,0,2.087990749751313,0.3124875127098221,69.95552706435683,64.36661583417597,0.8791732788085938,1.8278320653621856,2.087990749751313,0,0,0
2022-01-21,64.9788818359375,66.45461051117381,64.3666197614225,66.37611224083334,17723898,66.6744155883789,65.35565948486328,65.41847229003906,20278191.0,66.13200594485023,66.00517058451122,45.6565651607266,-0.025430050454569475,2.087990749751313,-1.3972304048958364,0.07849827034047507,0.6122620745150016,18199756.5,-0.1259625673710244,66.06212231528774,64.36661583417597,0,0,4.301580942400598,0.12683536033901532,69.95552706435683,64.36661583417597,-4.128898620605469,1.9164207065496757,4.301580942400598,0,0,0
2022-01-24,61.948951721191406,65.54406966310292,61.24248872070232,64.97889351350103,20025537,64.9788818359375,66.6744155883789,65.35565948486328,17723898.0,65.29539510011847,65.63642341511851,32.626829786109525,-0.04662945912790928,4.301580942400598,-3.0299417923096286,0.5651761496018821,0.7064630004890873,19261420.5,0.12986076764829035,66.81570964273078,65.13589789691524,0,0,3.54801749177399,-0.34102831500004527,69.95552706435683,64.36661583417597,-6.028480529785156,2.0476218451243553,3.54801749177399,0,0,0
2022-01-25,64.11544036865234,64.52361994450793,60.97560245273394,61.63497222392879,29718342,61.948951721191406,64.9788818359375,66.6744155883789,20025537.0,65.05940415382524,65.49815222907613,42.19560257640309,0.034972159935998226,3.54801749177399,2.4804681447235524,0.4081795758555842,0.6593697711948536,21231042.9,0.4840222262204503,66.45461051117381,64.3666197614225,0,0,2.5589590539224147,-0.438748075250885,69.95552706435683,61.24248872070232,-1.3030319213867188,2.20461380819997,2.5589590539224147,0,0,0
2022-01-27,64.3352279663086,64.77479819949407,62.21583914557166,63.3932773793144,23800311,64.11544036865234,61.948951721191406,64.9788818359375,29718342.0,64.91456891632191,65.3924318415518,43.923623122132476,0.003427997942344385,2.5589590539224147,0.9419505869941958,0.43957023318547783,1.1774382337427411,22831599.6,-0.19913732064864187,65.54406966310292,61.24248872070232,0,0,1.7740123445588267,-0.4778629252298856,69.95552706435683,60.97560245273394,-1.0204315185546875,2.330206320307186,1.7740123445588267,0,0,0
2022-01-28,65.02599334716797,66.25053207847266,64.47651973391383,64.9160971872145,24666333,64.3352279663086,64.11544036865234,61.948951721191406,23800311.0,64.93685380249113,65.35911925115326,49.15102603444884,0.010736969506366156,1.7740123445588267,0.10989615995346469,1.2245387313046905,0.43957745330067155,24083764.2,0.03638700351436586,64.52361994450793,60.97560245273394,0,0,3.799199707875772,-0.4222654486621309,69.95552706435683,60.97560245273394,-1.6484222412109375,2.312264670075365,3.799199707875772,0,0,0
2022-01-31,65.84233856201172,68.99787116430561,65.19867145642984,67.41225359914277,53776260,65.02599334716797,64.3352279663086,64.11544036865234,24666333.0,65.11795075439525,65.40304827941311,48.968562176109344,0.012554136781661285,3.799199707875772,-1.5699150371310537,1.5856175651628348,0.6436671055818834,26715025.2,1.1801481395714557,64.77479819949407,62.21583914557166,1,0,2.857249803893019,-0.2850975250178607,69.95552706435683,60.97560245273394,0.8634567260742188,2.505140353365039,2.857249803893019,1,0,0
2022-02-01,65.12018585205078,66.70580372554035,63.84855392164733,66.45462072028192,29395494,65.84233856201172,65.02599334716797,64.3352279663086,53776260.0,65.11839777392636,65.37733351328926,47.35471612543739,-0.01096790797126379,2.857249803893019,-1.334434868231142,0.25118300525842585,1.2716319304034513,26770285.8,-0.453374146881914,66.25053207847266,64.47651973391383,0,0,1.1617356834243822,-0.25893573936289727,69.95552706435683,60.97560245273394,3.171234130859375,2.6284906860527717,1.1617356834243822,0,0,0
2022-02-02,66.17202758789062,66.6273003433304,65.46556465990602,65.79524592232967,30206025,65.12018585205078,65.84233856201172,65.02599334716797,29395494.0,65.32912373671921,65.4495784291621,50.12323021288558,0.01615231470975176,1.1617356834243822,0.37678166556095505,0.4552727554397791,0.32968126242364804,27996910.8,0.02757330766409294,68.99787116430561,65.19867145642984,0,0,1.224531513080521,-0.12045469244289109,68.99787116430561,60.97560245273394,2.0565872192382812,2.6408252955843774,1.224531513080521,0,0,0
2022-02-03,65.29287719726562,66.3918172088021,65.16728569572157,66.25053036282155,11555226,66.17202758789062,65.12018585205078,65.84233856201172,30206025.0,65.3218744288285,65.43533286262605,48.72206915879289,-0.013285831229174594,1.224531513080521,-0.9576531655559251,0.1412868459805452,0.12559150154405074,26114561.7,-0.617452941921355,66.70580372554035,63.84855392164733,0,0,1.648413590619782,-0.11345843379756104,68.99787116430561,60.97560245273394,0.9576492309570312,2.615033940908298,1.648413590619782,0,0,0
2022-02-04,64.30382537841797,65.8109521247664,64.16253853414662,65.76385171900066,17933076,65.29287719726562,66.17202758789062,65.12018585205078,11555226.0,65.1182646187464,65.33246854587986,36.14131080718219,-0.015147928247356779,1.648413590619782,-1.4600263405826865,0.0471004057657467,0.14128684427134885,25880050.2,0.5519450679718423,66.6273003433304,65.46556465990602,0,0,1.946696941038347,-0.21420392713346814,68.99787116430561,60.97560245273394,-0.72216796875,2.4255225098041593,1.946696941038347,0,0,0
2022-02-07,63.45607376098633,64.6178094761817,62.67111253514336,64.3352286091674,18325029,64.30382537841797,65.29287719726562,66.17202758789062,17933076.0,64.78582644719438,65.16188720179863,36.740361468561964,-0.01318353321039234,1.946696941038347,-0.8791548481810736,0.2825808670143033,0.7849612258429701,25940163.3,0.02185642886920247,66.3918172088021,65.16728569572157,0,1,2.35487686960321,-0.3760607546042536,68.99787116430561,60.97560245273394,-2.3862648010253906,2.4075808675945822,2.35487686960321,0,0,0
2022-02-08,62.63972473144531,64.02125297404679,61.66637610444358,63.48748184180524,26278878,63.45607376098633,64.30382537841797,65.29287719726562,18325029.0,64.35660610404457,64.93259970449378,40.92311050988844,-0.012864789470206972,2.35487686960321,-0.8477571103599288,0.5337711322415473,0.9733486270017337,26565497.4,0.43404291474791123,65.8109521247664,64.16253853414662,0,1,1.6292659328287584,-0.575993600449209,68.99787116430561,60.97560245273394,-2.4804611206054688,2.33132735134782,1.6292659328287584,0,0,0
2022-02-09,64.09498596191406,64.30062188980254,62.671355956973784,63.08262781275075,15305202,62.63972473144531,63.45607376098633,64.30382537841797,26278878.0,64.30428207561847,64.85645300062289,46.22533971919683,0.02323224178758565,1.6292659328287584,1.0123581491633118,0.20563592788847984,0.4112718557769668,25124183.4,-0.4175854083267938,64.6178094761817,62.67111253514336,0,0,1.3445370163801158,-0.5521709250044182,68.99787116430561,60.97560245273394,-2.0770416259765625,2.3265958836133196,1.3445370163801158,0,0,0
2022-02-10,64.15825653076172,64.77516430567373,63.43062728929361,64.205713759969,12104241,64.09498596191406,62.63972473144531,63.45607376098633,15305202.0,64.27507696664713,64.79298059427188,41.853758014142635,0.0009871375724344045,1.3445370163801158,-0.047457229207282126,0.5694505457047256,0.727629241468108,23954576.4,-0.20914202896505385,64.02125297404679,61.66637610444358,0,0,1.202172444383713,-0.5179036276247473,68.99787116430561,61.66637610444358,-1.1346206665039062,2.3026476886536464,1.202172444383713,0,0,0
2022-02-11,63.38316345214844,64.4271572172595,63.22498477287579,63.54134213142109,11505933,64.15825653076172,64.09498596191406,62.63972473144531,12104241.0,64.0966942637474,64.66481539953338,44.506327518005456,-0.012080956069023596,1.202172444383713,-0.15817867927265183,0.8858150858384164,0.15817867927264473,22638536.4,-0.04942961727216111,64.30062188980254,62.671355956973784,0,0,2.072173092927571,-0.5681211357859866,68.99787116430561,61.66637610444358,-0.9206619262695312,2.2393749525559605,2.072173092927571,0,0,0
2022-02-14,61.97534942626953,63.082614561645926,61.010441468718355,62.32334248878746,31961610,63.38316345214844,64.15825653076172,64.09498596191406,11505933.0,63.672425296251824,64.42031849287304,50.10230777964915,-0.022211166959846484,2.072173092927571,-0.3479930625179293,0.7592720728584652,0.9649079575511763,20457071.4,1.7778373122805426,64.77516430567373,63.43062728929361,0,1,2.151266184856908,-0.747893196621213,68.99787116430561,61.66637610444358,-1.4807243347167969,2.080131534736459,2.151266184856908,1,0,0
2022-02-15,62.94025421142578,63.0826186394088,60.93135245455189,62.070260637460464,10746255,61.97534942626953,63.38316345214844,64.15825653076172,31961610.0,63.52599107928662,64.28576719455965,44.97763912455444,0.015569170550690847,2.151266184856908,0.8699935739653171,0.14236442798301852,1.1389081829085725,18592147.5,-0.6637761677212131,64.4271572172595,63.22498477287579,0,1,1.5185446571878458,-0.7597761152730342,66.70580372554035,61.010441468718355,0.30052947998046875,1.9803635842423815,1.5185446571878458,0,0,0
2022-02-16,62.956092834472656,63.699543670781985,62.18099901359414,63.19336453203856,13420629,62.94025421142578,61.97534942626953,63.38316345214844,10746255.0,63.41201143032383,64.16488770727902,44.001460096233615,0.00025164536186439435,1.5185446571878458,-0.23727169756590172,0.5061791387434269,0.7750938208785172,16913607.9,0.2488656746001281,63.082614561645926,61.010441468718355,0,0,1.9614449141194399,-0.7528762769551918,66.6273003433304,60.93135245455189,-1.1388931274414062,1.9060482701899122,1.9614449141194399,0,0,0
2022-02-17,63.588809967041016,64.74353262081476,62.78208770669532,63.03517363576519,19166469,62.956092834472656,62.94025421142578,61.97534942626953,13420629.0,63.44737113766727,64.11251700362102,43.71725417513957,0.010050133419682306,1.9614449141194399,0.5536363312758255,1.1547226537737458,0.2530859290698686,17674732.2,0.42813492571771405,63.0826186394088,60.93135245455189,0,0,0.8225366143470509,-0.6651458659537539,66.3918172088021,60.93135245455189,-0.5694465637207031,1.9194363108728132,0.8225366143470509,0,0,0
2022-02-18,63.27245330810547,63.77863247114901,62.95609585680196,63.27245330810547,10616886,63.588809967041016,62.956092834472656,62.94025421142578,19166469.0,63.41238757175491,64.03614757675597,38.252010488230034,-0.004975036631437502,0.8225366143470509,0.0,0.5061791630435408,0.3163574513035101,16943113.2,-0.4460698003372452,63.699543670781985,62.18099901359414,0,0,1.5818083713661721,-0.6237600050010528,65.8109521247664,60.93135245455189,-0.11071014404296875,1.7068175184779046,1.5818083713661721,0,0,0
2022-02-21,62.687164306640625,63.857700908441466,62.27589253707529,62.63970708670803,10470885,63.27245330810547,63.588809967041016,62.956092834472656,10616886.0,63.26734291873206,63.913512734018205,38.7367306458859,-0.00925029725992721,1.5818083713661721,0.04745721993259622,1.1705366018008405,0.3638145496327354,16157698.8,-0.013751772412362695,64.74353262081476,62.78208770669532,0,0,2.135444669221968,-0.646169815286143,64.77516430567373,60.93135245455189,0.7118148803710938,1.6157145590117012,2.135444669221968,0,0,0
2022-02-22,62.43407440185547,63.304067964553326,61.16862329533136,61.69062377752338,20409699,62.687164306640625,63.27245330810547,63.588809967041016,10470885.0,63.100689215356745,63.779018340185225,31.313855194687306,-0.004037348117186146,2.135444669221968,0.7434506243320911,0.8699935626978572,0.5220004821920199,15570780.9,0.9491856705522026,63.77863247114901,62.95609585680196,0,0,0.9965367852022595,-0.6783291248284797,64.77516430567373,60.93135245455189,-0.5061798095703125,1.685265200854386,0.9965367852022595,0,0,0
2022-02-23,62.956092834472656,63.44645048093149,62.44991369572923,62.44991369572923,10145349,62.43407440185547,62.687164306640625,63.27245330810547,20409699.0,63.07176993917993,63.70420693057499,37.885788552751066,0.008361114305262651,0.9965367852022595,0.5061791387434269,0.4903576464588326,0.0,15054795.6,-0.5029153051203744,63.857700908441466,62.27589253707529,0,0,3.0845349180441914,-0.6324369913950605,64.77516430567373,60.93135245455189,0.0,1.6689798631487958,3.0845349180441914,0,0,0
2022-02-24,59.42863464355469,62.244262187618354,59.15972726957416,61.91207610126968,24915339,62.956092834472656,62.43407440185547,62.687164306640625,10145349.0,62.343142880054884,63.31551854084587,29.992178488275243,-0.056030449668986626,3.0845349180441914,-2.4834414577149957,0.33218608634867053,0.2689073739805252,16335905.4,1.4558385325137655,63.304067964553326,61.16862329533136,0,0,2.9263526744827217,-0.9723756607909877,64.77516430567373,60.93135245455189,-4.160175323486328,1.7715599579648251,2.9263526744827217,1,1,0
2022-02-25,63.31989288330078,63.636257487312825,60.7099048128301,61.0104479282114,22461840,59.42863464355469,62.956092834472656,62.43407440185547,24915339.0,62.53849288070407,63.31591620834177,49.552822644994116,0.06547783342298463,2.9263526744827217,2.3094449550893827,0.316364604012044,0.30054311538129497,17431496.1,-0.09847343437711198,63.44645048093149,62.44991369572923,0,0,4.840340483536544,-0.777423327637699,64.74353262081476,59.15972726957416,0.0474395751953125,1.8415353674965662,4.840340483536544,0,0,0
2022-02-28,66.57843017578125,66.91060905623793,62.07026857270139,62.339175975066944,35587689,63.31989288330078,59.42863464355469,62.956092834472656,22461840.0,63.346480339719506,63.6125083871999,61.14586603301785,0.05146150986840725,4.840340483536544,4.239254200714306,0.33217888045668076,0.26890740236555644,17794104.0,0.5843621448643566,62.244262187618354,59.15972726957416,0,0,3.81216027525565,-0.2660280474803969,64.74353262081476,59.15972726957416,3.891265869140625,2.0190684827775187,3.81216027525565,1,0,0
2022-03-02,68.334228515625,69.4731294278366,65.66096915258095,65.66096915258095,51608091,66.57843017578125,63.31989288330078,59.42863464355469,35587689.0,64.34402997490061,64.04175567160219,61.79569743186723,0.026371879529272002,3.81216027525565,2.6732593630440533,1.1389009122115965,0.0,21880287.6,0.4501669664473016,63.636257487312825,60.7099048128301,1,0,2.3094452617284844,0.3022743032984181,66.91060905623793,59.15972726957416,5.900154113769531,2.174989507236582,2.3094452617284844,1,0,0
2022-03-03,68.03369903564453,69.58387204331326,67.27442678158478,68.96696424200931,28625697,68.334228515625,66.57843017578125,63.31989288330078,51608091.0,65.08196378704939,64.40465961378786,60.642900214508195,-0.004397934776006918,2.3094452617284844,-0.9332652063647799,0.6169078013039524,0.7592722540597521,23400794.4,-0.44532540449907365,66.91060905623793,62.07026857270139,1,0,3.8596171061152518,0.6773041732615326,69.4731294278366,59.15972726957416,5.077606201171875,2.2439115247614656,3.8596171061152518,0,0,0
2022-03-04,67.98622131347656,71.10238788033824,67.24277077422299,67.70149973473639,46128378,68.03369903564453,68.334228515625,66.57843017578125,28625697.0,65.66281529233483,64.73025613194137,63.16732859919537,-0.0006978559572822229,3.8596171061152518,0.2847215787401751,3.116166566861679,0.4587289605133975,26096985.3,0.6114324831985751,69.4731294278366,65.66096915258095,0,0,3.748896134472105,0.9325591603934527,69.58387204331326,59.15972726957416,8.557586669921875,2.4337290005994325,3.748896134472105,1,0,0
2022-03-07,67.78059387207031,69.09350221400987,65.34460607953777,67.3218720954569,38244033,67.98622131347656,68.03369903564453,68.334228515625,46128378.0,66.08637100828193,65.00755956286218,67.83276914437957,-0.0030245458187494467,3.748896134472105,0.45872177661341595,1.3129083419395613,1.9772660159191275,28859700.0,-0.1709217913536869,69.58387204331326,67.27442678158478,0,0,3.02125956590163,1.0788114454197455,71.10238788033824,59.15972726957416,4.460700988769531,2.553494932138328,3.02125956590163,0,0,0
2022-03-08,67.38513946533203,68.88786212527636,65.86660255937473,68.47659035556717,20461842,67.78059387207031,67.98622131347656,68.03369903564453,38244033.0,66.34612469969196,65.22370319035944,64.14897073887936,-0.005834330803956456,3.02125956590163,-1.0914508902351372,0.4112717697091881,1.5185369059573048,29858795.7,-0.464966417114011,71.10238788033824,67.24277077422299,0,0,3.843803115725862,1.1224215093325114,71.10238788033824,59.15972726957416,0.8067092895507812,2.6156373164986655,3.843803115725862,0,0,0
2022-03-09,70.37476348876953,71.29221422961486,67.448411113889,67.82804715164484,30245265,67.38513946533203,67.78059387207031,67.98622131347656,20461842.0,67.15185245750747,65.69198139930582,69.85594140620692,0.04436622150163516,3.843803115725862,2.5467163371246926,0.9174507408453252,0.3796360377558443,30842352.3,0.478130121423086,69.09350221400987,65.34460607953777,0,0,3.4325312105487598,1.4598710582016565,71.10238788033824,59.15972726957416,2.0405349731445312,2.7817272063942378,3.4325312105487598,0,0,0
2022-03-10,68.57149505615234,71.65602597563324,68.22349476508448,71.2922114391286,37328694,70.37476348876953,67.38513946533203,67.78059387207031,30245265.0,67.43578097723645,65.95375536811004,62.54971390425146,-0.02562379386049307,3.4325312105487598,-2.7207163829762493,0.36381453650464834,0.3480002910678621,33560686.8,0.2341996011607106,68.88786212527636,65.86660255937473,0,0,1.4869011717465952,1.48202560912641,71.29221422961486,59.15972726957416,0.5377960205078125,2.8868047989963324,1.4869011717465952,0,0,0
2022-03-11,67.95458984375,69.22004088481216,67.73313971306557,69.04604073308253,29348391,68.57149505615234,70.37476348876953,67.38513946533203,37328694.0,67.53954275053916,66.13564941135003,61.616857985157154,-0.008996525624782814,1.4869011717465952,-1.0914508893325348,0.17400015172962924,0.2214501306844312,34003992.0,-0.21378468263582973,71.29221422961486,67.448411113889,0,0,2.1829022269960063,1.4038933391891248,71.65602597563324,59.15972726957416,-0.0316314697265625,2.934259410239157,2.1829022269960063,0,0,0
2022-03-14,66.37279510498047,68.3658756543057,66.18297342730969,68.33423991485334,28491564,67.95458984375,68.57149505615234,70.37476348876953,29348391.0,67.30619322142742,66.15720811077098,58.713552314358374,-0.02327723178679464,2.1829022269960063,-1.961444809872873,0.03163573945235498,0.1898216776707784,34606964.4,-0.029195024694880223,71.65602597563324,68.22349476508448,0,0,2.1829019981811513,1.1489851106564402,71.65602597563324,60.7099048128301,-1.4077987670898438,2.9771946856412876,2.1829019981811513,0,0,0
2022-03-15,65.02824401855469,66.48351684464603,64.30061484646488,65.80333765628268,23328489,66.37279510498047,67.95458984375,68.57149505615234,28491564.0,66.85060338085287,66.05457501147859,55.832136396896004,-0.020257563122046185,2.1829019981811513,-0.7750936377279913,0.6801791883633541,0.7276291720898058,33381044.4,-0.1812141657088393,69.22004088481216,67.73313971306557,0,1,1.0439938147211905,0.7960283693742838,71.65602597563324,62.07026857270139,-2.3568954467773438,2.980584494852658,1.0439938147211905,0,0,0
2022-03-16,66.11969757080078,66.40442644797753,65.36043263325634,66.08806183344294,23656146,65.02824401855469,66.37279510498047,67.95458984375,23328489.0,66.70442221884247,66.06049524414424,56.934767760705185,0.01678429994103281,1.0439938147211905,0.03163573735784553,0.28472887717674666,0.7276292001865983,30585849.9,0.014045358874293035,68.3658756543057,66.18297342730969,0,0,1.5185370834193037,0.6439269746982319,71.65602597563324,64.30061484646488,-4.25506591796875,2.983974282675439,1.5185370834193037,0,0,0
2022-03-17,66.24624633789062,67.00551125912229,65.48697417570298,66.49933223131585,36269526,66.11969757080078,65.02824401855469,66.37279510498047,23656146.0,66.6127870426521,66.07738170721208,67.5631713466517,0.0019139344512932865,1.5185370834193037,-0.25308589342522225,0.5061790278064393,0.7592721621876422,31350232.8,0.5331967430366722,66.48351684464603,64.30061484646488,0,0,2.3727169337502687,0.5354053354400179,71.65602597563324,64.30061484646488,-2.3252487182617188,2.8721172944879467,2.3727169337502687,0,0,0
2022-03-21,66.08807373046875,67.82806856220476,65.4553516284545,66.43607414500744,38413833,66.24624633789062,66.11969757080078,65.02824401855469,36269526.0,66.50784438021543,66.07835370932632,58.82950437811579,-0.002387646337199456,2.3727169337502687,-0.3480004145386886,1.3919944171973242,0.6327221020142559,30578778.3,0.05912145088413889,66.40442644797753,65.36043263325634,0,0,1.787444622406582,0.4294906708891091,71.65602597563324,64.30061484646488,-1.86651611328125,2.832571884435629,1.787444622406582,0,0,0
2022-03-22,66.37279510498047,66.64170251080385,64.85425788839727,66.21460916676205,19632078,66.08807373046875,66.24624633789062,66.11969757080078,38413833.0,66.48083452516845,66.10512110893124,49.19053594070878,0.004308211125549244,1.787444622406582,0.15818593821842342,0.26890740582338424,1.3603512783647744,28717582.8,-0.48893207298527075,67.00551125912229,65.48697417570298,0,0,2.230359542123793,0.375713416237204,71.65602597563324,64.30061484646488,0.0,2.6145078943549174,2.230359542123793,0,0,0
2022-03-23,65.613525390625,67.66988473861453,65.43952519649073,67.66988473861453,33279774,66.37279510498047,66.08807373046875,66.24624633789062,19632078.0,66.30737269825977,66.06043058908521,38.37842594101353,-0.011439471746738206,2.230359542123793,-2.0563593479895275,0.0,0.17400019413426548,29999376.0,0.6951732771232877,67.82806856220476,65.4553516284545,0,0,1.5295995599429517,0.2469421091745545,71.65602597563324,64.30061484646488,0.5852813720703125,2.501522127702642,1.5295995599429517,0,0,0
2022-03-24,66.12337493896484,66.61731200497775,65.0877124450348,65.61350841898386,15609300,65.613525390625,66.37279510498047,66.08807373046875,33279774.0,66.27057314640079,66.06615280271063,41.98334364270411,0.007770494654943283,1.5295995599429517,0.5098665199809886,0.4939370660129043,0.5257959739490587,28535779.5,-0.5309673677471487,66.64170251080385,64.85425788839727,0,0,1.035669963098016,0.2044203436901597,71.65602597563324,64.30061484646488,0.0036773681640625,2.4458188632893894,1.035669963098016,0,0,0
2022-03-25,65.6453857421875,66.34645688450223,65.31078692140422,66.31459067746131,22413369,66.12337493896484,65.613525390625,66.37279510498047,15609300.0,66.14553566555814,66.02790125175399,40.51927120091662,-0.007228747734345897,1.035669963098016,-0.669204935273811,0.03186620704092036,0.3345988207832846,27044247.0,0.43589840671907143,67.66988473861453,65.43952519649073,0,0,1.0356699351823835,0.11763441380415429,71.65602597563324,64.30061484646488,-0.600860595703125,2.2441083530738726,1.0356699351823835,0,0,0
2022-03-28,65.3426513671875,65.90032091593295,64.86465098075057,65.64538397276995,13461477,65.6453857421875,66.12337493896484,65.613525390625,22413369.0,65.98495880588402,65.96560580770249,40.20303622300627,-0.004611662671751837,1.0356699351823835,-0.30273260558244885,0.25493694316300264,0.478000386436932,25455555.6,-0.39939966187144826,66.61731200497775,65.0877124450348,0,0,0.9878670397968676,0.01935299818153169,69.22004088481216,64.30061484646488,-0.74542236328125,2.0503064816960355,0.9878670397968676,0,0,0
2022-03-29,66.09152221679688,66.47392400820058,65.48605696840372,65.64538800911046,12104067,65.3426513671875,65.6453857421875,66.12337493896484,13461477.0,66.00627148806659,65.9770527539838,44.94513062221069,0.011460674367208545,0.9878670397968676,0.44613420768641276,0.38240179140370856,0.1593310407067463,23816805.9,-0.10083663181982183,66.34645688450223,65.31078692140422,0,0,1.3543318410130922,0.02921873408278941,68.3658756543057,64.30061484646488,-0.28127288818359375,1.905064158402838,1.3543318410130922,0,0,0
2022-03-30,66.42610931396484,67.52551153488429,66.1711796938712,67.52551153488429,22181898,66.09152221679688,65.3426513671875,65.6453857421875,12104067.0,66.09023905324624,66.01787607761844,30.530694481644105,0.005062481328095947,1.3543318410130922,-1.099402220919444,0.0,0.25492962009364817,23702146.8,0.8325987455290853,65.90032091593295,64.86465098075057,1,0,1.7845366257279522,0.07236297562779725,67.82806856220476,64.30061484646488,0.8125839233398438,1.7272447816376402,1.7845366257279522,0,0,0
2022-03-31,67.17498016357422,67.66891727358012,65.88438064785217,66.98378293669195,21738033,66.42610931396484,66.09152221679688,65.3426513671875,22181898.0,66.30718727531183,66.12306735815987,42.31528797728224,0.011273742468790537,1.7845366257279522,0.1911972268822666,0.493937110005902,1.0994022888397836,23510335.5,-0.020010235373005503,66.47392400820058,65.48605696840372,0,0,2.1510018980912946,0.18411991715196052,67.82806856220476,64.85425788839727,1.051605224609375,1.6095308827218682,2.1510018980912946,0,0,0
2022-04-01,68.54525756835938,69.15073011802251,66.99972821993121,67.22279167970676,45845880,67.17498016357422,66.42610931396484,66.09152221679688,21738033.0,66.75480133392135,66.343266468178,53.00145459282257,0.020398627605821007,2.1510018980912946,1.3224658886526157,0.6054725496631335,0.22306345977554543,24467970.9,1.1090169473935383,67.52551153488429,66.1711796938712,0,0,1.4499306057011694,0.41153486574334863,67.82806856220476,64.85425788839727,2.899871826171875,1.6569666488893466,1.4499306057011694,1,0,0
2022-04-04,69.93145751953125,70.21825337322142,68.76832276752025,69.31005556264202,29426580,68.54525756835938,67.17498016357422,66.42610931396484,45845880.0,67.39013257104334,66.66946565466466,68.4499525738665,0.020223134325368042,1.4499306057011694,0.6214019568892297,0.28679585369016536,0.5417327951217743,23569245.6,-0.35814123319260094,67.66891727358012,65.88438064785217,1,0,1.9757341611805685,0.7206669163786756,69.15073011802251,64.85425788839727,4.58880615234375,1.6046115330825725,1.9757341611805685,0,0,0
2022-04-05,69.66059875488281,71.28579731832585,69.31006315714528,70.55286720710136,29299197,69.93145751953125,68.54525756835938,67.17498016357422,29426580.0,67.84422580781124,66.94138684559358,77.02529955311837,-0.003873203480319165,1.9757341611805685,-0.8922684522185449,0.7329301112244906,0.35053559773753307,24535957.5,-0.004328841475971679,69.15073011802251,66.99972821993121,1,0,1.21093045384859,0.9028389622176576,70.21825337322142,64.85425788839727,3.5690765380859375,1.5898138304396738,1.21093045384859,0,0,1
2022-04-06,70.10672760009766,70.42538967021189,69.2144592163633,69.46938887245469,27765654,69.66059875488281,69.93145751953125,68.54525756835938,29299197.0,68.29672616626853,67.22914509600304,75.15451174289247,0.006404321139768632,1.21093045384859,0.6373387276429696,0.31866207011422887,0.2549296560913916,23984545.5,-0.05234078599491998,70.21825337322142,68.76832276752025,0,0,5.21020807665748,1.06758107026549,71.28579731832585,64.86465098075057,3.6806182861328125,1.601737876091631,5.21020807665748,0,0,1
2022-04-07,74.6795883178711,75.81085676049001,70.60064868383253,70.74405024442059,162897504,70.10672760009766,69.66059875488281,69.93145751953125,27765654.0,69.57329859658904,67.90645811617286,84.08404834161043,0.06522713118001922,5.21020807665748,3.935538073450502,1.131268442618918,0.1434015605880603,38713365.9,4.866870774950952,71.28579731832585,69.31006315714528,0,0,2.310332863450526,1.6668404804161838,71.28579731832585,64.86465098075057,7.504608154296875,1.8654286613229292,2.310332863450526,1,0,1
2022-04-08,76.35260009765625,77.1811287856526,74.87079592220208,76.06579693669501,86792331,74.6795883178711,70.10672760009766,69.66059875488281,162897504.0,70.92915889680249,68.67428920539862,86.95936917613136,0.022402530831638234,2.310332863450526,0.2868031609612416,0.8285286879963536,1.1950010144929308,45151262.1,-0.46719667969866496,70.42538967021189,69.2144592163633,1,0,2.27846670556454,2.2548696914038686,75.81085676049001,64.86465098075057,7.807342529296875,1.860972656301519,2.27846670556454,1,0,1
2022-04-11,77.73880004882812,79.09313213015888,76.81466542459434,77.06960238363116,53098242,76.35260009765625,74.6795883178711,70.10672760009766,86792331.0,72.29108712720762,69.4983356457104,87.91775283804428,0.018155242249758397,2.27846670556454,0.6691976651969611,1.3543320813307531,0.2549369590368258,49114938.6,-0.3882150486314281,75.81085676049001,70.60064868383253,1,0,2.852065288893712,2.79275148149722,77.1811287856526,64.86465098075057,7.807342529296875,1.8960456622413733,2.852065288893712,0,0,1
2022-04-12,77.24485778808594,78.5195204977372,75.66745520884349,77.73878758230656,34166946,77.73880004882812,76.35260009765625,74.6795883178711,53098242.0,73.28184125938328,70.2025649313809,89.50221071549242,-0.006353870402320827,2.852065288893712,-0.49392979422061956,0.7807329154306473,1.5774025792424453,51321226.5,-0.3565333857945805,77.1811287856526,74.87079592220208,0,0,1.9757341633397232,3.079276328002379,79.09313213015888,65.48605696840372,7.584259033203125,1.9404532155820817,1.9757341633397232,0,0,1
2022-04-13,78.74260711669922,79.74640365626121,77.77066949292148,77.77066949292148,35185764,77.24485778808594,77.73880004882812,76.35260009765625,34166946.0,74.37399443084648,70.97893240277348,90.1623366217005,0.019389631510775995,1.9757341633397232,0.971937623777734,1.0037965395619892,0.0,52621613.1,0.029818819627601467,79.09313213015888,76.81466542459434,0,0,3.839940032920154,3.3950620280729993,79.09313213015888,65.88438064785217,8.635879516601562,1.9723199729675653,3.839940032920154,0,0,1
2022-04-18,81.24413299560547,81.67433774107528,77.83439770815512,78.39206728470899,58066713,78.74260711669922,77.24485778808594,77.73880004882812,35185764.0,75.74802214379828,71.9121324566673,93.98022807537578,0.03176839033534806,3.839940032920154,2.8520657108964826,0.43020474546980836,0.5576695765538631,56254481.1,0.6502899581774038,78.5195204977372,75.66745520884349,0,0,3.6487355214505186,3.8358896871309867,79.74640365626121,65.88438064785217,6.564544677734375,2.172624977954861,3.6487355214505186,0,0,1
2022-04-19,79.76233673095703,82.6940716313267,79.04533610987617,81.26007038916497,39192846,81.24413299560547,78.74260711669922,77.24485778808594,58066713.0,76.55088506123003,72.62578739069363,88.12133690527719,-0.01823880949937129,3.6487355214505186,-1.4977336582079346,1.4340012421617274,0.7170006210808566,55589177.7,-0.3250376338677893,79.74640365626121,77.77066949292148,0,0,1.5933321406318584,3.9250976705364025,81.67433774107528,66.99972821993121,3.4097366333007812,2.359272519831156,1.5933321406318584,0,0,1
2022-04-20,80.71833038330078,81.45126039638284,79.85792825575098,80.52712585845258,31402827,79.76233673095703,81.24413299560547,78.74260711669922,39192846.0,77.38437412564419,73.36147311729428,88.25001586131742,0.011985527148839381,1.5933321406318584,0.19120452484820305,0.7329300130820542,0.6691976027016011,55786802.4,-0.1987612484176321,81.67433774107528,77.83439770815512,0,0,2.1669309367751737,4.022901008349905,82.6940716313267,68.76832276752025,2.9795303344726562,2.4025200270336557,2.1669309367751737,0,0,1
2022-04-21,80.59085845947266,82.4391200787254,80.27218914195022,81.08478824324091,32102493,80.71833038330078,79.76233673095703,81.24413299560547,31402827.0,78.02567099240989,74.01868996658322,87.44734665886767,-0.0015792190351660018,2.1669309367751737,-0.4939297837682517,1.354331835484487,0.3186693175224349,56067132.0,0.022280350746765487,82.6940716313267,79.04533610987617,0,0,1.848269268155775,4.006981025826661,82.6940716313267,69.2144592163633,3.3460006713867188,2.46056281958809,1.848269268155775,0,0,1
2022-04-22,80.19253540039062,81.78587500050152,79.93760573234574,80.4474723621431,14025423,80.59085845947266,80.71833038330078,79.76233673095703,32102493.0,78.45904387400604,74.5799486423839,85.06442449927107,-0.004942534013114397,1.848269268155775,-0.2549369617524775,1.338402638358417,0.2549296680448805,54693108.9,-0.563104865407182,81.45126039638284,79.85792825575098,0,0,2.31033983944522,3.879095231622145,82.6940716313267,69.2144592163633,1.4499282836914062,2.4651151511900773,2.31033983944522,0,0,1
2022-04-25,78.32832336425781,79.6667257751773,77.35638593573208,79.6667257751773,15988692,80.19253540039062,80.59085845947266,80.71833038330078,14025423.0,78.4328997720564,74.92070998073606,75.66888360056114,-0.023246702786301143,2.31033983944522,-1.3384024109194854,0.0,0.9719374285257345,40002227.7,0.1399793075759641,82.4391200787254,80.27218914195022,0,1,2.0394659941335647,3.5121897913203384,82.6940716313267,70.60064868383253,-2.9158096313476562,2.476496432715358,2.0394659941335647,0,0,1
2022-04-26,79.8260498046875,80.75018420084909,78.71071820671553,78.72664766001354,16455561,78.32832336425781,80.19253540039062,80.59085845947266,15988692.0,78.71152977858263,75.36664996473165,75.81045247460358,0.01912113493690737,2.0394659941335647,1.0994021446739595,0.9241343961615911,0.015929453298014096,32968550.7,0.029199949564354677,81.78587500050152,79.93760573234574,0,0,1.9438674937154445,3.34487981385098,82.6940716313267,74.87079592220208,0.06371307373046875,2.518606103317672,1.9438674937154445,0,0,1
2022-04-27,78.55138397216797,79.33211686047844,77.38824936676299,78.88598273948587,13818495,79.8260498046875,78.32832336425781,80.19253540039062,16455561.0,78.67950061729971,75.65617123813495,72.03786934086455,-0.015968043459976933,1.9438674937154445,-0.3345987673178996,0.4461341209925678,1.1631346054049772,29040576.0,-0.160253788977477,79.6667257751773,77.35638593573208,0,0,2.071339669964715,3.023329379164764,82.6940716313267,75.66745520884349,-2.1669464111328125,2.5163299127844487,2.071339669964715,0,0,1
2022-04-28,78.59918975830078,79.66672579638211,77.5953861264174,79.66672579638211,9256521,78.55138397216797,79.8260498046875,78.32832336425781,13818495.0,78.66343844549992,75.92371837633183,71.47458602845056,0.0006085925379717416,2.071339669964715,-1.0675360380813288,0.0,1.003803631883386,26549533.5,-0.3301353729186861,80.75018420084909,78.71071820671553,0,0,4.174538190994696,2.7397200691680865,82.6940716313267,75.66745520884349,-1.991668701171875,2.5777877139356002,4.174538190994696,0,0,1
2022-04-29,76.01798248291016,79.61892173243149,75.44438354143679,78.94972418299695,21932493,78.59918975830078,78.55138397216797,79.8260498046875,9256521.0,78.13434725298197,75.93228784056622,53.763417792449744,-0.03284012574847217,4.174538190994696,-2.931741700086789,0.6691975494345428,0.5735989414733638,25224206.4,1.369409954344618,79.33211686047844,77.38824936676299,0,0,1.8164029210479384,2.2020594124157498,82.6940716313267,77.35638593573208,-4.174552917480469,2.5038112935311156,1.8164029210479384,0,0,0
2022-05-02,75.8905258178711,76.28886433435704,74.4724614133091,74.88672938597855,13942155,76.01798248291016,78.59918975830078,78.55138397216797,21932493.0,77.6855829659598,75.92849129304848,48.577013714143405,-0.0016766646637552673,1.8164029210479384,1.003796431892539,0.39833851648594987,0.4142679726694496,20811750.6,-0.36431508264929113,79.66672579638211,77.5953861264174,0,1,3.52127070505567,1.757091672911315,82.6940716313267,75.44438354143679,-2.4377975463867188,2.4685305833595024,3.52127070505567,0,0,0
2022-05-04,73.67579650878906,76.43226363046605,72.91099292541038,76.1613972142085,16041333,75.8905258178711,76.01798248291016,78.59918975830078,13942155.0,76.88362567452565,75.7237008581158,38.09523170825487,-0.029183212070465037,3.52127070505567,-2.4856007054194436,0.27086641625754737,0.7648035833786793,18496599.3,0.15056338134241076,79.61892173243149,75.44438354143679,0,0,2.039466441159675,1.1599248164098412,82.6940716313267,74.4724614133091,-6.1502532958984375,2.5573022976088686,2.039466441159675,0,0,0
2022-05-05,74.85486602783203,75.97019787027111,73.93073142911143,74.83892927733515,18857412,73.67579650878906,75.8905258178711,76.01798248291016,16041333.0,76.47787374518693,75.64471587354456,43.26752756187102,0.01600348520022199,2.039466441159675,0.01593675049687704,1.1153318424390761,0.9081978482237218,17242057.8,0.17555143328799416,76.28886433435704,74.4724614133091,0,0,2.2306710042645364,0.8331578716423707,82.4391200787254,72.91099292541038,-3.6965179443359375,2.4992595227707235,2.2306710042645364,0,0,0
2022-05-06,72.70386505126953,74.64773289294742,72.41706188868288,74.0103941524676,16795458,74.85486602783203,73.67579650878906,75.8905258178711,18857412.0,75.72307200640346,75.37736579879228,33.59303615580677,-0.028735619882917507,2.2306710042645364,-1.3065291011980662,0.6373387404798194,0.28680316258665073,15711354.3,-0.10934448481053494,76.43226363046605,72.91099292541038,0,0,1.800466208885652,0.34570620761117254,82.4391200787254,72.91099292541038,-5.89532470703125,2.5174692971224957,1.800466208885652,0,0,0
2022-05-09,71.85939025878906,72.3851936105892,70.58472740170355,71.70005922508017,23472795,72.70386505126953,74.85486602783203,73.67579650878906,16795458.0,74.95033565688058,75.05754984061016,21.979039811419355,-0.011615266834644311,1.800466208885652,0.15933103370889512,0.5258033518001355,1.1153318233766214,16656091.5,0.39756802106855327,75.97019787027111,73.93073142911143,0,1,2.3262692882600504,-0.10721418372958169,81.78587500050152,72.41706188868288,-4.158592224121094,2.3717925954057457,2.3262692882600504,0,1,0
2022-05-10,71.03085327148438,73.10218564195827,70.77591635369822,71.70005082840025,13234959,71.85939025878906,72.70386505126953,74.85486602783203,23472795.0,74.16643917980134,74.69148651614418,22.87124774628917,-0.011529975196294506,2.3262692882600504,-0.6691975569158757,1.4021348135580212,0.25493691778615357,16380718.2,-0.43615751767098887,74.64773289294742,72.41706188868288,0,0,3.011403520935218,-0.525047336342837,80.75018420084909,70.58472740170355,-4.859672546386719,2.2773307216064262,3.011403520935218,0,1,0
2022-05-11,69.78804779052734,71.76378150434036,68.75237798340514,71.66818289761511,17541396,71.03085327148438,71.85939025878906,72.70386505126953,13234959.0,73.29076090194654,74.24571935926993,16.63423218308141,-0.017496699303427343,3.011403520935218,-1.8801351070877672,0.09559860672524678,1.0356698071222041,16489301.7,0.325383478709681,72.3851936105892,70.58472740170355,0,0,2.2306634110168915,-0.9549584573233858,80.75018420084909,70.58472740170355,-3.8877487182617188,2.3786215344852377,2.2306634110168915,0,1,0
2022-05-12,69.56497955322266,71.1105159448419,68.879852533825,70.10671959799622,23454804,69.78804779052734,71.03085327148438,71.85939025878906,17541396.0,72.54560463220177,73.82019755872017,16.537712406375405,-0.0031963673489512345,2.2306634110168915,-0.5417400447735616,1.0037963468456752,0.6851270193976546,17452932.6,0.33711159590719,73.10218564195827,70.77591635369822,0,0,2.740530279787734,-1.2745929265183946,79.66672579638211,68.75237798340514,-5.289886474609375,2.383173854073932,2.740530279787734,0,1,0
2022-05-13,69.70838928222656,71.92312349788568,69.18259321809795,70.23419264006245,12118287,69.56497955322266,69.78804779052734,71.03085327148438,23454804.0,71.97816156220674,73.44639680631165,17.68176066904671,0.0020615219026145493,2.740530279787734,-0.5258033578358834,1.6889308578232374,0.5257960641286132,17739109.2,-0.48333454417269917,71.76378150434036,68.75237798340514,0,0,3.5850022822600778,-1.4682352441049176,79.66672579638211,68.75237798340514,-2.9954757690429688,2.446906783476215,3.5850022822600778,0,1,0
2022-05-16,72.28958129882812,72.51264470377271,68.92764242151263,69.72431202658348,15258537,69.70838928222656,69.56497955322266,69.78804779052734,12118287.0,72.04044550953101,73.34123176017678,32.17308577621661,0.03702842718329302,3.5850022822600778,2.565269272244649,0.22306340494458254,0.7966696050708464,17071713.6,0.2591331596619224,71.1105159448419,68.879852533825,0,0,2.4696711637555495,-1.3007862506457712,79.61892173243149,68.75237798340514,0.4301910400390625,2.537954100820133,2.4696711637555495,0,0,0
2022-05-17,74.16973114013672,74.53619616836073,72.06652500460518,72.91099043267172,17055900,72.28958129882812,69.70838928222656,69.56497955322266,15258537.0,72.46630263565216,73.41654988562769,33.670732400309944,0.026008586680513535,2.4696711637555495,1.2587407074649946,0.36646502822401317,0.8444654280665418,17383088.1,0.11779392742567651,71.92312349788568,69.18259321809795,1,0,1.6730010200019763,-0.9502472499755328,76.43226363046605,68.75237798340514,3.1388778686523438,2.5686830415074176,1.6730010200019763,0,0,0
2022-05-18,74.28124237060547,75.60371519227687,73.93071417227489,74.72737646218637,18878982,74.16973114013672,72.28958129882812,69.70838928222656,17055900.0,72.82929058264283,73.49515829335294,36.78499887139259,0.0015034600874859194,1.6730010200019763,-0.4461340915809018,0.8763387300904952,0.35052819833057924,17666853.0,0.10688864263979037,72.51264470377271,68.92764242151263,1,0,2.103206277060579,-0.665867710710117,76.43226363046605,68.75237798340514,4.493194580078125,2.54933543624217,2.103206277060579,0,0,0
2022-05-19,72.49673461914062,73.54833411081704,71.44512783375646,73.13406609724892,11176905,74.28124237060547,74.16973114013672,72.28958129882812,18878982.0,72.7627793899424,73.40439250478819,32.947481480944546,-0.024023665928493032,2.103206277060579,-0.6373314781082939,0.41426801356811893,1.0516067853841662,16898802.3,-0.40797099123247216,74.53619616836073,72.06652500460518,0,0,2.8042697446205125,-0.6416131148457964,75.97019787027111,68.75237798340514,2.9317550659179688,2.551611622463303,2.8042697446205125,0,0,0
2022-05-20,74.87078857421875,75.95425410937001,73.1499843647495,73.61205526831537,17729133,72.49673461914062,74.28124237060547,74.16973114013672,11176905.0,73.18438122679767,73.53770123837279,46.75676783276211,0.03274704671251949,2.8042697446205125,1.2587333059033767,1.0834655351512623,0.46207090356587344,16992169.8,0.586229193144256,75.60371519227687,73.93071417227489,0,0,3.154805163175439,-0.3533200115751214,75.60371519227687,68.75237798340514,5.1623992919921875,2.4537353048651473,3.154805163175439,0,0,0
2022-05-23,73.73951721191406,76.54378684724637,73.38898168407093,75.28505359039843,15413691,74.87078857421875,72.49673461914062,74.28124237060547,17729133.0,73.29540842382096,73.55604814505836,44.245495481704545,-0.015109649355212418,3.154805163175439,-1.5455363784843712,1.2587332568479326,0.35053552784313524,16186259.4,-0.13060097185801467,73.54833411081704,71.44512783375646,0,0,4.541003516174328,-0.2606397212373963,75.95425410937001,68.75237798340514,1.4499359130859375,2.5493354650171116,4.541003516174328,0,0,0
2022-05-24,73.8191909790039,74.36092375931642,69.81992024314209,70.10672338269899,36815832,73.73951721191406,74.87078857421875,72.49673461914062,15413691.0,73.40016493485756,73.57997022087159,50.43309225798335,0.0010804758439206807,4.541003516174328,3.7124675963049185,0.5417327803125147,0.28680313955689485,18544346.7,1.3885149896932538,75.95425410937001,73.1499843647495,0,0,3.170734979459027,-0.17980528601403023,76.54378684724637,68.75237798340514,-0.3505401611328125,2.6221735229541587,3.170734979459027,1,0,0
2022-05-25,72.13025665283203,75.03012522817033,71.8593902487113,73.93073015517238,12376107,73.8191909790039,73.73951721191406,74.87078857421875,36815832.0,73.14618327845245,73.44817807832253,42.01677478774439,-0.022879339420723954,3.170734979459027,-1.8004735023403526,1.0993950729979503,0.27086640412072427,18027817.8,-0.6638373675759929,76.54378684724637,73.38898168407093,0,0,2.2147342387435316,-0.30199479987007294,76.54378684724637,68.75237798340514,-2.1509857177734375,2.7029784185469694,2.2147342387435316,0,0,0
2022-05-26,72.01873016357422,73.14999146824526,70.93525722950173,72.40112465285084,11313504,72.13025665283203,73.8191909790039,73.73951721191406,12376107.0,72.92069265547681,73.31822826789086,47.72003461001781,-0.0015461817887962859,2.2147342387435316,-0.3823944892766207,0.7488668153944218,1.0834729340724891,16813687.8,-0.08585922859264228,74.36092375931642,69.81992024314209,0,0,1.736740861073514,-0.3975356124140461,76.54378684724637,68.879852533825,-0.47800445556640625,2.7018400781526117,1.736740861073514,0,0,0
2022-05-27,73.58018493652344,74.1378544218428,72.40111356076929,73.29338181979777,11187723,72.01873016357422,72.13025665283203,73.8191909790039,11313504.0,73.05259111168614,73.34204251049381,55.46558312024922,0.02168123166574487,1.736740861073514,0.2868031167256646,0.5576694853193658,0.8922682590284836,16720631.4,-0.011117775712988665,75.03012522817033,71.8593902487113,0,0,2.0076000183280343,-0.289451398807671,76.54378684724637,68.92764242151263,-1.2906036376953125,2.697288267594602,2.0076000183280343,0,0,0
2022-05-30,73.50051879882812,74.98232280652859,72.97472278820055,74.53618865871051,8326164,73.58018493652344,72.01873016357422,72.13025665283203,11187723.0,73.14217664911455,73.35644944579693,58.2359382696449,-0.0010827118437394256,2.0076000183280343,-1.0356698598823897,0.44613414781807137,0.5257960106275732,16027394.1,-0.25577671166867466,73.14999146824526,70.93525722950173,0,0,2.007599953218346,-0.21427279668237986,76.54378684724637,68.92764242151263,-0.2389984130859375,2.6745261768851725,2.007599953218346,0,0,0
2022-05-31,74.80705261230469,75.18945433999063,73.18185438677229,73.73951658317908,13674072,73.50051879882812,73.58018493652344,72.01873016357422,8326164.0,73.47515184175258,73.48832246093399,66.66673422698747,0.017775844780804295,2.007599953218346,1.0675360291256055,0.38240172768594505,0.5576621964067954,15689211.3,0.6423015448650784,74.1378544218428,72.40111356076929,0,0,4.126735978846085,-0.013170619181408938,76.54378684724637,69.81992024314209,0.9878616333007812,2.602825922048253,4.126735978846085,0,0,0
2022-06-01,78.42393493652344,78.9338015639554,74.80706558510931,74.99826283525596,34360020,74.80705261230469,73.50051879882812,73.58018493652344,13674072.0,74.46490846070675,73.93701450416938,74.00701048098747,0.04834948307566167,4.126735978846085,3.4256721012674802,0.5098666274319612,0.19119725014664368,17237315.1,1.5127862424594518,74.98232280652859,72.97472278820055,0,0,1.7208042861356745,0.527893956537369,76.54378684724637,69.81992024314209,6.293678283691406,2.7382596768931955,1.7208042861356745,1,0,1
2022-06-02,78.31239318847656,79.52333088866592,77.80252660253025,79.09312617027851,26049855,78.42393493652344,74.80705261230469,73.50051879882812,34360020.0,75.23440540626072,74.33477620274276,73.35645484512067,-0.0014222921629366558,1.7208042861356745,-0.7807329818019468,0.43020471838741514,0.5098665859463125,18724610.1,-0.24185565084071547,75.18945433999063,73.18185438677229,1,0,1.9757338870077348,0.8996292035179607,78.9338015639554,69.81992024314209,6.293663024902344,2.665422105918048,1.9757338870077348,0,0,1
2022-06-03,77.19705963134766,79.01346249317955,77.03772860617181,78.71072989849203,11056728,78.31239318847656,78.42393493652344,74.80705261230469,26049855.0,75.62693625127811,74.59498378716138,64.47374046440501,-0.01424210794381675,1.9757338870077348,-1.5136702671443771,0.30273259468751235,0.1593310251758453,18057369.6,-0.5755551038575839,78.9338015639554,74.80706558510931,0,0,2.246600210121386,1.0319524641167277,79.52333088866592,69.81992024314209,3.6168746948242188,2.5504743634000238,2.246600210121386,0,0,0
2022-06-06,77.56352233886719,78.18492425920883,75.93832404908744,76.7668599428763,13057254,77.19705963134766,78.31239318847656,78.42393493652344,11056728.0,76.01425346879593,74.86485092822555,60.99071635797787,0.004747107069486445,2.246600210121386,0.796662395990893,0.6214019203416399,0.8285358937888532,17821725.9,0.1809329125216792,79.52333088866592,77.80252660253025,0,0,2.0394661726165424,1.149402540570378,79.52333088866592,69.81992024314209,4.0630035400390625,2.534540723854726,2.0394661726165424,0,0,0
2022-06-07,78.32832336425781,79.20465488980571,77.16518871718917,78.39205577043879,28241430,77.56352233886719,77.19705963134766,78.31239318847656,13057254.0,76.4770674478883,75.17971205877393,62.574319855686376,0.009860318385868094,2.0394661726165424,-0.06373240618097498,0.8125991193669222,1.1631346470686452,16964285.7,1.1628919832607991,79.01346249317955,77.03772860617181,0,0,2.0394663300404403,1.2973553891143723,79.52333088866592,69.81992024314209,3.521270751953125,2.560716806184338,2.0394663300404403,1,0,0
2022-06-08,78.16899108886719,79.81012620267667,77.77065987263623,78.69479442100585,24623397,78.32832336425781,77.56352233886719,77.19705963134766,28241430.0,76.81545217608408,75.45146469787332,69.60348682683991,-0.002034159146362291,2.0394663300404403,-0.5258033321386648,1.1153317816708181,0.39833121623095735,18189014.7,-0.12811082866554557,78.18492425920883,75.93832404908744,0,0,1.3861982573040166,1.3639874782107597,79.52333088866592,70.93525722950173,-0.25494384765625,2.5561639528257567,1.3861982573040166,0,0,0
2022-06-09,78.24866485595703,78.8541300907604,77.46793183345639,78.13712948311198,6650814,78.16899108886719,78.32832336425781,77.56352233886719,24623397.0,77.10209471205867,75.70575562133547,63.87436064406591,0.0010192502932431236,1.3861982573040166,0.11153537284505433,0.6054652348033756,0.6691976496555867,17722745.7,-0.7298986000997344,79.20465488980571,77.16518871718917,0,0,1.8960646297522032,1.3963390907232025,79.81012620267667,70.93525722950173,-0.06372833251953125,2.45487313230315,1.8960646297522032,0,0,0
2022-06-10,78.61511993408203,78.85412010636966,76.95805547661746,77.43605582119272,9887892,78.24866485595703,78.16899108886719,78.32832336425781,6650814.0,77.40469975646334,75.97024328613061,71.36871741885435,0.004683211896325368,1.8960646297522032,1.1790641128893071,0.23900017228763204,0.4780003445752641,17592762.6,0.48671906927482866,79.81012620267667,77.77065987263623,0,0,2.597136113491601,1.4344564703327336,79.81012620267667,72.40111356076929,1.418060302734375,2.36496309420149,2.597136113491601,0,0,1
2022-06-13,75.04606628417969,77.43606839514082,74.83893228164922,77.43606839514082,13056528,78.61511993408203,78.24866485595703,78.16899108886719,9887892.0,76.93297306200661,75.88622719504416,54.11768019603977,-0.045399074031750586,2.597136113491601,-2.3900021109611345,0.0,0.20713400253046643,18065799.0,0.32045617003098337,78.8541300907604,77.46793183345639,0,1,2.660876284717048,1.0467458669624534,79.81012620267667,72.97472278820055,-2.5174560546875,2.2261154225812954,2.660876284717048,0,0,0
2022-06-14,76.9102783203125,77.24488450870693,74.58400822398988,74.58400822398988,11702244,75.04606628417969,78.61511993408203,78.24866485595703,13056528.0,76.92843411366779,75.97932275188673,65.8563128182831,0.024840902773951345,2.660876284717048,2.3262700963226166,0.33460618839443157,0.0,17868616.2,-0.10372466554661397,78.85412010636966,76.95805547661746,0,0,1.5295997331406141,0.949111361781064,79.81012620267667,73.18185438677229,-1.4180450439453125,2.1896969443854397,1.5295997331406141,0,0,0
2022-06-15,76.52786254882812,77.64319432000646,76.11359458686584,77.46792654427573,9599067,76.9102783203125,75.04606628417969,78.61511993408203,11702244.0,76.84831980069985,76.02919000615412,64.6936446651037,-0.004972232318438685,1.5295997331406141,-0.940063995447602,0.17526777573073105,0.4142679619622811,15392520.9,-0.17972424775966045,77.43606839514082,74.83893228164922,0,0,4.078940218063309,0.8191297945457308,79.81012620267667,74.58400822398988,-1.6411285400390625,2.140758765413803,4.078940218063309,0,0,0
2022-06-16,74.05819702148438,77.72286924684765,73.64392902878434,76.86246705383277,12906030,76.52786254882812,76.9102783203125,75.04606628417969,9599067.0,76.29029524485676,75.8500088257296,51.47062275313048,-0.03227145571677237,4.078940218063309,-2.8042700323483984,0.8604021930148775,0.414267992700033,14078138.4,0.3445087944484604,77.24488450870693,74.58400822398988,0,0,3.138875957551406,0.4402864191271618,79.81012620267667,74.58400822398988,-4.190467834472656,2.3080587194845026,3.138875957551406,0,0,0
2022-06-17,74.79112243652344,76.04986308696067,72.91098712940926,73.29338889069989,20333781,74.05819702148438,76.52786254882812,76.9102783203125,12906030.0,75.99046068319011,75.75374642671086,53.817159413487616,0.009896614345423993,3.138875957551406,1.4977335458235501,1.2587406504372325,0.3824017612906232,15005843.7,0.575525626393244,77.64319432000646,76.11359458686584,0,1,3.9992704802244106,0.23671425647924593,79.81012620267667,73.64392902878434,-3.8239974975585938,2.3888641437147435,3.9992704802244106,0,0,0
2022-06-20,72.38518524169922,75.28505348217286,71.28578300194845,74.88672229710052,12914700,74.79112243652344,74.05819702148438,76.52786254882812,20333781.0,75.26940559489194,75.44751359170981,43.27434382059323,-0.03216875367616234,3.9992704802244106,-2.5015370554013003,0.3983311850723368,1.0994022397507734,14991588.3,-0.3648648030585163,77.72286924684765,73.64392902878434,0,0,1.3224657040592973,-0.1781079968178716,79.81012620267667,72.91098712940926,-2.6608810424804688,2.5311263242151765,1.3224657040592973,0,0,0
2022-06-21,73.37305450439453,74.05818883291937,72.73572312886007,73.24558968802896,12811437,72.38518524169922,74.79112243652344,74.05819702148438,12914700.0,74.89013537679246,75.25892640195387,33.57509796206162,0.013647395656953165,1.3224657040592973,0.12746481636557405,0.685134328524839,0.5098665591688842,13448589.0,-0.007995772259518197,76.04986308696067,72.91098712940926,0,0,1.561473443543548,-0.36879102516141415,79.81012620267667,71.28578300194845,-3.5372238159179688,2.3308213045875488,1.561473443543548,0,0,0
2022-06-22,71.97093200683594,73.2774684801472,71.71599503660366,73.02253150991493,11056173,73.37305450439453,72.38518524169922,74.79112243652344,12811437.0,74.30629470280115,74.96001782057951,30.975151981249553,-0.019109501533354,1.561473443543548,-1.0515995030789895,0.25493697023227924,0.25493697023227924,12091866.6,-0.13700758158511028,75.28505348217286,71.28578300194845,0,0,1.0356698768469386,-0.6537231177783553,79.81012620267667,71.28578300194845,-4.5569305419921875,2.3194405301166827,1.0356698768469386,0,0,0
2022-06-23,72.3055191040039,72.75165325912977,71.71598338228283,72.27365289961682,9004842,71.97093200683594,73.37305450439453,72.38518524169922,11056173.0,73.9061395830417,74.71869975543628,34.6037693802452,0.004648919888048608,1.0356698768469386,0.03186620438708587,0.4461341551258613,0.5576695173339914,12327269.4,-0.18553716552734834,74.05818883291937,72.73572312886007,0,0,1.7845365452389785,-0.8125601723945692,78.8541300907604,71.28578300194845,-1.7526779174804688,2.252293100819483,1.7845365452389785,0,0,0
2022-06-24,74.40872192382812,74.53618673600053,72.75165019076155,72.95878415739487,9668958,72.3055191040039,71.97093200683594,73.37305450439453,9004842.0,74.00665605119899,74.69051995256281,41.04881668588924,0.02908772173807339,1.7845365452389785,1.4499377664332513,0.12746481217240557,0.20713396663332162,12305376.0,0.07375098863478113,73.2774684801472,71.71599503660366,0,0,2.1032059570104735,-0.6838639013638215,78.85412010636966,71.28578300194845,-0.3824005126953125,2.2192885533278823,2.1032059570104735,0,0,0
2022-06-27,76.49598693847656,76.89432543367238,74.7911194766619,74.88672538348116,14977953,74.40872192382812,72.3055191040039,71.97093200683594,9668958.0,74.50452222865451,74.85465331491861,45.163991136963865,0.028051348829578826,2.1032059570104735,1.609261554995399,0.39833849519581577,0.09560590681925873,12497518.5,0.5490762293103353,72.75165325912977,71.71598338228283,1,0,1.8164031051807399,-0.35013108626409917,77.72286924684765,71.28578300194845,4.110801696777344,2.223841395070306,1.8164031051807399,0,0,0
2022-06-28,75.34880065917969,76.63940037027649,74.82299726509575,76.30480152572662,9497565,76.49598693847656,74.40872192382812,72.3055191040039,14977953.0,74.67337791475954,74.89957580076052,42.92567333256271,-0.014996685776726082,1.8164031051807399,-0.9560008665469297,0.3345988445498733,0.5258033940839368,12277050.6,-0.36589699540384457,74.53618673600053,72.75165019076155,1,0,1.1153318186590582,-0.2261978860009748,77.72286924684765,71.28578300194845,1.9757461547851562,2.2079083075803276,1.1153318186590582,0,0,0
2022-06-29,75.23725891113281,75.74712551055185,74.6317936918928,74.85486443184891,20182623,75.34880065917969,76.49598693847656,74.40872192382812,9497565.0,74.7861541140342,74.93027426533982,42.45807536670082,-0.0014803387322832595,1.1153318186590582,0.3823944792839029,0.5098665994190412,0.22307073995611404,13335406.2,1.1250313106569947,76.89432543367238,74.7911194766619,0,0,2.358135589756415,-0.14412015130561429,77.72286924684765,71.28578300194845,3.266326904296875,2.1885607048199733,2.358135589756415,1,0,0
2022-06-30,74.59992218017578,76.22512048267927,73.86698489292286,75.04605633465438,19573899,75.23725891113281,75.34880065917969,76.49598693847656,20182623.0,74.74890772726252,74.90024225759763,40.07873968247744,-0.008471025395938803,2.358135589756415,-0.4461341544785995,1.1790641480248922,0.7329372872529234,14002193.1,-0.030160797236315595,76.63940037027649,74.82299726509575,0,0,2.6290019337427992,-0.1513345303351059,77.72286924684765,71.28578300194845,2.294403076171875,2.2215657733917027,2.6290019337427992,0,0,0
2022-07-01,73.22965240478516,75.04605519956694,72.41705326582414,74.24938551568209,15324042,74.59992218017578,75.23725891113281,75.34880065917969,19573899.0,74.44505666276706,74.7483704527965,44.96462690639296,-0.018368246713195147,2.6290019337427992,-1.0197331108969365,0.7966696838848435,0.8125991389610192,13501219.2,-0.2171185720330937,75.74712551055185,74.6317936918928,0,0,1.8164027506830962,-0.3033137900294349,76.89432543367238,71.28578300194845,-1.1790695190429688,2.2238419034096455,1.8164027506830962,0,0,0
2022-07-04,73.19778442382812,74.13785564910808,72.32145289842498,72.87911509926954,13538427,73.22965240478516,74.59992218017578,75.23725891113281,15324042.0,74.19560221497927,74.60740808652665,38.54465054173517,-0.0004351786456786577,1.8164027506830962,0.3186693245585843,0.9400712252799508,0.5576622008445611,13563591.9,-0.11652376050652957,76.22512048267927,73.86698489292286,0,0,2.1669386936504367,-0.41180587154737225,76.89432543367238,71.28578300194845,-3.2982025146484375,2.163522365264363,2.1669386936504367,0,0,0
2022-07-05,73.03846740722656,74.85487050604824,72.6879318123978,73.8669961399476,14922519,73.19778442382812,73.22965240478516,74.59992218017578,13538427.0,73.96417525342873,74.46477711568119,39.08274032140562,-0.0021765278533444343,2.1669386936504367,-0.8285287327210398,0.987874366100641,0.35053559482875585,13774700.1,0.10223432899553253,75.04605519956694,72.41705326582414,0,0,2.4059314457743,-0.5006018622524522,76.89432543367238,71.71598338228283,-2.310333251953125,2.2090465767293503,2.4059314457743,0,0,0
2022-07-06,73.62799072265625,73.83512471463035,71.42919326885605,73.22965948903249,21103464,73.03846740722656,73.19778442382812,73.22965240478516,14922519.0,73.89693834727424,74.38870562540619,48.47454875990131,0.008071408620101472,2.4059314457743,0.39833123362376455,0.20713399197410354,1.8004662201764319,14779429.2,0.4142025217056182,74.13785564910808,72.32145289842498,0,0,2.1510018331825194,-0.4917672781319453,76.89432543367238,71.71598338228283,-1.6092681884765625,2.0895459501372784,2.1510018331825194,0,0,0
2022-07-07,75.41252899169922,75.79493077633981,73.64392894315729,73.77139377346836,19351467,73.62799072265625,73.03846740722656,73.19778442382812,21103464.0,74.20005647615925,74.48178047688737,52.05049955263568,0.024237226244092636,2.1510018331825194,1.6411352182308576,0.38240178464059227,0.12746483031106948,15814091.7,-0.08301940382867945,74.85487050604824,72.6879318123978,0,0,2.8680019982548686,-0.28172400072811854,76.89432543367238,71.42919326885605,0.8126068115234375,2.018983512682358,2.8680019982548686,0,0,0
2022-07-08,75.20538330078125,77.26078619160515,74.39278419335028,75.87458814326448,21179418,75.41252899169922,73.62799072265625,73.03846740722656,19351467.0,74.40112184108365,74.54756255178681,60.88562363469203,-0.0027468338973325457,2.8680019982548686,-0.6692048424832251,1.386198048340674,0.8125991074309695,16965137.7,0.09446059050716937,73.83512471463035,71.42919326885605,1,0,1.465867211374217,-0.14644071070316045,76.89432543367238,71.42919326885605,1.9757308959960938,1.938178621113105,1.465867211374217,0,0,0
2022-07-11,74.80705261230469,75.9701872499252,74.50432003855099,75.14165138889003,10090566,75.20538330078125,75.41252899169922,73.62799072265625,21179418.0,74.48230799532786,74.57115255728843,55.79897630823057,-0.005296571481903767,1.465867211374217,-0.334598776585338,0.8285358610351778,0.3027325737537012,16476399.0,-0.5235673614827376,75.79493077633981,73.64392894315729,0,0,2.1032060907537584,-0.08884456196057045,77.26078619160515,71.42919326885605,1.6092681884765625,1.9484215859213134,2.1032060907537584,0,0,0
2022-07-12,74.01039123535156,75.46032915440112,73.35712306364736,74.4087297558778,12953874,74.80705261230469,75.20538330078125,75.41252899169922,10090566.0,74.3879246433326,74.52017425529417,58.67207441252078,-0.010649549061662711,2.1032060907537584,-0.39833852052623797,1.0515993985233223,0.6532681717041982,16822029.9,0.2837608911135412,77.26078619160515,74.39278419335028,0,0,1.3702687330354024,-0.13224961196156926,77.26078619160515,71.42919326885605,0.971923828125,1.9871167750077572,1.3702687330354024,0,0,0
2022-07-13,74.39279174804688,74.98232749698916,73.61205876395375,73.89886191038703,12866319,74.01039123535156,74.80705261230469,75.20538330078125,12953874.0,74.38889806427545,74.50859402736259,58.83944109031717,0.005166848956105197,1.3702687330354024,0.49392983765984866,0.5895357489422821,0.28680314643327165,16090399.5,-0.006758981907651673,75.9701872499252,74.50432003855099,0,0,1.3702687745331588,-0.11969596308713903,77.26078619160515,71.42919326885605,0.764801025390625,2.011016693306933,1.3702687745331588,0,0,0
2022-07-14,75.65152740478516,75.82679518916814,74.45652641463498,74.56806178537092,16879224,74.39279174804688,74.01039123535156,74.80705261230469,12866319.0,74.64142393237739,74.61249706167374,55.66863651643518,0.016920129318460875,1.3702687745331588,1.0834656194142411,0.17526778438298152,0.11153537073593611,15820932.0,0.311892235844611,75.46032915440112,73.35712306364736,0,0,2.9636007366223254,0.02892687070365696,77.26078619160515,71.42919326885605,0.2389984130859375,1.9814261382565175,2.9636007366223254,0,0,0
2022-07-15,78.23272705078125,78.61512149908872,75.65152076246639,75.68338696649201,24300105,75.65152740478516,74.39279174804688,74.01039123535156,16879224.0,75.35968455605817,74.94160887886532,57.58000969653056,0.03411959724467928,2.9636007366223254,2.5493400842892413,0.3823944483074655,0.03186620402561857,16718538.3,0.4396458628666815,74.98232749698916,73.61205876395375,1,0,3.7124678515138925,0.4180756771928458,77.26078619160515,71.42919326885605,3.02734375,2.0428829082287927,3.7124678515138925,0,0,0
2022-07-18,81.08480072021484,83.10833770449882,79.39586985298493,79.58706709669526,114055476,78.23272705078125,75.65152740478516,74.39279174804688,24300105.0,76.5047077888895,75.50008086444255,71.79175330762172,0.03645627318580247,3.7124678515138925,1.4977336235195793,2.0235369842839788,0.19119724371033442,26770243.2,3.693620706577194,75.82679518916814,74.45652641463498,1,0,2.1032064791929344,1.0046269244469528,78.61512149908872,71.42919326885605,6.277748107910156,2.178316104395446,2.1032064791929344,1,0,1
2022-07-19,81.3078842163086,82.423216233616,80.32000975442307,80.81394698536583,30352653,81.08480072021484,78.23272705078125,75.65152740478516,114055476.0,77.46534307437332,76.02806298733947,72.86921342269225,0.0027512369039852658,2.1032064791929344,0.49393723094276254,1.1153320173074093,0.49393723094276254,28313256.6,-0.7338781611853515,78.61512149908872,75.65152076246639,1,0,1.752663293019495,1.4372800870338551,83.10833770449882,71.42919326885605,7.297492980957031,2.248878580147866,1.752663293019495,0,0,1
2022-07-20,81.22820281982422,82.37540087684452,80.62273758382503,82.24793604688834,16157313,81.3078842163086,81.08480072021484,78.23272705078125,30352653.0,78.2179150234635,76.5008029721108,76.06515944839603,-0.0009799959407674752,1.752663293019495,-1.0197332270641226,0.1274648299561818,0.6054652359991906,27818641.5,-0.4676803704770057,83.10833770449882,79.39586985298493,0,0,4.939334426440922,1.7171120513527,83.10833770449882,71.42919326885605,6.835411071777344,2.2056305589523717,4.939334426440922,0,0,1
2022-07-21,85.62579345703125,86.0081951886249,81.06886076218397,81.2600579811276,56209248,81.22820281982422,81.3078842163086,81.08480072021484,16157313.0,79.69949071017706,77.33034756164902,89.37245408570023,0.0541387164130851,4.939334426440922,4.365735475903648,0.3824017315936459,0.1911972189436284,31504419.6,2.478873498334779,82.423216233616,80.32000975442307,0,0,1.4977335005585388,2.369143148528039,83.10833770449882,73.35712306364736,9.974266052246094,2.370654308430809,1.4977335005585388,1,0,1
2022-07-22,85.02033233642578,86.07193167791297,84.57419817735443,85.99226251938735,28925541,85.62579345703125,81.22820281982422,81.3078842163086,56209248.0,80.76365903542681,78.02943708662872,86.2304930894345,-0.007071013256178538,1.4977335005585388,-0.9719301829615716,0.0796691585256184,0.4461341590713488,32279031.9,-0.4853953392153547,82.37540087684452,80.62273758382503,1,0,2.023536752262629,2.734221948798094,86.0081951886249,73.35712306364736,6.787605285644531,2.347892219136198,2.023536752262629,0,0,1
2022-07-25,86.05599212646484,87.44219751239628,85.41866076013365,85.94446406060875,27481563,85.02033233642578,85.62579345703125,81.22820281982422,28925541.0,81.82212565363443,78.759123908432,87.85906281216702,0.012181319004270108,2.023536752262629,0.11152806585609198,1.386205385931433,0.5258033004751042,34018131.6,-0.04992051834052125,86.0081951886249,81.06886076218397,0,0,2.54934018899462,3.0630017452024276,86.07193167791297,73.35712306364736,4.97119140625,2.337649223322783,2.54934018899462,0,0,1
2022-07-26,85.05220031738281,86.35873661721453,83.80939642821991,86.27906745702505,16387791,86.05599212646484,85.02033233642578,85.62579345703125,27481563.0,82.46814058638411,79.33122176379116,82.44342852190493,-0.011664403422447234,2.54934018899462,-1.2268671396422377,0.07966916018948211,1.2428038891629,34361523.3,-0.4036805330177181,86.07193167791297,84.57419817735443,0,0,1.9279383701197048,3.1369188225929463,87.44219751239628,73.35712306364736,3.7443161010742188,2.347892704981377,1.9279383701197048,0,0,1
2022-07-27,87.04387664794922,87.26694009983446,85.33900172971475,85.48240330992321,26434413,85.05220031738281,86.05599212646484,85.02033233642578,16387791.0,83.38328779869714,80.03237220780554,82.64757907360216,0.02341710529691432,1.9279383701197048,1.5614733380260049,0.22306345188523835,0.1434015802084616,35718332.7,0.6130552921989303,87.44219751239628,85.41866076013365,0,0,1.8323399244718246,3.350915590891603,87.44219751239628,73.61205876395375,5.815673828125,2.3319596004768903,1.8323399244718246,0,0,1
2022-07-28,86.78894805908203,88.23888616404707,86.40654623957525,87.31475147261737,26787639,87.04387664794922,85.05220031738281,86.05599212646484,26434413.0,84.06441985077413,80.64660637610339,82.4264783459833,-0.0029287366174906015,1.8323399244718246,-0.5258034135353427,0.9241346914296997,0.3824018195067822,36709174.2,0.013362354594369075,86.35873661721453,83.80939642821991,1,0,1.3702687745102793,3.417813474670737,87.44219751239628,74.45652641463498,1.1631546020507812,2.257983738063816,1.3702687745102793,0,0,1
2022-07-29,87.69713592529297,88.04767149405309,86.67740271954281,87.31474144341708,14660187,86.78894805908203,87.04387664794922,85.05220031738281,26787639.0,84.7909630656779,81.2875636078479,85.08244180401431,0.010464326236477417,1.3702687745102793,0.38239448187589176,0.3505355687601224,0.6373387238742652,35745182.4,-0.45272567694375754,87.26694009983446,85.33900172971475,0,0,4.748137830709297,3.5033994578299996,88.23888616404707,75.65152076246639,2.6768035888671875,2.2511552782878206,4.748137830709297,0,0,1
2022-08-01,90.5651397705078,91.712345115864,86.9642072851547,88.01580671478405,24181113,87.69713592529297,86.78894805908203,87.04387664794922,14660187.0,85.94579840664389,82.13097962263517,90.49105856605644,0.03270350639110964,4.748137830709297,2.54933305572375,1.1472053453561983,1.0515994296293485,26757746.1,0.6494409655211082,88.23888616404707,86.40654623957525,0,0,2.5334033497598085,3.8148187840087218,88.23888616404707,79.39586985298493,4.5091476440429545,2.44007897399893,2.5334033497598085,0,0,1
2022-08-02,89.86406707763672,91.4733359180106,88.9399325682508,91.1068709227888,32577612,90.5651397705078,87.69713592529297,86.78894805908203,24181113.0,86.72945214084245,82.83398757308986,87.26016599263934,-0.007741087736932717,2.5334033497598085,-1.242803845152082,0.3664649952218042,0.9241345093859223,26980242.0,0.3472337687682119,88.04767149405309,86.67740271954281,1,0,3.2185306243384417,3.8954645677525974,91.712345115864,80.32000975442307,4.811866760253906,2.5231600180506737,3.2185306243384417,0,0,1
2022-08-03,88.22293853759766,90.53327133454644,87.314740710208,90.182743062437,15700254,89.86406707763672,90.5651397705078,87.69713592529297,32577612.0,87.0281494201935,83.32389220622693,79.72872913543918,-0.018262344376437256,3.2185306243384417,-1.9598045248393419,0.35052827210944315,0.9081978273896567,26934536.1,-0.5180661492315644,91.712345115864,86.9642072851547,0,0,3.680608604922867,3.704257213966571,91.712345115864,80.62273758382503,1.1790618896484375,2.655178721608194,3.680608604922867,0,0,1
2022-08-04,90.54920196533205,91.6167380470614,87.93612944213854,88.66906673079492,39839988,88.22293853759766,89.86406707763672,90.5651397705078,15700254.0,87.73235992922122,83.98073854796375,79.48132718704156,0.02636801115781262,3.680608604922867,1.8801352345371214,1.067536081729358,0.7329372886563874,25297610.1,1.5375378003438671,91.4733359180106,88.9399325682508,0,0,5.656335233239815,3.751621381257465,91.712345115864,81.06886076218397,3.760253906250014,2.706393569343947,5.656335233239815,1,0,1
2022-08-05,87.99987030029297,90.8200695422811,85.16373430904129,90.78820333746076,80363784,90.54920196533205,88.22293853759766,89.86406707763672,39839988.0,87.78586200343557,84.34611416181185,66.79567716614224,-0.028154104174381578,5.656335233239815,-2.7883330371677886,0.03186620482034641,2.8361359912516804,30441434.4,1.0171638605915243,90.53327133454644,87.314740710208,0,0,2.8195851753839776,3.4397478416237135,91.712345115864,83.80939642821991,0.302734375,2.845241239467227,2.8195851753839776,1,0,0
2022-08-08,90.30679321289062,90.8675084239682,88.04792324858423,88.25618847935355,21774303,87.99987030029297,90.54920196533205,88.22293853759766,80363784.0,88.29004824532659,84.88799407554629,69.84787789307465,0.02621507173505422,2.8195851753839776,2.050604733537071,0.5607152110775786,0.208265230769328,29870708.4,-0.729053288481289,91.6167380470614,87.93612944213854,0,0,2.4190713822984122,3.4020541697802997,91.712345115864,83.80939642821991,-0.2583465576171733,2.8964111463380156,2.4190713822984122,0,0,0
2022-08-10,92.08506774902344,92.37342994017904,89.95435855788062,90.29078478099969,28967340,90.30679321289062,87.99987030029297,90.54920196533205,21774303.0,89.04905214606596,85.54227350040784,72.27662107807731,0.019691481369963793,2.4190713822984122,1.7942829680237509,0.28836219115559913,0.33642622311906223,31128663.3,0.3303452239091189,90.8200695422811,85.16373430904129,0,0,2.1146853485499264,3.506778645658116,91.712345115864,83.80939642821991,2.2210006713867188,2.9440117241436528,2.1146853485499264,0,0,1
2022-08-11,92.10108184814452,93.6390354955937,91.52435014704378,92.43750806265818,23053884,92.08506774902344,90.30679321289062,87.99987030029297,28967340.0,89.65945808648168,86.13852880474754,66.19897934839076,0.00017390549317641835,2.1146853485499264,-0.33642621451366495,1.2015274329355208,0.5767317011007407,30790610.4,-0.2041421821955347,90.8675084239682,88.04792324858423,1,0,1.5860176749390291,3.5209292817341407,92.37342994017904,85.16373430904129,3.878143310546861,2.742251075722867,1.5860176749390291,0,0,0
2022-08-12,93.27056884765624,93.60699506148175,92.02097738654273,92.27730666069732,13774848,92.10108184814452,92.08506774902344,90.30679321289062,23053884.0,90.3816802387166,86.7868960813756,70.07284230518923,0.012697863869177484,1.5860176749390291,0.9932621869589155,0.3364262138255185,0.25632927415459505,29489331.3,-0.40249339330413914,92.37342994017904,89.95435855788062,0,0,1.6661144421808274,3.594784157340996,93.6390354955937,85.16373430904129,2.7213668823241903,2.7485570881786168,1.6661144421808274,0,0,1
2022-08-16,94.11963653564452,94.63228769735714,92.96617325517632,93.71912987811486,18326535,93.27056884765624,92.10108184814452,92.08506774902344,13774848.0,91.12927149810218,87.45350884994551,69.79862653933617,0.00910327553995205,1.6661144421808274,0.40050665752966097,0.5126511617126255,0.7529566229385409,29855966.1,0.33043464436050396,93.6390354955937,91.52435014704378,0,0,1.6340744485176657,3.6757626481566774,93.6390354955937,85.16373430904129,6.119766235351548,2.7230269231727737,1.6340744485176657,0,0,0
2022-08-17,93.35067749023438,94.74444644140874,93.11037199289107,94.6002616762944,12973041,94.11963653564452,93.27056884765624,92.10108184814452,18326535.0,91.57355269652862,87.98961508997176,70.61291166203635,-0.008170017158097731,1.6340744485176657,-1.2495841860600194,0.1441847651143462,0.2403054973433001,28735158.9,-0.2921170859630585,93.60699506148175,92.02097738654273,0,0,2.483151911345459,3.5839376065568587,94.63228769735714,85.16373430904129,3.04388427734375,2.657650798852991,2.483151911345459,0,0,1
2022-08-18,92.51761627197266,94.35995596967118,91.87680405832572,93.25454921763536,16134525,93.35067749023438,94.11963653564452,93.27056884765624,12973041.0,91.76236541161744,88.40125156106275,64.4268232652116,-0.008923997561226749,2.483151911345459,-0.7369329456627014,1.1054067520358188,0.6408122136469387,27090850.2,0.24369644711675553,94.63228769735714,92.96617325517632,0,0,2.835609033123376,3.3611138505546876,94.74444644140874,85.16373430904129,0.43254852294921875,2.697308908940545,2.835609033123376,0,0,0
2022-08-19,91.3481216430664,93.6230154511396,90.78740641801622,92.7579142658894,17598678,92.51761627197266,93.35067749023438,94.11963653564452,16134525.0,91.67951665790724,88.6691488412449,61.46369593025176,-0.012640777789478586,2.835609033123376,-1.409792622822991,0.8651011852501966,0.5607152250501883,27280692.6,0.09074658225141419,94.74444644140874,93.11037199289107,0,0,2.38703851156815,3.010367816662338,94.74444644140874,85.16373430904129,-0.7529602050781108,2.7689709881299414,2.38703851156815,0,0,0
2022-08-22,92.6297607421875,92.99822721481767,90.61118870324952,91.31608873806388,18811092,91.3481216430664,92.51761627197266,93.35067749023438,17598678.0,91.8695654747633,89.02920446860333,62.174077927927435,0.014030273157985329,2.38703851156815,1.3136720041236174,0.36846647263017474,0.7049000348143579,25177803.0,0.06889233384462168,94.35995596967118,91.87680405832572,0,0,4.06917669284411,2.8403610061599807,94.74444644140874,85.16373430904129,-0.6408081054687358,2.8415973979197893,4.06917669284411,0,0,0
2022-08-23,95.62555694580078,95.99403072521648,91.92485403237237,92.05301499901718,30535758,92.6297607421875,91.3481216430664,92.51761627197266,18811092.0,92.6207637689708,89.62887287562127,62.411188798627045,0.03234161655616652,4.06917669284411,3.572541946783602,0.3684737794156945,0.12816096664481336,20195000.4,0.6232847088303008,93.6230154511396,90.78740641801622,0,0,3.011834377778257,2.9918908933495345,94.74444644140874,85.16373430904129,1.5059204101562642,2.793100173786562,3.011834377778257,1,0,0
2022-08-24,94.2157745361328,96.41057166257576,93.3987372847975,96.12220212279058,20796507,95.62555694580078,92.6297607421875,91.3481216430664,30535758.0,92.93976592240321,90.04586393566777,60.314438409066454,-0.014742736719086769,3.011834377778257,-1.9064275866577844,0.28836953978517954,0.817037251335293,20097220.8,-0.31894577498289056,92.99822721481767,90.61118870324952,1,0,1.3617287252496197,2.893901986735443,95.99403072521648,88.04792324858423,0.8650970458984233,2.8272738186450224,1.3617287252496197,0,0,0
2022-08-25,95.06485748291016,95.89791117354068,94.53618244829106,94.69638367080812,22580238,94.2157745361328,95.62555694580078,92.6297607421875,20796507.0,93.36478423450461,90.50213607632617,66.84938023687252,0.009012110243298288,1.3617287252496197,0.3684738121020388,0.8330536906305213,0.1602012225170597,19458510.6,0.08577070178179436,95.99403072521648,91.92485403237237,0,0,3.3322367984995793,2.8626481581784446,96.41057166257576,89.95435855788062,2.5472412109375,2.6946451115672496,3.3322367984995793,0,0,0
2022-08-26,97.8363800048828,98.65341724870056,95.32118045020098,95.32118045020098,31345068,95.06485748291016,94.2157745361328,95.62555694580078,22580238.0,94.25910338858026,91.16888552437676,67.56078879545387,0.029154017534511967,3.3322367984995793,2.515199554681814,0.8170372438177651,0.0,20287629.0,0.38816375628990274,96.41057166257576,93.3987372847975,0,0,3.412333431698329,3.0902178642034954,96.41057166257576,90.61118870324952,6.488258361816392,2.669761411108443,3.412333431698329,1,0,0
2022-08-29,98.95779418945312,99.742791116621,96.33045768492268,96.69892413368694,27834195,97.8363800048828,95.06485748291016,94.2157745361328,31345068.0,95.19884154875484,91.8769681302928,78.35825522167102,0.011462138976466196,3.412333431698329,2.258870055766181,0.7849969271678816,0.3684664487642664,21693563.7,-0.1120071904134966,95.89791117354068,94.53618244829106,1,0,2.787538047302661,3.3218734184620473,98.65341724870056,90.61118870324952,6.328033447265625,2.509475568141194,2.787538047302661,0,0,1
2022-08-30,98.20484924316406,99.9190280577819,97.13149001047924,99.74280303942744,25458348,98.95779418945312,97.8363800048828,95.06485748291016,27834195.0,95.8000430876367,92.45223004964473,72.2273323782924,-0.007608748279570143,2.787538047302661,-1.5379537962633805,0.17622501835445803,1.0733592326848225,22406745.0,-0.08535712996190481,98.65341724870056,95.32118045020098,0,0,4.742029468751639,3.347813037991969,99.742791116621,90.61118870324952,2.5792922973632812,2.507186487563957,4.742029468751639,0,0,1
2022-09-01,102.4662628173828,102.78667259236607,98.04464312361443,98.31698886561058,33768936,98.20484924316406,98.95779418945312,97.8363800048828,25458348.0,97.13328703358592,93.36259666489364,75.63298603026334,0.043393107438789436,4.742029468751639,4.149273951772216,0.3204097749832755,0.2723457419961477,24486334.5,0.3264386204477996,99.742791116621,96.33045768492268,0,0,2.9477466006873385,3.7706903686922715,99.9190280577819,90.61118870324952,8.25048828125,2.6731120651677593,2.9477466006873385,0,0,1
2022-09-02,103.98820495605467,105.63830327422258,102.69055667353524,102.85075790176538,37018653,102.4662628173828,98.20484924316406,98.95779418945312,33768936.0,98.50427061807967,94.32856105499918,77.31967620428321,0.014853104786151095,2.9477466006873385,1.1374470542892965,1.650098318167906,0.16020122823013594,26574747.3,0.09623391746781707,99.9190280577819,97.13149001047924,1,0,1.4578493728959216,4.175709563080488,102.78667259236607,90.61118870324952,8.923347473144517,2.7326164403204314,1.4578493728959216,0,0,1
2022-09-05,105.06156158447266,105.3819640106358,103.92411463773988,105.04553779639376,24073551,103.98820495605467,102.4662628173828,98.20484924316406,37018653.0,99.81572881135827,95.30428837586041,77.21901505168636,0.010321907459327484,1.4578493728959216,0.016023788078896928,0.32040242616314174,1.121423158653883,27222234.6,-0.3496913299357489,102.78667259236607,98.04464312361443,1,0,2.8836658287335837,4.51144043549786,105.63830327422258,90.61118870324952,7.225181579589858,2.7234615616030666,2.8836658287335837,0,0,1
2022-09-06,104.34064483642578,106.9519576033625,104.06829177462892,105.55818871955783,28364094,105.06156158447266,103.98820495605467,102.4662628173828,24073551.0,100.72071201637178,96.1257753268209,73.73520367775821,-0.006861850682347237,2.8836658287335837,-1.217543883132052,1.3937688838046682,0.27235306179686347,28177534.8,0.17822642783360054,105.63830327422258,102.69055667353524,0,0,1.2816243909409621,4.594936689550877,105.63830327422258,90.61118870324952,5.382850646972656,2.810429517785406,1.2816243909409621,0,0,1
2022-09-07,105.49411010742188,105.6543113229041,104.37268693196314,104.58095217886084,14016204,104.34064483642578,105.06156158447266,103.98820495605467,28364094.0,101.6753916345818,96.97744212505735,77.704702995803,0.011054802975430933,1.2816243909409621,0.9131579285610343,0.16020121548223187,0.208265246897696,26525579.4,-0.5058469345081144,105.3819640106358,103.92411463773988,0,0,1.3777525864768023,4.697949509524449,106.9519576033625,91.92485403237237,7.2892608642578125,2.785254513672785,1.3777525864768023,0,0,1
2022-09-08,105.14167022705078,106.1829965618396,104.8052439753628,106.05483557710936,13824843,105.49411010742188,104.34064483642578,105.06156158447266,14016204.0,102.3686473530756,97.71964467978403,79.44700159028682,-0.0033408488873190034,1.3777525864768023,-0.913165350058577,0.1281609847302434,0.3364262516879819,25828413.0,-0.013652840669271082,106.9519576033625,104.06829177462892,0,0,1.6340818894795461,4.649002673291577,106.9519576033625,93.3987372847975,2.675407409667983,2.706297419039309,1.6340818894795461,0,0,1
2022-09-09,105.14167022705078,106.63156734193768,104.99748545245814,105.41401598637366,16733637,105.14167022705078,105.49411010742188,104.34064483642578,13824843.0,102.92325192787064,98.39437427499008,84.03173173791194,0.0,1.6340818894795461,-0.2723457593228744,1.2175513555640265,0.14418477459264523,25243752.9,0.2104034020494845,105.6543113229041,104.37268693196314,0,0,4.405595887770957,4.528877652880553,106.9519576033625,94.53618244829106,1.153465270996108,2.6204740516361786,4.405595887770957,0,0,1
2022-09-12,108.4738998413086,108.87440655832184,104.46881067055088,105.68635461037118,39074646,105.14167022705078,105.14167022705078,105.49411010742188,16733637.0,104.03338151055823,99.31069478101904,85.49901659565342,0.03169275898948487,4.405595887770957,2.787545230937411,0.4005067170132435,1.2175439398203025,26016710.7,1.3350958312290389,106.1829965618396,104.8052439753628,0,0,2.0986691122787278,4.722686729539191,106.9519576033625,95.32118045020098,3.4123382568359375,2.7646567213649504,2.0986691122787278,1,0,1
2022-09-13,107.59278869628906,109.4511522969869,107.35248318470818,109.09870225772367,18851928,108.4738998413086,105.14167022705078,105.14167022705078,39074646.0,104.7452629477044,100.06361240967995,79.6194823984739,-0.008122794020575919,2.0986691122787278,-1.5059135614346104,0.35245003926323193,0.24030551158088542,25118484.0,-0.5175406579499147,106.63156734193768,104.99748545245814,1,0,2.0506121805383657,4.681650538024456,108.87440655832184,96.33045768492268,3.2521438598632812,2.6239061798959944,2.0506121805383657,0,0,1
2022-09-14,107.62481689453124,108.7622638331584,106.71165165262003,107.33644737949794,48838458,107.59278869628906,108.4738998413086,105.14167022705078,18851928.0,105.32117373706978,100.75099463557552,85.61712848389442,0.0002976797853300184,2.0506121805383657,0.28836951503329544,1.1374469386271642,0.6247957268779061,27456495.0,1.5906346555110966,108.87440655832184,104.46881067055088,0,0,5.815395649123275,4.570179101494261,109.4511522969869,97.13149001047924,2.130706787109361,2.5552474515217165,5.815395649123275,1,0,1
2022-09-15,106.79175567626952,110.20409648419168,104.3887008350684,110.20409648419168,25552945,107.62481689453124,107.59278869628906,108.4738998413086,48838458.0,105.61529012490973,101.30015473018406,81.17554809340648,-0.007740419378163388,5.815395649123275,-3.4123408079221633,0.0,2.4030548412011115,26634895.9,-0.4767864087764605,109.4511522969869,107.35248318470818,0,0,3.8929517026508194,4.315135394725672,109.4511522969869,98.04464312361443,1.6500854492187358,2.873366517512692,3.8929517026508194,0,0,1
2022-09-16,106.69563293457033,109.09868773039396,105.20573602774314,107.03205913927737,27675466,106.79175567626952,107.62481689453124,107.59278869628906,25552945.0,105.83135868684185,101.79065274876463,77.45787207639412,-0.0009000951533242318,3.8929517026508194,-0.3364262047070383,2.066628591116597,1.489896906827184,25700577.2,0.08306365469811805,108.7622638331584,106.71165165262003,0,0,3.604582618264601,4.040705938077224,110.20409648419168,102.69055667353524,1.5539627075195455,2.9134175820949233,3.604582618264601,0,0,1
2022-09-19,106.21503448486328,109.33900608735928,105.73442346909468,107.99329377649872,18503444,106.69563293457033,106.79175567626952,107.62481689453124,27675466.0,105.90809384644615,102.19286927022814,73.4231002024606,-0.004504387260177434,3.604582618264601,-1.778259291635436,1.3457123108605629,0.4806110157686021,25143566.5,-0.3314134620172249,110.20409648419168,104.3887008350684,0,0,2.018564679244051,3.715224576218006,110.20409648419168,103.92411463773988,-2.2588653564453125,2.9271496668496573,2.018564679244051,0,0,1
2022-09-20,105.9266586303711,107.75298184817922,105.73441716893517,107.17625013032972,13735873,106.21503448486328,106.69563293457033,106.79175567626952,18503444.0,105.91180680323114,102.53230466660477,75.69301192560829,-0.00271501916739747,2.018564679244051,-1.2495914999586262,0.5767317178494977,0.1922414614359269,23680744.4,-0.2576585742632561,109.09868773039396,105.20573602774314,0,0,2.787545243394547,3.379502136626371,110.20409648419168,104.06829177462892,-1.6661300659179688,2.8722229977026137,2.787545243394547,0,0,1
2022-09-21,104.24452209472656,106.26309414467758,103.47554890128303,106.11890937917512,16931740,105.9266586303711,106.21503448486328,106.69563293457033,13735873.0,105.57834986153023,102.68796079643403,57.14287465462424,-0.015880200106323628,2.787545243394547,-1.8743872844485594,0.14418476550245884,0.7689731934435287,23972298.0,0.23266573591645767,109.33900608735928,105.73442346909468,0,0,4.229378602938965,2.890389065096201,110.20409648419168,104.37268693196314,-3.3802947998046733,2.7326169816056782,4.229378602938965,0,0,0
2022-09-22,105.73442840576172,107.65687255859376,103.4274939556548,104.3887160320708,20701188,104.24452209472656,105.9266586303711,106.21503448486328,16931740.0,105.60956557037653,102.96491239728199,57.032292238273534,0.01429241825945815,4.229378602938965,1.3457123736909153,1.9224441528320426,0.9612220764160071,24659932.5,0.22262614474354092,107.75298184817922,105.73441716893517,0,0,4.709988927031304,2.6446531730945395,110.20409648419168,103.47554890128303,-1.0573272705077983,2.8241621246236517,4.709988927031304,0,0,0
2022-09-23,102.51432037353516,106.69563430527693,101.98564537824562,106.26308736988828,15215768,105.73442840576172,104.24452209472656,105.9266586303711,20701188.0,104.99051653100827,102.92394948603227,41.2541074302575,-0.030454678582733874,4.709988927031304,-3.748766996353126,0.4325469353886433,0.5286749952895349,24508145.6,-0.26498092766463455,106.26309414467758,103.47554890128303,0,0,5.286720534587957,2.066567044975997,110.20409648419168,103.4274939556548,-4.1813125610351705,3.0564578070618933,5.286720534587957,0,0,0
2022-09-26,96.7950439453125,100.9283011148614,95.64158058027344,100.9283011148614,41567351,102.51432037353516,105.73442840576172,104.24452209472656,15215768.0,103.35142201386913,102.36677625505774,30.71250186728632,-0.05579002433399671,5.286720534587957,-4.133257169548898,0.0,1.1534633650390589,24757416.1,1.7318601992354248,107.65687255859376,103.4274939556548,0,1,3.2681560909397973,0.9846457588113822,110.20409648419168,101.98564537824562,-9.419990539550781,3.228104571765777,3.2681560909397973,1,0,0
2022-09-27,95.88188934326172,97.90045396799052,94.63229787705072,97.32372226571678,28782718,96.7950439453125,102.51432037353516,105.73442840576172,41567351.0,101.85751547974765,101.7772410812581,25.124359151044658,-0.009433898315772238,3.2681560909397973,-1.4418329224550632,0.576731702273733,1.249591466211001,25750495.1,-0.3075642948717131,106.69563430527693,101.98564537824562,0,1,2.2588703609274035,0.08027439848954998,110.20409648419168,95.64158058027344,-10.044769287109375,3.3699996931942655,2.2588703609274035,0,1,0
2022-09-28,95.30516815185548,97.03536344949374,94.77649308856634,95.16098337700004,24892912,95.88188934326172,96.7950439453125,102.51432037353516,28782718.0,100.54704601416921,101.18887081494877,24.83605149544455,-0.0060149126738788805,2.2588703609274035,0.14418477485544656,1.7301952976382609,0.38449028843369604,23355940.5,-0.13514380400072012,100.9283011148614,95.64158058027344,0,0,2.2588702860979737,-0.6418248007795597,110.20409648419168,94.63229787705072,-8.93935394287108,3.432936677083594,2.2588702860979737,0,1,0
2022-09-29,95.16098022460938,96.79505472939292,94.53618444329494,96.0260815115415,74476855,95.30516815185548,95.88188934326172,96.7950439453125,24892912.0,99.46983285625726,100.64088076128155,24.654170472189648,-0.0015129077472101349,2.2588702860979737,-0.8651012869321306,0.7689732178514106,0.6247957813144325,28248331.5,1.9918900207416472,97.90045396799052,94.63229787705072,0,0,4.902230563931994,-1.1710479050242952,110.20409648419168,94.63229787705072,-10.573448181152344,3.477564419699196,4.902230563931994,1,1,0
2022-09-30,97.0353546142578,97.41984486768304,92.51761430375105,95.49740093409858,28502920,95.16098022460938,95.30516815185548,95.88188934326172,74476855.0,98.98293720785738,100.31310565700666,18.629140084407496,0.01969687980540269,4.902230563931994,1.5379536801592195,0.38449025342524124,2.979786630347533,28331076.9,-0.6172915733350985,97.03536344949374,94.77649308856634,0,0,4.709989185281401,-1.3301684491492836,109.33900608735928,94.53618444329494,-5.478965759277358,3.51303832513927,4.709989185281401,0,1,0
2022-10-03,94.6323013305664,99.00586428837236,94.29587510309096,97.51596728071316,21407465,97.0353546142578,95.16098022460938,95.30516815185548,28502920.0,98.11281003239918,99.79666890005754,17.193797485515034,-0.024764718934085272,4.709989185281401,-2.8836659501467494,1.4898970076592093,0.3364262274754424,28621479.0,-0.24893782812427634,96.79505472939292,94.53618444329494,0,0,2.4991756502224405,-1.6838588676583583,109.33900608735928,92.51761430375105,-2.1627426147460938,3.6995611874966037,2.4991756502224405,0,1,0
2022-10-04,98.09270477294922,98.47718769333603,95.9780120431136,96.36250229704204,14768228,94.6323013305664,97.0353546142578,95.16098022460938,21407465.0,98.1087889805092,99.64176307032042,29.440242913887147,0.03656683176598485,2.4991756502224405,1.730202475907177,0.38448292038681586,0.3844902539284476,28724714.5,-0.3101365341482516,97.41984486768304,92.51761430375105,0,0,2.499175849093433,-1.5329740898112192,107.75298184817922,92.51761430375105,2.2108154296875,3.731601435331181,2.499175849093433,0,1,0
2022-10-06,100.59188842773438,100.92831467661463,98.4291388275212,98.95780655189245,20520361,98.09270477294922,94.6323013305664,97.0353546142578,14768228.0,98.60540886995425,99.7281381028126,37.5242145340938,0.02547777289422193,2.499175849093433,1.6340818758419289,0.33642624888025807,0.5286677243712461,29083576.6,0.38949378354667874,99.00586428837236,94.29587510309096,0,0,2.4030549890854758,-1.1227292328583474,107.65687255859376,92.51761430375105,5.286720275878892,3.494728592471906,2.4030549890854758,0,0,0
2022-10-07,102.1298370361328,102.37014253504135,99.96708754595588,101.12055100730018,20045623,100.59188842773438,98.09270477294922,94.6323013305664,20520361.0,99.31029450318997,99.94647436947807,41.31628924188457,0.015288992307797233,2.4030549890854758,1.0092860288326193,0.24030549890855468,1.1534634613443018,29018020.1,-0.023134973112802437,98.47718769333603,95.9780120431136,1,0,1.5860177722114202,-0.6361798662881029,107.65687255859376,92.51761430375105,6.968856811523423,3.3883073986458103,1.5860177722114202,0,0,0
2022-10-10,100.3996353149414,101.50504208548524,99.91902431327382,101.02443108381765,11511957,102.1298370361328,100.59188842773438,98.09270477294922,20045623.0,99.52816266554026,99.98767081906564,39.441533069074744,-0.016941197317090206,1.5860177722114202,-0.6247957688762398,0.4806110016675973,0.4806110016675831,28647639.0,-0.42571218664543375,100.92831467661463,98.4291388275212,0,0,2.7394812929334904,-0.4595081535253769,106.69563430527693,92.51761430375105,3.364280700683608,3.244124195356297,2.7394812929334904,0,0,0
2022-10-11,99.0539321899414,101.3128024724114,98.57332117947792,100.9283121973322,11739022,100.3996353149414,102.1298370361328,100.59188842773438,11511957.0,99.4333165704205,99.90278548914526,37.98321426227432,-0.01340346626537725,2.7394812929334904,-1.8743800073907977,0.38449027507920164,0.4806110104634911,25664806.1,0.019724274508669648,102.37014253504135,99.96708754595588,0,0,2.3549907509965777,-0.4694689187247576,102.37014253504135,92.51761430375105,4.421630859375,3.295618239191257,2.3549907509965777,0,0,0
2022-10-12,99.24616241455078,99.43840386353536,97.08341311253878,98.66943073405582,6659580,99.0539321899414,100.3996353149414,102.1298370361328,11739022.0,99.39588573924657,99.84309248236394,40.78012956750503,0.0019406622267228446,2.3549907509965777,0.5767316804949587,0.19224144898457496,1.586017621517044,23452492.3,-0.4326972042475089,101.50504208548524,99.91902431327382,0,1,3.22009243578772,-0.44720674311737696,102.37014253504135,92.51761430375105,1.1534576416015625,3.2647214897342596,3.22009243578772,0,0,0
2022-10-13,97.4679183959961,100.35158457733596,97.13149214154824,99.24617774111388,7795689,99.24616241455078,99.0539321899414,100.3996353149414,6659580.0,99.01029227059648,99.6271675654214,34.91225920366277,-0.017917509103545726,3.22009243578772,-1.7782593451177888,1.1054068362220733,0.3364262544478578,21742770.0,0.17059769535015712,101.3128024724114,98.57332117947792,0,0,3.027850572426729,-0.6168752948249221,102.37014253504135,92.51761430375105,-3.1239700317382812,3.1926296206520277,3.027850572426729,0,0,0
2022-10-14,96.89117431640624,99.58259134358669,96.55474077115996,99.00585964730097,7476515,97.4679183959961,99.24616241455078,99.0539321899414,7795689.0,98.58646867975844,99.37844090642002,38.640763770879786,-0.005917270924435281,3.027850572426729,-2.11468533089473,0.5767316962857194,0.33643354524627966,15042736.0,-0.04094237212387508,99.43840386353536,97.08341311253878,0,0,2.6914245114122792,-0.791972226661585,102.37014253504135,92.51761430375105,-5.2386627197265625,3.072476881037415,2.6914245114122792,0,0,0
2022-10-17,97.85240173339844,98.76555969251592,96.07413518110364,96.60281021019806,9943468,96.89117431640624,97.4679183959961,99.24616241455078,7476515.0,98.43965529048644,99.23971007250897,52.6442700295966,0.00992069116484462,2.6914245114122792,1.2495915232003796,0.9131579591174841,0.5286750290944155,13186790.8,0.32996028229730023,100.35158457733596,97.13149214154824,0,0,4.66192492270207,-0.8000547820225279,102.37014253504135,92.51761430375105,-2.5472335815429688,2.887098593667724,4.66192492270207,0,0,0
2022-10-18,101.84146118164062,102.7546264209283,98.09270149822623,98.38106367888967,21766333,97.85240173339844,96.89117431640624,97.4679183959961,9943468.0,99.12001646871728,99.47623290061185,62.916682237906286,0.0407660862439585,4.66192492270207,3.4603975027509506,0.9131652392876788,0.2883621806634409,13222677.6,1.1890082011628138,99.58259134358669,96.55474077115996,0,0,3.748759932731005,-0.3562164318945662,102.37014253504135,94.29587510309096,2.7875289916992188,2.986653510222172,3.748759932731005,1,0,0
2022-10-19,101.7934112548828,104.9654394543892,101.2166795216582,102.51432775479908,22878764,101.84146118164062,97.85240173339844,96.89117431640624,21766333.0,99.6546954259504,99.68688547827284,64.39234062055007,-0.000471811050237414,3.748759932731005,-0.7209164999162851,2.4511116995901148,0.5767317332246051,14033731.2,0.05110787379757542,98.76555969251592,96.07413518110364,1,0,2.499175491163939,-0.03219005232244854,102.7546264209283,95.9780120431136,2.547248840332017,3.0930741939224293,2.499175491163939,1,0,0
2022-10-20,103.8119659423828,104.91737260199604,102.4181971108321,102.6585025875506,25579790,101.7934112548828,101.84146118164062,97.85240173339844,22878764.0,100.48614952923688,100.06189279319193,67.71655437921075,0.019829914948480187,2.499175491163939,1.1534633548321978,1.1054066596132373,0.240305476718504,14539674.1,0.11805821328459887,102.7546264209283,98.09270149822623,0,0,6.007636412170328,0.42425673604495273,104.9654394543892,96.07413518110364,6.3440475463867045,3.110238851427141,6.007636412170328,1,0,0
2022-10-21,99.5345230102539,104.72511500353664,98.71747859136632,104.34063213999016,19880033,103.8119659423828,101.7934112548828,101.84146118164062,25579790.0,100.2958242254403,100.01395008565211,54.65948999955908,-0.04120375616913885,6.007636412170328,-4.806109129736257,0.38448286354648076,0.8170444188875905,14523115.1,-0.22282266586238586,104.9654394543892,101.2166795216582,0,0,0.9612218562345589,0.28187413978818654,104.9654394543892,96.07413518110364,2.6433486938476705,3.1891964120155936,0.9612218562345589,0,0,0
2022-10-24,100.73605346679688,101.26472108760142,100.30349923136686,100.5438046954255,3728536,99.5345230102539,103.8119659423828,101.7934112548828,19880033.0,100.38387007371162,100.07959584757437,61.91370108907857,0.012071494595088161,0.9612218562345589,0.19224877137138208,0.5286676208045407,0.24030546405863618,13744773.0,-0.8124481986523866,104.91737260199604,102.4181971108321,0,1,1.8743799244781627,0.3042742261372524,104.9654394543892,96.07413518110364,2.8836517333984375,2.921427317083676,1.8743799244781627,0,0,0
2022-10-25,100.97637176513672,101.40891872200346,99.5345387975253,100.92830773279968,13217298,100.73605346679688,99.5345230102539,103.8119659423828,3728536.0,100.50237041199665,100.16112093098913,56.43778022895911,0.002385623518783797,1.8743799244781627,0.04806403233703804,0.4325469568667444,1.3937689352743803,13892600.6,2.5449028787706487,104.72511500353664,98.71747859136632,0,0,3.556526131874321,0.34124948100752306,104.9654394543892,96.07413518110364,-0.8650894165039062,2.876799050959085,3.556526131874321,0,0,0
2022-10-27,103.66780090332033,104.67708703088226,101.12056089900794,101.5531152394813,29990758,100.97637176513672,100.73605346679688,99.5345230102539,13217298.0,101.13545651026139,100.47991001938287,56.80852515448822,0.026654048775327954,3.556526131874321,2.114685663839026,1.0092861275619356,0.4325543404733594,16225718.4,1.2690536295693717,101.26472108760142,100.30349923136686,0,0,4.4696835957837635,0.6555464908785211,104.9654394543892,96.07413518110364,1.8743896484375284,2.9523240711577197,4.4696835957837635,1,0,0
2022-10-28,101.26473236083984,104.3406470433393,99.87096344755554,103.81197203013956,20059496,103.66780090332033,100.97637176513672,100.73605346679688,29990758.0,101.16131168037708,100.55125750496987,48.15572630627722,-0.023180471868228025,4.4696835957837635,-2.5472396692997137,0.5286750131997451,1.3937689132843047,17452099.1,-0.33114408111992366,101.40891872200346,99.5345387975253,0,0,1.9705006350969825,0.610054175407214,104.9654394543892,96.07413518110364,-2.5472335815429545,3.0999404002075974,1.9705006350969825,0,0,0
2022-10-31,102.7065658569336,103.0429920791656,101.07249144406862,101.79340792036932,12793983,101.26473236083984,103.66780090332033,100.97637176513672,20059496.0,101.4703625156884,100.74719462787566,54.97925133548943,0.014238259090598504,1.9705006350969825,0.913157936564275,0.33642622223200647,0.720916476300701,17983845.9,-0.36219818284567074,104.67708703088226,101.12056089900794,0,0,3.5084615194797806,0.7231678878127354,104.9654394543892,96.07413518110364,3.1720428466796875,3.1274034618422806,3.5084615194797806,0,0,0
2022-11-01,104.2925796508789,106.1189027888929,102.61044126941312,103.13911626557604,26521676,102.7065658569336,101.26473236083984,103.66780090332033,12793983.0,102.0348059427265,101.06950235723959,61.190942937664865,0.01544218503181738,3.5084615194797806,1.1534633853028708,1.82632313801399,0.5286749961629198,19641666.7,1.0729804002397065,104.3406470433393,99.87096344755554,0,0,3.3162127785630418,0.9653035854869216,104.9654394543892,96.07413518110364,3.5565261840820312,3.1823306208813014,3.3162127785630418,0,0,0
2022-11-02,102.94686889648438,105.97471949152188,102.65850671295884,104.29258108689451,19881462,104.2925796508789,102.7065658569336,101.26473236083984,26521676.0,102.21721853347809,101.24017204262547,57.53424870310189,-0.01290322627841134,3.3162127785630418,-1.34571219041014,1.6821384046273664,0.28836218352553544,19453179.6,-0.2503693205512352,103.0429920791656,101.07249144406862,0,0,5.478962447103072,0.9770464908526151,106.1189027888929,98.09270149822623,1.9704971313476562,3.2509893371360485,5.478962447103072,0,0,0
2022-11-03,105.68635559082033,107.84910508313077,102.3701426360277,102.65851216841916,34173239,102.94686889648438,104.2925796508789,102.7065658569336,19881462.0,102.91104594494654,101.64437054700682,66.10165741958414,0.026610684945557406,5.478962447103072,3.027843422401162,2.1627494923104393,0.2883695323914708,20582627.1,0.7188493984999695,106.1189027888929,102.61044126941312,0,0,2.691424384543552,1.2666753979397214,106.1189027888929,98.71747859136632,2.0185546875,3.412337195087145,2.691424384543552,1,0,0
2022-11-04,104.72512817382812,107.08012634368912,104.38870195914556,106.31114585280768,22356935,105.68635559082033,102.94686889648438,104.2925796508789,34173239.0,103.27386239072287,101.92443942217238,65.12057145314236,-0.00909509474159309,2.691424384543552,-1.5860176789795588,0.7689804908814324,0.33642621468256095,20260341.6,-0.3457765299917869,105.97471949152188,102.65850671295884,0,0,1.4418330168044946,1.3494229685504848,107.84910508313077,98.71747859136632,3.4603958129882812,3.3883067530954896,1.4418330168044946,0,0,0
2022-11-07,105.3979949951172,106.02279076910752,104.58095775230302,105.15768949231644,15333789,104.72512817382812,105.68635559082033,102.94686889648438,22356935.0,103.69868891160174,102.240217201531,64.72794105821447,0.006425075175579886,1.4418330168044946,0.24030550280076568,0.6247957739903143,0.5767317400134147,19805717.2,-0.31413724645171626,107.84910508313077,102.3701426360277,0,0,3.4123336579487216,1.4584717100707394,107.84910508313077,98.71747859136632,2.691429138183608,3.299050217766362,3.4123336579487216,0,0,0
2022-11-09,103.86003875732422,106.88788215328866,103.47554849533994,105.92666016509884,17033165,105.3979949951172,104.72512817382812,105.68635559082033,15333789.0,103.73095888074624,102.3874737066031,54.356863691798054,-0.014591892738227474,3.4123336579487216,-2.066621407774619,0.9612219881898199,0.3844902619842827,21136180.1,0.11082557611820532,107.08012634368912,104.38870195914556,0,0,3.652646300612389,1.3434851741431402,107.84910508313077,99.5345387975253,-0.4325408935546875,3.209793698855409,3.652646300612389,0,0,0
2022-11-10,102.5623779296875,104.2925803528284,100.639934052216,103.86003341381388,12937603,103.86003875732422,105.3979949951172,104.72512817382812,17033165.0,103.4972426905345,102.40337409051986,51.57477682198508,-0.012494322582228046,3.652646300612389,-1.2976554841263805,0.43254693901451446,1.922443877471494,21108210.6,-0.24044632926411502,106.02279076910752,104.58095775230302,0,1,1.682138599573122,1.0938686000146447,107.84910508313077,99.5345387975253,-0.384490966796875,3.202928439418365,1.682138599573122,0,0,0
2022-11-11,103.13912963867188,104.2445291372718,102.56239053769868,103.8119821450842,11075218,102.5623779296875,103.86003875732422,105.3979949951172,12937603.0,103.42562008016199,102.47026095853367,48.53561223662942,0.005623423721510923,1.682138599573122,-0.6728525064123261,0.4325469921875964,0.5767391009731995,19216656.6,-0.14395131772091008,106.88788215328866,103.47554849533994,0,0,2.114692781222658,0.9553591216283195,107.84910508313077,99.87096344755554,-2.5472259521484517,3.1445686614475923,2.114692781222658,0,0,0
2022-11-14,102.4662628173828,103.47554884177792,101.36085606055526,103.13912261149348,10547759,103.13912963867188,102.5623779296875,103.86003875732422,11075218.0,103.23374862760616,102.46989749115632,57.56823283755399,-0.006523875309461413,2.114692781222658,-0.6728597941106784,0.3364262302844452,1.1054067568275343,18265482.9,-0.04762515735581907,104.2925803528284,100.639934052216,0,0,1.8743871782050405,0.7638511364498441,107.84910508313077,99.87096344755554,-2.2588653564453267,2.8665012592370442,1.8743871782050405,0,0,0
2022-11-15,102.89881134033205,103.23523755174072,101.36085037353568,102.56237779538196,11675691,102.4662628173828,103.13912963867188,102.5623779296875,10547759.0,103.16676117015135,102.5088896592632,55.81394681088885,0.004221375026823626,1.8743871782050405,0.3364335449500828,0.33642621140867845,1.2015274218462793,18153653.7,0.10693570074932501,104.2445291372718,102.56239053769868,0,0,2.3549980430005206,0.6578715108881426,107.84910508313077,100.639934052216,-2.4991836547851562,2.9317273536635073,2.3549980430005206,0,0,0
2022-11-16,104.10033416748048,105.54216701005754,103.18716896705702,104.72512253243102,27372424,102.89881134033205,102.4662628173828,103.13912963867188,11675691.0,103.35347576961718,102.6535664327375,57.98520374493152,0.011676741562878457,2.3549980430005206,-0.6247883649505326,0.8170444776265242,0.9131652004234638,18238728.5,1.344394348908343,103.47554884177792,101.36085606055526,0,0,3.1239714372296135,0.6999093368796707,107.84910508313077,100.639934052216,0.2402954101562642,2.966057219272247,3.1239714372296135,1,0,0
2022-11-17,106.31114959716795,107.03206608268248,103.90809464545286,104.00421537681312,26985734,104.10033416748048,102.89881134033205,102.4662628173828,27372424.0,103.94501053512734,102.98607399314027,56.926894630206576,0.021237351900625256,3.1239714372296135,2.306934220354833,0.7209164855145218,0.09612073136025856,18949155.7,-0.014126991456803406,103.23523755174072,101.36085037353568,1,0,4.806109968893267,0.9589365419870717,107.84910508313077,100.639934052216,3.7487716674804545,2.935160455369054,4.806109968893267,0,0,0
2022-11-18,103.18717956542967,107.08013157364996,102.2740216047567,106.55145654365496,23962357,106.31114959716795,104.10033416748048,102.89881134033205,26985734.0,103.79344434118781,103.00435631789385,54.854362759773345,-0.029385158975098746,4.806109968893267,-3.3642769782252913,0.528675029995,0.9131579606729758,17928067.5,-0.11203612249346262,105.54216701005754,103.18716896705702,0,0,2.5952964150272635,0.7890880232939566,107.84910508313077,100.639934052216,0.04804992675779829,2.959190910591161,2.5952964150272635,0,0,0
2022-11-21,101.6972885131836,103.04299341961745,100.44769700459018,102.94687268823527,16407321,103.18717956542967,106.31114959716795,104.10033416748048,23962357.0,103.37421317558697,102.8855319720111,47.45764861708908,-0.014438722509140356,2.5952964150272635,-1.2495841750516803,0.0961207313821717,1.2495915085934115,17333106.1,-0.3152876822593036,107.03206608268248,103.90809464545286,0,1,2.643360143786225,0.4886812035758794,107.08013157364996,100.639934052216,-0.7689743041992045,3.003819180586181,2.643360143786225,0,0,0
2022-11-22,103.28328704833984,103.61972056983625,100.97636042605002,101.12053783978747,11999335,101.6972885131836,103.18717956542967,106.31114959716795,16407321.0,103.35602795013756,102.92169152440461,47.457608226056664,0.015595288314404154,2.643360143786225,2.16274920855237,0.33643352149640293,0.1441774137374523,16999660.7,-0.26865970379929793,107.08013157364996,102.2740216047567,0,0,2.6433602465157975,0.43433642573295117,107.08013157364996,100.44769700459018,0.3844757080077983,2.942026225179499,2.6433602465157975,0,0,0
2022-11-23,102.75462341308594,104.86930867688211,102.22594843036632,103.81196604498402,21024176,103.28328704833984,101.6972885131836,103.18717956542967,11999335.0,103.23574704272724,102.90650351428472,49.4949474703679,-0.005118578720354594,2.6433602465157975,-1.0573426318980808,1.057342631898095,0.5286749827196218,17398761.8,0.7521117628601919,103.04299341961745,100.44769700459018,0,0,1.2976483268272716,0.32924352844251814,107.08013157364996,100.44769700459018,-1.3457107543945455,2.893965330033267,1.2976483268272716,0,0,0
2022-11-24,102.85076141357422,103.235251707997,101.93760338116972,102.85076141357422,12820212,102.75462341308594,103.28328704833984,101.6972885131836,21024176.0,103.15874991689664,102.90143605058377,41.34902889638999,0.000935607540517136,1.2976483268272716,0.0,0.3844902944227755,0.9131580324044961,17387022.7,-0.39021572117737213,103.61972056983625,100.97636042605002,0,0,1.2976480781448458,0.25731386631287023,107.08013157364996,100.44769700459018,-3.460388183593736,2.5953000357278526,1.2976480781448458,0,0,0
2022-11-25,102.99492645263672,103.8119635882434,102.51431551009856,103.13911120210636,8834584,102.85076141357422,102.75462341308594,103.28328704833984,12820212.0,103.12598522404465,102.90993517804313,44.44444444444445,0.0014016915099228644,1.2976480781448458,-0.14418474946964466,0.6728523861370377,0.4806109425381635,17162959.3,-0.3108862786356419,104.86930867688211,102.22594843036632,0,0,1.7302022857986543,0.2160500460015271,107.08013157364996,100.44769700459018,-0.19225311279295454,2.4957445852708022,1.7302022857986543,0,0,0
2022-11-28,103.2352294921875,104.53287753976608,102.80267525396742,102.9468600000408,11289089,102.99492645263672,102.85076141357422,102.75462341308594,8834584.0,103.14783407767322,102.93950738841988,42.85709246235001,0.0023331541448430304,1.7302022857986543,0.2883694921466997,1.2976480475785763,0.14418474607337828,17237092.3,0.2778291541514575,103.235251707997,101.93760338116972,0,0,2.5472397049888116,0.2083266892533402,107.08013157364996,100.44769700459018,1.5379409790039062,2.5163423901989566,2.5472397049888116,0,0,0
2022-11-29,102.0337142944336,103.7158527536754,101.1686130486866,103.7158527536754,8717535,103.2352294921875,102.99492645263672,102.85076141357422,11289089.0,102.92501012102531,102.85716256169385,43.83115644813976,-0.01163861603896399,2.5472397049888116,-1.6821384592418127,0.0,0.8651012457469989,16941276.7,-0.2277910998841448,103.8119635882434,102.51431551009856,0,0,2.3069340602443873,0.06784755933145448,107.08013157364996,100.44769700459018,-1.24957275390625,2.4545499649875344,2.3069340602443873,0,0,0
2022-11-30,101.02442169189452,102.41819786728068,100.1112638070363,102.37013383816551,27869373,102.0337142944336,103.2352294921875,102.99492645263672,8717535.0,102.54489243519916,102.69054975534846,44.70197961877314,-0.009891755970253269,2.3069340602443873,-1.3457121462709978,0.04806402911516727,0.9131578848582222,16990971.6,2.196932733851943,104.53287753976608,102.80267525396742,0,1,2.403054863733445,-0.14565732014929722,107.08013157364996,100.44769700459018,-1.7302017211914205,2.3584276621041056,2.403054863733445,1,0,0
2022-12-01,100.11126708984376,102.2259524365126,99.82289757277915,101.55310000808382,19098551,101.02442169189452,102.0337142944336,103.2352294921875,27869373.0,102.05816736612809,102.45606951302985,39.805756911016054,-0.009038949065560575,2.403054863733445,-1.4418329182400527,0.6728524284287829,0.2883695170646092,16202253.3,-0.3147118523262077,103.7158527536754,101.1686130486866,0,0,2.066621383092297,-0.39790214690175674,107.08013157364996,100.1112638070363,-2.7394943237304545,2.4099216809727,2.066621383092297,0,0,0
2022-12-02,102.0337142944336,102.32207648732144,100.25545510422914,100.49576059840656,13020973,100.11126708984376,101.02442169189452,102.0337142944336,19098551.0,102.0532767517892,102.41767358406655,48.65671712516856,0.01920310530946079,2.066621383092297,1.5379536960270315,0.2883621928878455,0.2403054941774201,15108114.9,-0.31822194259658754,102.41819786728068,100.1112638070363,0,0,2.49917539650788,-0.3643968322773503,107.08013157364996,99.82289757277915,-0.961212158203125,2.406488009677674,2.49917539650788,0,0,0
2022-12-05,103.28328704833984,103.42747179561816,100.92829639911028,102.22594445753352,17476086,102.0337142944336,100.11126708984376,101.02442169189452,13020973.0,102.29927881109934,102.4963657171823,51.13632878807827,0.012246665355143405,2.49917539650788,1.0573425908063285,0.14418474727831665,1.2976480584232348,15214991.4,0.34214900837287665,102.2259524365126,99.82289757277915,0,0,2.7875451480609,-0.19708690608295854,104.86930867688211,99.82289757277915,0.04805755615234375,2.4511157395564487,2.7875451480609,0,0,0
2022-12-06,101.60115814208984,104.19646183174994,101.40891668368904,103.09105511209148,13880227,103.28328704833984,102.0337142944336,100.11126708984376,17476086.0,102.15965467729745,102.41498321035571,42.81765726859953,-0.01628655472073337,2.7875451480609,-1.489896970001638,1.1054067196584612,0.19224145840080098,15403080.6,-0.20575882952281188,102.32207648732144,100.25545510422914,0,0,1.6340817305729871,-0.2553285330582611,104.86930867688211,99.82289757277915,-0.43255615234375,2.4820119613464757,1.6340817305729871,0,0,0
2022-12-07,101.60115814208984,102.99493438289107,101.36085265231809,102.12983315300436,11943855,101.60115814208984,103.28328704833984,102.0337142944336,13880227.0,102.04795537025593,102.34099911324063,34.49359044559942,0.0,1.6340817305729871,-0.5286750109145117,0.8651012298867187,0.2403054897717567,14495048.5,-0.1395057876214849,103.42747179561816,100.92829639911028,0,0,1.20152735329863,-0.29304374298469327,104.86930867688211,99.82289757277915,0.5767364501953267,2.3755912680138596,1.20152735329863,0,0,0
2022-12-08,101.21666717529295,101.40890861840435,100.20738126510572,100.9282976770849,15789329,101.60115814208984,101.60115814208984,103.28328704833984,11943855.0,101.88169773126334,102.23878711888175,42.08487251103701,-0.0037843167718538684,1.20152735329863,0.2883694982080556,0.19224144311139924,0.7209164119791751,14791960.2,0.3219625489425315,104.19646183174994,101.40891668368904,0,1,2.306934220880734,-0.3570893876184016,104.53287753976608,99.82289757277915,1.1054000854491903,2.118121081185671,2.306934220880734,0,0,0
2022-12-09,101.6972885131836,102.75463122547092,100.44769700459018,101.88952997594794,12630851,101.21666717529295,101.60115814208984,101.60115814208984,15789329.0,101.8448158876474,102.18955997290918,50.0,0.004748440660057307,2.306934220880734,-0.1922414627643434,0.8651012495229793,1.2495915085934115,15171586.9,-0.20003877302195683,102.99493438289107,101.36085265231809,0,0,2.451118912031845,-0.34474408526178024,104.53287753976608,99.82289757277915,-0.33642578125,2.097523781603776,2.451118912031845,0,0,0
2022-12-12,100.49575805664062,102.41820196143688,99.96708304940503,101.8895269542013,19335542,101.6972885131836,101.21666717529295,101.60115814208984,12630851.0,101.57500432144604,102.03557798052113,37.39133795715704,-0.011814773767416686,2.451118912031845,-1.3937688975606761,0.5286750072355773,0.5286750072355915,15976232.2,0.5308186281351905,101.40890861840435,100.20738126510572,0,0,0.9612219249713121,-0.46057365907508085,104.53287753976608,99.82289757277915,-2.7875289916992188,2.0837922650498917,0.9612219249713121,0,0,0
2022-12-13,101.0724868774414,101.31279235868423,100.35157043371292,101.02442284777632,7421330,100.49575805664062,101.6972885131836,101.21666717529295,19335542.0,101.47450083264512,101.94802424387751,42.42423409450285,0.005738837458947543,0.9612219249713121,0.04806402966508472,0.24030548124282802,0.6728524140633994,15846611.7,-0.6161819513515576,102.75463122547092,100.44769700459018,0,0,0.7689804613942073,-0.4735234112323923,104.19646183174994,99.82289757277915,-0.5286712646484375,1.9636395277967142,0.7689804613942073,0,0,0
2022-12-14,101.36084747314452,101.55309625526368,100.78411579386947,101.0724853002776,6168426,101.0724868774414,100.49575805664062,101.6972885131836,7421330.0,101.451770160745,101.89464453744723,43.40414005166275,0.00285300782252218,0.7689804613942073,0.28836217286691124,0.19224878211916518,0.28836950640813086,13676517.0,-0.1688247254872105,102.41820196143688,99.96708304940503,0,0,2.7875450115237044,-0.4428743767022354,104.19646183174994,99.82289757277915,-0.2403106689453267,1.9258775374086383,2.7875450115237044,0,0,0
2022-12-15,99.24616241455078,101.55309647007182,98.76555145854812,101.16860623856144,10186774,101.36084747314452,101.0724868774414,100.49575805664062,6168426.0,101.01064861150616,101.65387343536574,35.869537709760664,-0.02086293782373927,2.7875450115237044,-1.9224438240106565,0.38449023151038375,0.4806109560026641,12785339.3,0.6514381464574592,101.31279235868423,100.35157043371292,0,0,4.373562508287662,-0.6432248238595832,104.19646183174994,99.82289757277915,-1.9705047607421733,2.0322987469356995,4.373562508287662,0,0,0
2022-12-16,95.59351348876952,98.42912244842604,94.05555994013838,98.28493769902975,38364152,99.24616241455078,101.36084747314452,101.0724868774414,10186774.0,99.92722158695884,101.10293162203881,27.08930052504418,-0.03680393112354474,4.373562508287662,-2.6914242102602373,0.14418474939628823,1.5379535486311369,15319657.2,2.7660747160975596,101.55309625526368,100.78411579386947,0,1,2.9797870171510965,-1.1757100350799732,104.19646183174994,98.76555145854812,-6.103775024414077,2.2211101913992004,2.9797870171510965,1,1,0
2022-12-19,96.55475616455078,96.93924646788632,93.95945945073522,95.59353407298316,22872344,95.59351348876952,99.24616241455078,101.36084747314452,38364152.0,99.25272850247723,100.68946112590353,33.33336427749862,0.010055521977379689,2.9797870171510965,0.9612220915676204,0.38449030333553935,1.6340746222479368,15859283.0,-0.40380947296841074,101.55309647007182,98.76555145854812,0,1,2.499175839059461,-1.436732623426309,104.19646183174994,94.05555994013838,-3.9410018920898438,2.2520064279822205,2.499175839059461,0,0,0
2022-12-20,97.37179565429688,97.66015786637556,95.1609820273161,96.84312059850602,10478941,96.55475616455078,95.59351348876952,99.24616241455078,22872344.0,98.87654193284116,100.38785517393929,38.75745050180374,0.008461928984147438,2.499175839059461,0.5286750557908562,0.28836221207868107,1.682138571189924,15519154.4,-0.5418510232270028,98.42912244842604,94.05555994013838,0,0,3.6045821591218044,-1.5113132410981223,104.19646183174994,93.95945945073522,-3.7006912231445312,2.2657379836118685,3.6045821591218044,0,0,0
2022-12-21,95.35321044921876,98.2368761765162,94.6322940173944,97.90044997503972,11606766,97.37179565429688,96.55475616455078,95.59351348876952,10478941.0,98.1718756361167,99.93016019896469,36.28808632827788,-0.020730697133744758,3.6045821591218044,-2.547239525820956,0.3364262014764847,0.7209164318243637,15485445.5,0.10762776505755678,96.93924646788632,93.95945945073522,0,0,2.979786314208866,-1.7582845628479902,102.99493438289107,93.95945945073522,-6.007637023925753,2.351561361853894,2.979786314208866,0,0,0
2022-12-22,94.44004821777344,96.02606576142132,93.04627944721246,95.64157554878835,14577136,95.35321044921876,97.37179565429688,96.55475616455078,11606766.0,97.42551015244806,99.43105910976549,26.764701625392647,-0.009576628066777504,2.979786314208866,-1.2015273310149155,0.38449021263296856,1.3937687705609818,15364226.2,0.2559171090379526,97.66015786637556,95.1609820273161,0,0,3.0278504350450106,-2.00554895731743,102.75463122547092,93.95945945073522,-4.806114196777344,2.4167874283622206,3.0278504350450106,0,1,0
2022-12-23,92.80597686767578,95.3051523272138,92.2773018921688,95.11290354814714,23099245,94.44004821777344,95.35321044921876,97.37179565429688,14577136.0,96.50160349549361,98.82877890593915,18.678251889182604,-0.017302737354915165,3.0278504350450106,-2.3069266804713635,0.19224877906665938,0.5286749755069877,16411065.6,0.5846216293790496,98.2368761765162,94.6322940173944,0,0,4.998351054500688,-2.327175410445534,102.75463122547092,93.04627944721246,-2.787536621093736,2.454549931114873,4.998351054500688,0,1,0
2022-12-26,95.40127563476562,95.97800732050936,90.97965626600867,92.85403607806111,12096095,92.80597686767578,94.44004821777344,95.35321044921876,23099245.0,96.28153792334803,98.51718769946882,32.42510842771064,0.027964780445016713,4.998351054500688,2.547239556704511,0.5767316857437379,1.8743798120524389,15687120.9,-0.476342408593874,96.02606576142132,93.04627944721246,0,0,2.451111637600519,-2.2356497761207947,102.41820196143688,92.2773018921688,-1.1534805297851562,2.612464638717715,2.451111637600519,0,0,0
2022-12-27,96.3625030517578,97.0353555012462,94.58424386364568,95.9299560961641,10240049,95.40127563476562,92.80597686767578,94.44004821777344,12096095.0,96.29773094902998,98.32130727694964,35.9173616298296,0.010075624362426039,2.451111637600519,0.4325469555936934,0.6728524494884027,1.345712232518423,15968992.8,-0.15344175124285975,95.3051523272138,92.2773018921688,0,0,1.5860176814088334,-2.023576327919656,101.55309647007182,90.97965626600867,-1.0092926025390767,2.67082391779111,1.5860176814088334,0,0,0
2022-12-28,95.88188934326172,96.98729605051888,95.40127836911005,95.73770458430792,9470020,96.3625030517578,95.40127563476562,92.80597686767578,10240049.0,96.21456262787633,98.09954201025073,35.73269596628933,-0.004987559406151365,1.5860176814088334,0.14418475895379856,1.1054067072571598,0.33642621519787497,16299152.2,-0.07519778469810057,95.97800732050936,90.97965626600867,0,0,1.4418330032791147,-1.8849793823743966,101.55309647007182,90.97965626600867,0.5286788940429545,2.6982875126561248,1.4418330032791147,0,0,0
2022-12-29,95.06485748291016,95.929958751586,94.48812574830689,94.68036721532737,11367064,95.88188934326172,96.3625030517578,95.40127563476562,9470020.0,95.98462159888311,97.8236615986743,32.575787944481476,-0.00852123238233815,1.4418330032791147,0.38449026758279103,0.8651012686758435,0.19224146702048017,16417181.2,0.20032101304960293,97.0353555012462,94.58424386364568,0,0,2.0185648517070263,-1.839039999791197,101.55309647007182,90.97965626600867,0.6248092651367188,2.6364945685417234,2.0185648517070263,0,0,0
2022-12-30,96.02608489990234,97.4198539482485,95.40128909654148,95.54547387170818,9236774,95.06485748291016,95.88188934326172,96.3625030517578,11367064.0,95.99291425908696,97.66024553514958,38.10746235934869,0.010111280261110078,2.0185648517070263,0.48061102819416135,1.393769048346158,0.1441847751667069,13504443.4,-0.18740899145109058,96.98729605051888,95.40127836911005,0,0,1.2495841681271997,-1.667331276062626,98.42912244842604,90.97965626600867,3.2201080322265625,2.605597849947093,1.2495841681271997,0,0,0
2023-01-02,96.3625030517578,97.27566099514084,96.02607682701364,96.50668781480294,6973552,96.02608489990234,95.06485748291016,95.88188934326172,9236774.0,96.06683201762114,97.54226894575032,37.30572952672661,0.0035034038116428246,1.2495841681271997,-0.14418476304514627,0.7689731803378947,0.33642622474415873,11914564.2,-0.2450229917934552,95.929958751586,94.48812574830689,1,0,1.0573427284703172,-1.4754369281291844,98.2368761765162,90.97965626600867,0.9612274169921733,2.6261951530296566,1.0573427284703172,0,0,0
2023-01-03,96.45862579345705,96.98730082446312,95.9299580959928,96.41056909380129,8833881,96.3625030517578,96.02608489990234,95.06485748291016,6973552.0,96.14519077278833,97.44375593190547,36.649268617021356,0.0009975118812306505,1.0573427284703172,0.04805669965575987,0.5286750310060739,0.4806109978084834,11750058.2,0.26676921603223147,97.4198539482485,95.40128909654148,0,0,2.3549980377890307,-1.298565159117146,98.2368761765162,90.97965626600867,0.09612274169924717,2.6467924578208075,2.3549980377890307,0,0,0
2023-01-04,94.92066192626952,96.98729046276488,94.63229242497584,96.7950416840554,8927128,96.45862579345705,96.3625030517578,96.02608489990234,8833881.0,95.90028500348457,97.21438374957492,37.83786566718493,-0.01594428548547544,2.3549980377890307,-1.8743797577858885,0.19224877870946955,0.28836950129367267,11482094.4,0.010555609703141844,97.27566099514084,96.02607682701364,0,0,1.7782592121925234,-1.3140987460903517,98.2368761765162,90.97965626600867,-0.9612274169922017,2.615896245411188,1.7782592121925234,0,0,0
2023-01-05,96.07413482666016,96.26638362450424,94.48812441231172,95.16097687091155,10448282,94.92066192626952,96.45862579345705,96.3625030517578,8927128.0,95.93505496811969,97.11072475658267,51.572355928108365,0.012151968570200289,1.7782592121925234,0.913157955748602,0.192248797844087,0.6728524585998343,11069209.0,0.1703967950274714,96.98730082446312,95.9299580959928,0,0,1.7302022753530508,-1.175669788462983,97.4198539482485,90.97965626600867,1.00927734375,2.430517438547249,1.7302022753530508,0,0,0
2023-01-06,95.11289978027344,96.60279659146862,94.87259431611557,95.92994422524283,7215940,96.07413482666016,94.92066192626952,96.45862579345705,10448282.0,95.77062393055044,96.92910430419091,45.28295482057772,-0.010005138720437179,1.7302022753530508,-0.8170444449693974,0.6728523662257828,0.24030546415787057,9480878.5,-0.30936588426690625,96.98729046276488,94.63229242497584,0,0,2.1146851311589216,-1.1584803736404723,97.4198539482485,90.97965626600867,-0.9131851196289062,2.341261385561675,2.1146851311589216,0,0,0
2023-01-09,96.12218475341795,97.7562589608098,95.64157382965088,96.0260640353727,11920266,95.11289978027344,96.07413482666016,94.92066192626952,7215940.0,95.84093609512395,96.85574798139336,45.96267167808841,0.010611441512940134,2.1146851311589216,0.09612071804525613,1.6340742073918477,0.3844902057218178,9463295.6,0.6519352987968303,96.26638362450424,94.48812441231172,0,0,1.7301952976382609,-1.0148118862694133,97.4198539482485,90.97965626600867,-0.24031829833984375,2.313797763568779,1.7301952976382609,0,0,0
2023-01-10,95.30516815185548,96.21832617003604,94.48813087239778,96.12220543131318,10397112,96.12218475341795,95.11289978027344,96.07413482666016,11920266.0,95.73378250647026,96.7147861787081,49.831715698143334,-0.00849977144879055,1.7301952976382609,-0.8170372794576934,0.09612073872285976,0.8170372794577077,9479001.9,-0.1277785244054117,96.60279659146862,94.87259431611557,0,0,1.1534634234651406,-0.9810036722378328,97.7562589608098,94.48812441231172,-1.1534576416015625,2.179912987748526,1.1534634234651406,0,0,0
2023-01-11,96.31443786621094,96.84311287986506,95.68964945639992,96.45862262752948,11130194,95.30516815185548,96.12218475341795,95.11289978027344,10397112.0,95.84991357841841,96.67839087757199,56.52176913871662,0.010589873916882597,1.1534634234651406,-0.14418476131854163,0.3844902523355813,0.6247884098110177,9645019.3,0.07050823344020918,97.7562589608098,95.64157382965088,0,0,1.5379536575621557,-0.828477299153576,97.7562589608098,94.48812441231172,1.3937759399414205,2.0494613526954026,1.5379536575621557,0,0,0
2023-01-12,95.54546356201172,96.60280624323936,95.0648525856772,96.55474221218932,9299447,96.31443786621094,95.30516815185548,96.12218475341795,11130194.0,95.78902357513708,96.57539748524832,60.14237227621647,-0.007983998258572544,1.5379536575621557,-1.009278650177606,0.048064031050031986,0.48061097633451766,9438257.6,-0.16448473404866082,96.21832617003604,94.48813087239778,0,0,2.5952964357899617,-0.7863739101112373,97.7562589608098,94.48812441231172,-0.5286712646484375,1.94304015430377,2.5952964357899617,0,0,0
2023-01-13,96.07413482666016,96.21831959165776,93.6230231558678,95.64158786520908,11684608,95.54546356201172,96.31443786621094,95.30516815185548,9299447.0,95.8460458254417,96.52982815264939,52.94119608796542,0.005533190639713803,2.5952964357899617,0.43254696145108085,0.14418476499760402,2.018564709341277,9683041.0,0.2564841758870178,96.84311287986506,95.68964945639992,0,0,2.6914242582544574,-0.6837823272076804,97.7562589608098,94.48812441231172,0.9612350463867188,1.7713933958244326,2.6914242582544574,0,0,0
2023-01-16,98.14075469970705,99.00585587797032,96.31443161971586,96.55473709514784,16485682,96.07413482666016,95.54546356201172,96.31443786621094,11684608.0,96.30498760029478,96.67627602056372,57.088100467291255,0.02151067898530168,2.6914242582544574,1.5860176045592027,0.8651011782632736,0.2403054754319811,10634254.0,0.4108887521087572,96.60280624323936,95.0648525856772,0,0,1.4418328741485738,-0.3712884202689395,97.7562589608098,93.6230231558678,2.018569946289091,1.7885585830139996,1.4418328741485738,1,0,0
2023-01-17,98.90973663330078,99.00585735820243,97.56402448405386,98.3810616460298,11762030,98.14075469970705,96.07413482666016,95.54546356201172,16485682.0,96.82593740689599,96.8793178944489,61.79776616958609,0.007835500510941396,1.4418328741485738,0.5286749872709748,0.09612072490165247,0.8170371619759464,10927068.9,-0.28653057847409646,96.21831959165776,93.6230231558678,1,0,1.8263230271994786,-0.053380487552914246,99.00585587797032,93.6230231558678,3.6045684814452983,1.7782596682096954,1.8263230271994786,0,0,0
2023-01-18,98.7174835205078,99.9670748900498,98.14075186285032,99.10197373679313,13005273,98.90973663330078,98.14075469970705,96.07413482666016,11762030.0,97.20424662961835,97.04642386045425,64.9605671776673,-0.0019437228258502026,1.8263230271994786,-0.38449021628532876,0.8651011532566741,0.5767316576574757,11334883.4,0.10569969639594534,99.00585587797032,96.31443161971586,0,0,1.105406742599797,0.15782276916409899,99.00585735820243,93.6230231558678,2.403045654296861,1.8057232413468642,1.105406742599797,0,0,0
2023-01-19,98.86167907714844,99.0058638407122,97.9004570981124,98.04464186167615,4842895,98.7174835205078,98.90973663330078,98.14075469970705,13005273.0,97.53573311912437,97.21144706197191,62.44721103462685,0.001460689145410532,1.105406742599797,0.8170372154722827,0.1441847635637572,0.1441847635637572,10774344.7,-0.6276206581745727,99.00585735820243,97.56402448405386,0,0,1.7302025192710175,0.32428605715246306,99.9670748900498,93.6230231558678,3.3162155151367188,1.7404976621249193,1.7302025192710175,0,0,0
2023-01-20,97.85240173339844,99.39035545411612,97.6601529348451,98.90974445804548,7912700,98.86167907714844,98.7174835205078,98.90973663330078,4842895.0,97.5990668419792,97.26971566846522,56.17531619070993,-0.010208984443430213,1.7302025192710175,-1.057342724647043,0.48061099607063795,0.19224879855333654,10844020.7,0.6338780832539215,99.9670748900498,98.14075186285032,0,0,1.3457121844182751,0.32935117351397025,99.9670748900498,93.6230231558678,1.7782669067382812,1.7748275443494776,1.3457121844182751,0,0,0
2023-01-23,97.61209106445312,98.52524897519692,97.17953679077864,98.38106421730542,9725869,97.85240173339844,98.86167907714844,98.7174835205078,7912700.0,97.60167168647399,97.30084070446412,54.72440182117595,-0.0024558484481560505,1.3457121844182751,-0.768973152852297,0.14418475789149454,0.4325542736744836,10624581.0,0.22914668823536855,99.0058638407122,97.9004570981124,0,0,1.6340744370566256,0.30083098200987024,99.9670748900498,93.6230231558678,-0.5286636352539205,1.7954253626314747,1.6340744370566256,0,0,0
2023-01-24,96.74699401855467,97.90045746429564,96.26638302723902,97.61209526963128,10169994,97.61209106445312,97.85240173339844,98.86167907714844,9725869.0,97.43073615289013,97.25049100574508,57.9167137937033,-0.008862601307528917,1.6340744370566256,-0.8651012510766094,0.28836219466435864,0.48061099131565754,10601869.2,0.04566430002295929,99.39035545411612,97.6601529348451,0,0,2.0185648473491398,0.18024514714505813,99.9670748900498,93.6230231558678,-2.162742614746108,1.7439308197220171,2.0185648473491398,0,0,0
2023-01-25,95.30516815185548,96.98730674690346,94.96874189955432,96.3144469087589,9232812,96.74699401855467,97.61209106445312,97.85240173339844,10169994.0,97.0056225526832,97.0736434735733,46.74800892579439,-0.014903055969084367,2.0185648473491398,-1.009278756903413,0.6728598381445607,0.3364262523011661,10412131.0,-0.09215167678565006,98.52524897519692,97.17953679077864,0,1,7.20916473909169,-0.06802092089009193,99.9670748900498,93.6230231558678,-3.4123153686523153,1.7610955079474897,7.20916473909169,0,0,0
2023-01-27,90.64323425292967,96.07413248954548,88.86496775045379,95.73770626842952,24624255,95.30516815185548,96.74699401855467,97.61209106445312,9232812.0,95.7331448927325,96.48906081715114,35.603747731879054,-0.04891585618418581,7.20916473909169,-5.094472015499846,0.336426221115957,1.778266502475887,11944611.8,1.6670374096212508,97.90045746429564,96.26638302723902,0,1,5.719266966524188,-0.7559159244186446,99.9670748900498,93.6230231558678,-8.218444824218764,2.152449969643107,5.719266966524188,1,0,0
2023-01-30,85.50067901611328,89.34556634380432,83.62629937728013,89.34556634380432,62828817,90.64323425292967,95.30516815185548,96.74699401855467,24624255.0,93.68665171740865,95.49011701705679,22.982868099111982,-0.056734021895850195,5.719266966524188,-3.8448873276910405,0.0,1.8743796388331475,17059032.7,1.5515012332352796,96.98730674690346,94.96874189955432,0,1,6.920796797500884,-1.8034652996481384,99.9670748900498,88.86496775045379,-12.351722717285156,2.4099201007406257,6.920796797500884,1,1,0
2023-01-31,91.2680435180664,92.5176352917884,85.59683849428751,86.7983662253497,59004021,85.50067901611328,90.64323425292967,95.30516815185548,62828817.0,93.2029300775402,95.1062921535122,41.796906489006375,0.0674540198782072,6.920796797500884,4.46967729271671,1.2495917737219884,1.2015277310621855,21310866.6,-0.06087646055789975,96.07413248954548,88.86496775045379,0,0,7.882017095443402,-1.903362075971998,99.9670748900498,83.62629937728013,-6.344047546386719,2.780677350730813,7.882017095443402,1,0,0
2023-02-01,87.42313385009766,93.47883509837013,85.59681800292672,93.23852960968536,44092961,91.2680435180664,85.50067901611328,90.64323425292967,59004021.0,92.0469708320517,94.40782321683815,33.80039783097328,-0.04212766615521513,7.882017095443402,-5.815395759587702,0.24030548868476842,1.8263158471709318,24543959.7,-0.2527126075017837,89.34556634380432,83.62629937728013,0,0,4.9983515921786505,-2.3608523847864546,99.9670748900498,83.62629937728013,-9.323860168457017,3.261288327300689,4.9983515921786505,1,0,0
2023-02-02,89.4897689819336,89.8742592583032,84.87590766612455,86.07743519631576,24502896,87.42313385009766,91.2680435180664,85.50067901611328,44092961.0,91.53553046202808,93.96072737730137,39.464924137769934,0.023639453778670827,4.9983515921786505,3.4123337856178324,0.3844902763696041,1.201527530191214,25693722.0,-0.44429007614163174,92.5176352917884,85.59683849428751,0,0,2.595303871953263,-2.4251969152732897,99.9670748900498,83.62629937728013,-5.815399169921889,3.5084596083447246,2.595303871953263,0,0,0
2023-02-03,90.21068572998048,90.73936077802894,88.14405690607568,89.77813875142597,15906920,89.4897689819336,87.42313385009766,91.2680435180664,24502896.0,91.27056151561857,93.6198145002722,39.86715151003751,0.008055856621916435,2.595303871953263,0.4325469785545124,0.5286750480484557,1.6340818453502948,26800124.5,-0.350814695536397,93.47883509837013,85.59681800292672,0,0,1.7302024021200282,-2.3492529846536314,99.39035545411612,83.62629937728013,-0.43254852294919033,3.508460139499246,1.7302024021200282,0,0,0
2023-02-06,90.8354721069336,91.31608307046234,89.58588066834231,89.87425017987609,7015869,90.21068572998048,89.4897689819336,87.42313385009766,15906920.0,91.18354363388157,93.36669246451414,36.71334047122279,0.006925857750635256,1.7302024021200282,0.9612219270575082,0.480610963528747,0.288369511533773,26710441.4,-0.5589423345311348,89.8742592583032,84.87590766612455,0,0,1.2976481182995343,-2.1831488306325753,99.39035545411612,83.62629937728013,5.3347930908203125,3.439801435489644,1.2976481182995343,0,0,0
2023-02-07,90.78740692138672,91.41220263272834,90.1145545144288,90.83547095054423,10315670,90.8354721069336,90.21068572998048,89.4897689819336,7015869.0,91.1043162913826,93.13221196059347,34.82948939442217,-0.0005291455466900352,1.2976481182995343,-0.04806402915751562,0.5767316821841035,0.6728524069579152,26769421.5,0.47033389591510333,90.73936077802894,88.14405690607568,0,0,1.8743872110749606,-2.0278956692108636,98.52524897519692,83.62629937728013,-0.4806365966796875,3.4295025243575696,1.8743872110749606,0,0,0
2023-02-08,92.37342834472656,92.56567713571816,90.6912899246432,91.26802163053492,11577350,90.78740692138672,90.8354721069336,90.21068572998048,10315670.0,91.35813870205139,93.0632316318783,38.73725517391588,0.01746961915889056,1.8743872110749606,1.1054067141916448,0.19224879099159864,0.5767317058917172,26910157.1,0.12230713080197408,91.31608307046234,89.58588066834231,0,0,1.105399399742339,-1.705092929826904,97.90045746429564,83.62629937728013,4.950294494628906,3.4329356803486752,1.105399399742339,0,0,0
2023-02-09,92.08506774902344,92.95016165603194,91.8447622562896,92.61373543291288,6577385,92.37342834472656,90.78740692138672,90.8354721069336,11577350.0,91.5035245114458,92.97430764252785,38.03059728966789,-0.003121683376598239,1.105399399742339,-0.528667683889438,0.33642622311906223,0.24030549273383883,26644614.4,-0.43187473817410715,91.41220263272834,90.1145545144288,1,0,1.2574670600620266,-1.4707831310820438,96.98730674690346,83.62629937728013,2.5952987670898438,3.432935155858857,1.2574670600620266,0,0,0
2023-02-10,93.1007080078125,93.487621517044,92.23015445698198,92.42361490147842,10685751,92.08506774902344,92.37342834472656,90.78740692138672,6577385.0,91.82296121071914,92.98579858482645,41.60905770273344,0.011029369729706584,1.2574670600620266,0.6770931063340839,0.3869135092315048,0.19346044449643784,25250764.0,0.6246199667497037,92.56567713571816,90.6912899246432,0,0,2.66002003874749,-1.162837374107312,96.07413248954548,83.62629937728013,2.890022277832017,3.399168337343929,2.66002003874749,0,0,0
2023-02-13,91.55305480957033,94.0196144176433,91.3595943788958,93.10070135616212,13582939,93.1007080078125,92.08506774902344,92.37342834472656,10685751.0,91.76897993048938,92.85554915071226,39.77266171189087,-0.01662343102817543,2.66002003874749,-1.5476465465917926,0.9189130614811774,0.19346043067452,20326176.2,0.2711262877078082,92.95016165603194,91.8447622562896,0,0,1.9829272375824871,-1.0865692202228843,93.487621517044,83.62629937728013,0.717582702636733,3.4930474697960157,1.9829272375824871,0,0,0
2023-02-14,91.50469970703124,92.03670673558122,90.05377949799873,91.69816016275934,9624926,91.55305480957033,93.1007080078125,92.08506774902344,13582939.0,91.71612388579776,92.73274465583216,40.90038172103958,-0.0005281648180901488,1.9829272375824871,-0.19346045572810056,0.3385465728218833,1.4509202090325033,15388266.7,-0.29139591954289124,93.487621517044,92.23015445698198,0,1,1.3541934956781603,-1.0166207700344074,94.0196144176433,84.87590766612455,0.717292785644517,3.5179655269764347,1.3541934956781603,0,0,0
2023-02-15,91.55305480957033,91.69814828763596,90.3439547919578,90.97268827706849,11575131,91.50469970703124,91.55305480957033,93.1007080078125,9624926.0,91.68351007055227,92.6255001243538,43.1559634355325,0.0005284439235788696,1.3541934956781603,0.5803665325018414,0.14509347806563255,0.6287334851106863,12136483.7,0.20262025910640769,94.0196144176433,91.3595943788958,0,0,4.014214144290804,-0.9419900538015327,94.0196144176433,84.87590766612455,-0.8203735351562358,3.4705104304285075,4.014214144290804,0,0,0
2023-02-16,94.5516357421875,95.1803693228194,91.1661551785286,92.76216892020592,32927840,91.55305480957033,91.50469970703124,91.55305480957033,11575131.0,92.25713520487932,92.80060336233869,57.58965980299084,0.03275238536665115,4.014214144290804,1.789466821981577,0.6287335806319021,1.596013741677325,12978978.1,1.8447056020359511,92.03670673558122,90.05377949799873,0,0,2.3698405774083824,-0.5434681574593725,94.0196144176433,84.87590766612455,2.4665679931640625,3.2422996736570155,2.3698405774083824,1,0,0
2023-02-17,93.29415893554688,95.42217949769488,93.0523389202865,94.35817290650148,20383244,94.5516357421875,91.55305480957033,91.50469970703124,32927840.0,92.46453995101284,92.84547205081216,67.82334715105821,-0.013299365968341026,2.3698405774083824,-1.0640139709546048,1.0640065911934045,0.2418200152603731,13426610.5,-0.38097233222707594,91.69814828763596,90.3439547919578,1,0,2.466567022376836,-0.38093209979932396,95.1803693228194,88.14405690607568,0.193450927734375,3.003054931577315,2.466567022376836,1,0,0
2023-02-20,91.7948760986328,93.5843426738077,91.11777565143086,93.53597572052148,17505922,93.29415893554688,94.5516357421875,91.55305480957033,20383244.0,92.33060718053683,92.74996332788676,51.497105432836506,-0.016070489878684313,2.466567022376836,-1.7410996218886794,0.04836695328621943,0.6771004472019371,14475615.8,-0.14116114196543006,95.1803693228194,91.1661551785286,0,0,1.5476466504744906,-0.4193561473499301,95.42217949769488,89.58588066834231,0.24182128906247158,2.6848956619255975,1.5476466504744906,0,0,0
2023-02-21,92.42361450195312,93.05234064950491,91.50469399903042,92.81052062975074,11933886,91.7948760986328,93.29415893554688,94.5516357421875,17505922.0,92.3492086448201,92.72029525280188,67.38829724296116,0.0068493845195101155,1.5476466504744906,-0.3869061277976158,0.24182001975417222,0.9189205029227026,14637437.4,-0.318294346336057,95.42217949769488,93.0523389202865,0,0,1.3058265462517653,-0.3710866079817805,95.42217949769488,90.05377949799873,0.9189147949218892,2.232440630142104,1.3058265462517653,0,0,0
2023-02-22,91.8916015625,93.00397505736665,91.69814851111488,92.5686946221088,14589841,92.42361450195312,91.7948760986328,93.29415893554688,11933886.0,92.25768722835608,92.64495946277442,59.34983881994933,-0.0057562446818381074,1.3058265462517653,-0.6770930596087936,0.43528043525785165,0.19345305138512003,14938686.5,0.2225557542614367,93.5843426738077,91.11777565143086,0,0,1.9829196839006613,-0.38727223441834724,95.42217949769488,90.05377949799873,0.3385467529296733,1.9686888411473262,1.9829196839006613,0,0,0
2023-02-23,92.2785186767578,92.56869826525586,90.5857785813552,91.98833170849862,16196352,91.8916015625,92.42361450195312,91.7948760986328,14589841.0,92.26185351803642,92.61164666404564,58.26455731172494,0.004210581899529053,1.9829196839006613,0.290186968259178,0.2901795884980629,1.4025531271434204,15900583.2,0.11011161807726344,93.05234064950491,91.50469399903042,0,0,0.870553636887422,-0.34979314600921896,95.42217949769488,90.05377949799873,-2.2731170654297017,1.9249471134292833,0.870553636887422,0,0,0
2023-02-24,92.23016357421876,92.76217062447276,91.89161698758534,92.5203505797686,8061923,92.2785186767578,91.8916015625,92.42361450195312,16196352.0,92.25551552927288,92.57696638315228,55.843443471345275,-0.0005240125571197574,0.870553636887422,-0.2901870055498392,0.24182004470415563,0.3385465866334272,15638200.4,-0.5022383435479791,93.00397505736665,91.69814851111488,0,0,2.4665597111585384,-0.32145085387939787,95.42217949769488,90.05377949799873,-1.0639953613281108,1.8635436301983828,2.4665597111585384,0,0,0
2023-02-27,92.2785186767578,92.56869826525586,90.10213855409732,92.23015172212756,13928820,92.23016357421876,92.2785186767578,91.8916015625,8061923.0,92.26011615876988,92.54983477348006,56.247271016291066,0.0005242872902433415,2.4665597111585384,0.048366954630239434,0.2901795884980629,2.128013168030236,15672788.5,0.7277292278777656,92.56869826525586,90.5857785813552,0,0,1.6927402438712704,-0.289718614710182,95.42217949769488,90.05377949799873,0.483642578125,1.9470373154025975,1.6927402438712704,0,0,0
2023-02-28,91.50469970703124,93.00398687493625,91.31124663106498,92.03670673558122,10965145,92.2785186767578,92.23016357421876,92.2785186767578,13928820.0,92.10903286842215,92.45482249471198,46.094514223780095,-0.00838568911619797,1.6927402438712704,-0.5320070285499838,0.9672801393550259,0.1934530759662607,15806810.4,-0.21277286948930352,92.76217062447276,91.89161698758534,0,0,2.224739934370291,-0.3457896262898288,95.42217949769488,90.05377949799873,-0.9189147949218892,1.9340625320309053,2.224739934370291,0,0,0
2023-03-01,93.87454223632812,93.92290181634549,91.6981618819752,92.08506804116172,14285091,91.50469970703124,92.2785186767578,92.23016357421876,10965145.0,92.46213474200334,92.58388792576798,56.77657497945792,0.02589858812590351,2.224739934370291,1.789474195166406,0.048359580017361736,0.38690615918652327,16077806.4,0.30277264915329427,92.56869826525586,90.10213855409732,0,0,1.3058341105104176,-0.12175318376463906,95.42217949769488,90.10213855409732,1.982940673828125,2.0140154273614734,1.3058341105104176,0,0,0
2023-03-02,93.5359878540039,94.35818188795844,93.05234777744802,94.0196279305598,10048980,93.87454223632812,91.50469970703124,92.2785186767578,14285091.0,92.67690536440347,92.67044246469851,51.737463965887194,-0.003606455746776538,1.3058341105104176,-0.4836400765559006,0.3385539573986307,0.48364007655588637,13789920.4,-0.2965407080710931,93.00398687493625,91.31124663106498,1,0,2.0312866197803174,0.006462899704956726,95.42217949769488,90.10213855409732,1.257469177246108,2.0174702166792153,2.0312866197803174,0,0,0
2023-03-03,92.71379089355467,94.50325750193828,92.47197088215796,94.0679844333286,7938348,93.5359878540039,93.87454223632812,91.50469970703124,10048980.0,92.68428247023371,92.67438323095816,54.918022188316094,-0.008790167071657584,2.0312866197803174,-1.3541935397739309,0.43527306860967485,0.24182001139671172,12545430.8,-0.21003445125773956,93.92290181634549,91.6981618819752,0,0,1.3058266064537634,0.009899239275554805,95.42217949769488,90.10213855409732,0.4836273193359091,1.9725606867529888,1.3058266064537634,0,0,0
2023-03-06,93.29415893554688,94.06798593628454,92.76215932983078,93.19743240539496,8289319,92.71379089355467,93.5359878540039,93.87454223632812,7938348.0,92.80625776329634,92.73072647682986,57.254845678172295,0.006259781165226297,1.3058266064537634,0.09672653015191202,0.7738270007376684,0.43527307556418293,11623770.5,0.04421209551407923,94.35818188795844,93.05234777744802,0,0,1.8378335878282144,0.07553128646648588,94.50325750193828,90.10213855409732,1.0156402587890767,1.92419635595808,1.8378335878282144,0,0,0
2023-03-08,92.9556121826172,93.2457991521863,91.40796556435808,93.10070566740174,14292676,93.29415893554688,92.71379089355467,93.5359878540039,8289319.0,92.83612864716052,92.75117063190143,55.555542124400446,-0.0036288097432076727,1.8378335878282144,-0.14509348478453887,0.14509348478455308,1.5476466182591224,11859649.5,0.7242280095626674,94.50325750193828,92.47197088215796,0,0,1.596013752363973,0.0849580152590903,94.50325750193828,90.10213855409732,1.450912475585966,1.958742076825941,1.596013752363973,0,0,0
2023-03-09,92.32688903808594,93.7294497088503,92.13343595648632,93.00398958320866,7884249,92.9556121826172,93.29415893554688,92.71379089355467,14292676.0,92.73428072534561,92.7125995779182,39.15095252197698,-0.0067636921512183035,1.596013752363973,-0.6771005451227268,0.7254601256416322,0.19345308159961405,11189090.3,-0.4483713896543936,94.06798593628454,92.76215932983078,0,0,1.8861931019862936,0.021681147427415226,94.50325750193828,90.10213855409732,-1.5476531982421875,1.786013477402596,1.8861931019862936,0,0,0
2023-03-10,91.7948760986328,92.37524263926235,90.48904953727606,91.21450955800324,9620249,92.32688903808594,92.9556121826172,93.29415893554688,7884249.0,92.54639980000306,92.62917017071044,42.13200001921811,-0.005762275161612762,1.8861931019862936,0.5803665406295551,0.5803665406295551,0.7254600207271835,10531480.0,0.22018584141622122,93.2457991521863,91.40796556435808,0,0,2.9018400513726306,-0.08277037070737947,94.50325750193828,90.10213855409732,-1.741111755371108,1.751467229158161,2.9018400513726306,0,0,0
2023-03-13,89.32830810546875,91.79487510103984,88.8930350496672,90.97268856243645,11482697,91.7948760986328,92.32688903808594,92.9556121826172,9620249.0,91.9027814610962,92.32909180114301,38.24885395630427,-0.026870432185275184,2.9018400513726306,-1.6443804569676956,0.8221865386033897,0.4352730558015452,10873557.4,0.19359665222802436,93.7294497088503,92.13343595648632,0,1,1.6927402424362583,-0.4263103400468111,94.50325750193828,90.10213855409732,-3.3854827880859233,1.7825581598007179,1.6927402424362583,0,0,0
2023-03-14,89.7152328491211,89.90868592492338,88.21594568248712,89.81195938702223,14285446,89.32830810546875,91.7948760986328,92.32688903808594,11482697.0,91.46527173870118,92.0914682600501,36.79250126682869,0.004331490787842007,1.6927402424362583,-0.09672653790113372,0.09672653790114794,1.4992871666339767,10909220.0,0.24408455609339863,92.37524263926235,90.48904953727606,0,1,1.982927015451807,-0.6261965213489304,94.50325750193828,88.8930350496672,-3.5789260864257812,1.792921987797987,1.982927015451807,0,0,0
2023-03-15,89.57012939453125,91.16614292163136,89.18321590617956,90.4406828983823,8318506,89.7152328491211,89.32830810546875,91.7948760986328,14285446.0,91.0862432698672,91.86225563591202,38.23533050725564,-0.0016173781194311898,1.982927015451807,-0.8705535038510561,0.725460023249056,0.3869134883516949,10644556.1,-0.4176936442866397,91.79487510103984,88.8930350496672,0,0,2.950200158629073,-0.7760123660448244,94.50325750193828,88.21594568248712,-3.3854827880859517,1.8412863070265613,2.950200158629073,0,0,0
2023-03-16,88.89305114746094,89.66687087343611,86.71667071480704,89.66687087343611,12278142,89.57012939453125,89.7152328491211,89.32830810546875,8318506.0,90.64760484538594,91.59232795514374,33.333408452058535,-0.0075591969292349015,2.950200158629073,-0.7738197259751729,0.0,2.1763804326539002,10443861.2,0.47600326308594365,89.90868592492338,88.21594568248712,0,0,1.7410997676973494,-0.9447231097578026,94.50325750193828,88.21594568248712,-3.433837890625,1.9103777695071622,1.7410997676973494,0,0,0
2023-03-17,90.34396362304688,91.60142333642358,89.86032356872623,90.05377663854986,13158718,88.89305114746094,89.57012939453125,89.7152328491211,12278142.0,90.58687660091813,91.47884028858948,41.84099396592346,0.016322001065967262,1.7410997676973494,0.2901869844970122,1.2574597133767043,0.19345306982363297,10754835.0,0.07171899461661213,91.16614292163136,89.18321590617956,0,0,1.5476467642514251,-0.8919636876713497,94.50325750193828,86.71667071480704,-1.4509124755859233,1.9725596359935855,1.5476467642514251,0,0,0
2023-03-20,89.6185073852539,90.29560053843832,88.7479537741869,89.95705396184611,6579446,90.34396362304688,88.89305114746094,89.57012939453125,13158718.0,90.39320275778529,91.30971911555898,39.13048357942436,-0.008029935910492947,1.5476467642514251,-0.33854657659220777,0.33854657659220777,0.8705536110670096,10618944.8,-0.4999933884136737,89.66687087343611,86.71667071480704,0,0,1.0640066785675515,-0.9165163577736877,94.50325750193828,86.71667071480704,0.29019927978515625,1.9069229969287917,1.0640066785675515,0,0,0
2023-03-21,90.05377960205078,90.39232617526385,89.3283194966963,89.95705306395588,5886671,89.6185073852539,90.34396362304688,88.89305114746094,6579446.0,90.3253181266384,91.19554279614914,43.90244684459848,0.004856945618673558,1.0640066785675515,0.09672653809489873,0.33854657321306547,0.6287335672595873,10378680.0,-0.10529381957082706,91.60142333642358,89.86032356872623,0,0,1.402553265779929,-0.8702246695107476,94.06798593628454,86.71667071480704,0.3385467529296875,1.8620134565499546,1.402553265779929,0,0,0
2023-03-22,89.6185073852539,90.87596715256235,89.47341388678242,90.4406940369098,6096408,90.05377960205078,89.6185073852539,90.34396362304688,5886671.0,90.1839559783615,91.05217594061321,28.64077484035542,-0.004833469719098371,1.402553265779929,-0.8221866516558975,0.43527311565254934,0.145093498471482,9559053.2,0.035629135720341765,90.29560053843832,88.7479537741869,0,0,1.8378337967686917,-0.8682199622517146,93.7294497088503,86.71667071480704,0.04837799072265625,1.8032858373649288,1.8378337967686917,0,1,0
2023-03-23,89.08650207519531,89.71523566090066,87.87740186413197,89.27996253682267,9969670,89.6185073852539,90.05377960205078,89.6185073852539,6096408.0,89.96446519772826,90.87347831648431,28.095250615035084,-0.005936333080973966,1.8378337967686917,-0.1934604616273532,0.43527312407799457,1.209100211063344,9767595.3,0.6353351022438132,90.39232617526385,89.3283194966963,0,0,3.2129587494422083,-0.9090131187560502,93.7294497088503,86.71667071480704,0.193450927734375,1.8412858149548055,3.2129587494422083,0,1,0
2023-03-24,89.13518524169922,92.00737001153868,88.79441126209647,91.4718744105804,16650432,89.08650207519531,89.6185073852539,90.05377960205078,9969670.0,89.79860920652246,90.71545167332202,30.93022745253657,0.0005464707376523492,3.2129587494422083,-2.336689168881179,0.535495600958285,0.34077397960274425,10470613.6,0.6701086395036144,90.87596715256235,89.47341388678242,0,0,2.336696686371596,-0.9168424667995652,92.37524263926235,86.71667071480704,-1.2087783813476562,1.925690967073512,2.336696686371596,1,0,0
2023-03-27,89.32991027832031,91.27715627893764,88.94045959256604,90.6442998431062,15959308,89.13518524169922,89.08650207519531,89.6185073852539,16650432.0,89.70486942088203,90.5894933646855,27.96974795046519,0.002184603488432524,2.336696686371596,-1.314389564785884,0.6328564358314424,0.38945068575426944,10918274.7,-0.04150787198794603,89.71523566090066,87.87740186413197,0,0,2.4340574893023756,-0.8846239438034615,92.00737001153868,86.71667071480704,-0.28859710693359375,1.9993245442105,2.4340574893023756,0,1,0
2023-03-28,87.91815948486328,90.06012710418779,87.62606961488541,89.32990985739707,14999850,89.32991027832031,89.13518524169922,89.08650207519531,15959308.0,89.3475274336783,90.3466448301562,24.989033750290687,-0.015803786089771288,2.4340574893023756,-1.4117503725337883,0.7302172467907155,0.2920898699778718,10989715.1,-0.06011902270449321,92.00737001153868,88.79441126209647,0,0,2.0932908562636356,-0.9991173964778994,92.00737001153868,86.71667071480704,-2.1356201171875,2.0419119657443687,2.0932908562636356,0,1,0
2023-03-29,89.13518524169922,89.62199672324175,87.52870586697811,87.82078829901141,36103221,87.91815948486328,89.32991027832031,89.13518524169922,14999850.0,89.30505899528248,90.23651214029647,35.0278332709408,0.013842711949008324,2.0932908562636356,1.3143969426878073,0.4868114815425315,0.29208243203329687,13768186.6,1.4069054690546907,91.27715627893764,88.94045959256604,0,0,4.089213390226874,-0.9314531450139896,92.00737001153868,86.71667071480704,-0.4833221435546875,2.077431758880059,4.089213390226874,1,0,0
2023-03-31,94.97692108154295,95.85317578791047,91.7639623976836,91.7639623976836,64455094,89.13518524169922,87.91815948486328,89.32991027832031,36103221.0,90.43943141253457,90.66745840768252,59.96349780819629,0.06553793346592895,4.089213390226874,3.2129586838593553,0.8762547063675186,0.0,18985881.8,0.7853003752767655,90.06012710418779,87.62606961488541,1,0,3.11559058734953,-0.22802699514794256,92.00737001153868,86.71667071480704,5.890419006347642,2.234790350897243,3.11559058734953,1,0,0
2023-04-03,94.0519790649414,96.3886757195305,93.27308513218097,96.33999159891565,24154016,94.97692108154295,89.13518524169922,87.91815948486328,64455094.0,91.16194094301595,90.97514210379695,66.37106740963989,-0.00973859760949125,3.11559058734953,-2.288012533974239,0.04868412061485117,0.7788939327604396,20085411.6,-0.6252582301718465,89.62199672324175,87.52870586697811,1,0,3.3103118254483235,0.18679883921899432,95.85317578791047,87.52870586697811,4.9167938232421875,2.2500582463241647,3.3103118254483235,0,0,0
2023-04-05,95.658447265625,95.8531688689503,92.54285704350198,92.54285704350198,24875169,94.0519790649414,94.97692108154295,89.13518524169922,24154016.0,92.06124220753776,91.4008971185086,68.99223672219114,0.017080642179515992,3.3103118254483235,3.115590222123018,0.19472160332530564,0.0,21914983.9,0.02985644292029943,95.85317578791047,91.7639623976836,0,0,1.411750155438554,0.660345089029164,96.3886757195305,87.52870586697811,6.3285369873046875,2.3655990736821693,1.411750155438554,0,0,0
2023-04-06,96.14525604248048,96.3886617539804,94.97691159854185,95.02558828395011,11440418,95.658447265625,94.0519790649414,94.97692108154295,24875169.0,92.8780449745263,91.83220247523332,70.56251750694439,0.005089030720974552,1.411750155438554,1.119667758530369,0.24340571149991774,0.04867668540826742,22470358.6,-0.5400868231287193,96.3886757195305,93.27308513218097,0,0,1.7525244937529294,1.0458424992929878,96.3886757195305,87.52870586697811,8.227096557617202,2.3248007265383657,1.7525244937529294,0,0,1
2023-04-10,97.26494598388672,97.89780246375052,96.1452779699976,96.2913229158361,10870304,96.14525604248048,95.658447265625,94.0519790649414,11440418.0,93.75542517639839,92.32608824874725,75.4763046808361,0.0116458157947128,1.7525244937529294,0.9736230680506139,0.6328564798638041,0.14604494583851135,22947748.2,-0.04983331902732924,95.8531688689503,92.54285704350198,1,0,2.0932834442262447,1.4293369276511356,96.3886757195305,87.52870586697811,8.1297607421875,2.239252464761498,2.0932834442262447,0,0,1
2023-04-11,97.36229705810548,98.28723590889597,96.19395246466972,97.75174773196863,8458648,97.26494598388672,96.14525604248048,95.658447265625,10870304.0,94.47679955273982,92.78392541323436,73.2746785872057,0.0010008855012872964,2.0932834442262447,-0.389450673863152,0.5354881769273305,1.1683445934357621,22796646.0,-0.221857272804882,96.3886617539804,94.97691159854185,0,0,1.5577953693330215,1.692874139505463,97.89780246375052,87.52870586697811,2.3853759765625284,2.264408441656419,1.5577953693330215,0,0,1
2023-04-12,98.14120483398438,98.43328728739756,96.87549191806454,97.50834837602446,8938731,97.36229705810548,97.26494598388672,96.14525604248048,8458648.0,95.20968060898873,93.27095081512071,78.16370790080497,0.008000096540594637,1.5577953693330215,0.6328564579599174,0.2920824534131867,0.6328564579599174,22025475.9,0.0567564698282752,97.89780246375052,96.1452779699976,0,0,1.2657127903827643,1.9387297938680206,98.28723590889597,87.52870586697811,4.089225769042969,2.26513334201939,1.2657127903827643,0,0,1
2023-04-13,98.23855590820312,99.11481803784092,97.84910524745816,98.14119510005528,9153834,98.14120483398438,97.36229705810548,97.26494598388672,8938731.0,95.81545566883162,93.72255127812821,77.6648850823994,0.0009919490430490008,1.2657127903827643,0.09736080814784032,0.8762621296377944,0.2920898525971296,21344928.5,0.024064154072876764,98.28723590889597,96.19395246466972,0,0,1.460434479716298,2.09290439070341,98.43328728739756,87.52870586697811,2.580108642578125,2.2795409214347626,1.460434479716298,0,0,1
2023-04-17,98.72537231445312,98.8227331274701,97.3622986477538,98.33592163423134,8323162,98.23855590820312,98.14120483398438,97.36229705810548,9153834.0,96.39743899795593,94.17735319052137,80.67469921625855,0.004955451571426739,1.460434479716298,0.38945068022178475,0.09736081301697652,0.9736229864775368,20677259.7,-0.09074580115829056,98.43328728739756,96.87549191806454,0,0,2.5801023566786796,2.2200858074345575,99.11481803784092,87.52870586697811,2.580116271972642,2.283675293858789,2.5801023566786796,0,0,1
2023-04-18,100.23448181152344,101.11074397034028,98.5306416136616,98.72537066459525,19758227,98.72537231445312,98.23855590820312,98.14120483398438,8323162.0,97.16484756066944,94.7280012469761,85.23077650117813,0.015285933713813815,2.5801023566786796,1.5091111469281913,0.8762621588168429,0.19472905093364545,19042760.3,1.3738847087200754,99.11481803784092,97.84910524745816,0,0,1.8012010393526907,2.436846313693337,99.11481803784092,87.52870586697811,2.9695358276367188,2.3366944767095026,1.8012010393526907,0,0,1
2023-04-19,98.72537231445312,100.3805284202034,98.57932738085071,100.2831676071864,11271768,100.23448181152344,98.72537231445312,98.23855590820312,19758227.0,97.47695251142619,95.09139861674674,77.74650697809739,-0.015055791877170321,1.8012010393526907,-1.5577952927332746,0.09736081301700494,0.14604493360241122,13724427.7,-0.4295152090316606,98.8227331274701,97.3622986477538,0,0,1.8985689994562591,2.385553894679447,101.11074397034028,91.7639623976836,1.363075256347642,2.2358546402745367,1.8985689994562591,0,0,1
2023-04-20,100.1371078491211,100.57524258506614,98.67667358560988,98.82271849759157,13241812,98.72537231445312,100.23448181152344,98.72537231445312,11271768.0,98.00898357896517,95.5500994560535,79.21053337045176,0.014299622291333636,1.8985689994562591,1.3143893515295275,0.4381347359450416,0.14604491198169,12633207.3,0.1747768406872816,101.11074397034028,98.5306416136616,0,0,1.265712873784949,2.4588841229116696,101.11074397034028,92.54285704350198,1.9959030151367188,2.20455980549487,1.265712873784949,0,0,1
2023-04-21,100.08844757080078,100.7699807008979,99.50426782711295,99.99107932808349,5625649,100.1371078491211,98.72537231445312,100.23448181152344,13241812.0,98.4248763773323,95.96267655739416,85.51147545071004,-0.00048593652608408533,1.265712873784949,0.0973682427172946,0.6815331300971224,0.48681150097053205,10708255.3,-0.5751601820053026,100.3805284202034,98.57932738085071,0,0,1.6551559682079215,2.462199819938135,101.11074397034028,92.54285704350198,1.8498916625976562,2.1211066186721967,1.6551559682079215,0,0,1
2023-04-24,99.11481475830078,100.47788088357636,98.82272491536844,100.0884376638709,5994078,100.08844757080078,100.1371078491211,98.72537231445312,5625649.0,98.562864053526,96.24923457565839,79.53895696239125,-0.009727724189260378,1.6551559682079215,-0.9736229055701244,0.3894432197054556,0.2920898429323415,10163621.3,0.06549093269061035,100.57524258506614,98.67667358560988,0,0,1.2170286084565447,2.3136294778676074,101.11074397034028,94.97691159854185,0.38944244384765625,2.08981126952536,1.2170286084565447,0,0,1
2023-04-25,98.4819564819336,99.30953445005342,98.09250584159687,99.11481284396162,5696053,99.11481475830078,100.08844757080078,100.1371078491211,5994078.0,98.54668253920752,96.45220929441068,65.00001306018402,-0.006385102750890104,1.2170286084565447,-0.6328563620280221,0.19472160609180378,0.38945064033671883,9646196.2,-0.049719906881425247,100.7699807008979,99.50426782711295,0,1,1.4604345159657726,2.094473244796845,101.11074397034028,96.1452779699976,-1.7525253295898438,1.8846552136846222,1.4604345159657726,0,0,0
2023-04-26,98.96878051757812,99.21218627023909,97.75175175427331,98.14120244416166,4576455,98.4819564819336,99.11481475830078,100.08844757080078,5696053.0,98.63110213488164,96.6809884965168,71.8615391191135,0.0049432815211569725,1.4604345159657726,0.8275780734164613,0.2434057526609621,0.3894506898883492,9257976.9,-0.19655680872351433,100.47788088357636,98.82272491536844,0,0,0.9249388550734352,1.95011363836484,101.11074397034028,96.19395246466972,0.243408203125,1.7664297800143538,0.9249388550734352,0,0,1
2023-04-27,98.7740478515625,99.4069042710014,98.48196541592796,98.53064210779014,5362153,98.96878051757812,98.4819564819336,99.11481475830078,4576455.0,98.65969127821782,96.87126661970278,65.8416271758729,-0.001967617111145903,0.9249388550734352,0.2434057437723567,0.6328564194388946,0.04867669186218393,8900319.1,0.17168266704250335,99.30953445005342,98.09250584159687,0,0,2.141967412508322,1.7884246585150407,101.11074397034028,96.87549191806454,-1.3630599975585938,1.5960459964161475,2.141967412508322,0,0,0
2023-04-28,100.57524871826172,100.72128621099614,98.57931879848782,99.26085185842597,11812226,98.7740478515625,98.96878051757812,98.4819564819336,5362153.0,99.0428027662266,97.20799226502632,69.86903807039201,0.01823556800472592,2.141967412508322,1.3143968598357532,0.1460374927344219,0.6815330599381468,9166158.3,1.2028886531212368,99.21218627023909,97.75175175427331,0,0,1.5577953091458028,1.8348105012002804,101.11074397034028,97.3622986477538,0.4868011474609375,1.6482043719211308,1.5577953091458028,0,0,0
2023-05-02,101.54888153076172,102.32777547125764,100.76998016211184,101.25679166047952,13598952,100.57524871826172,98.7740478515625,98.96878051757812,11812226.0,99.54401851913363,97.60261856191136,69.46903145812472,0.009680640365378634,1.5577953091458028,0.29208987028219724,0.7788939404959194,0.4868114983676861,9693737.3,0.15126073612204838,99.4069042710014,98.48196541592796,1,0,2.823507847799675,1.9413999572222735,101.11074397034028,97.3622986477538,2.4340667724609375,1.6342951444491933,2.823507847799675,0,0,0
2023-05-03,103.54479217529295,103.73952120888616,100.91601336108648,101.40282480283976,16034319,101.54888153076172,100.57524871826172,98.7740478515625,13598952.0,100.3441732503655,98.14281616312786,73.96226370460083,0.019654678756128252,2.823507847799675,2.1419673724531947,0.19472903359320526,0.4868114417532752,9321346.5,0.17908490301311453,100.72128621099614,98.57931879848782,1,0,1.7038399934212833,2.201357087237639,102.32777547125764,97.75175175427331,5.062835693359361,1.686454030418724,1.7038399934212833,1,0,1
2023-05-04,104.42105102539062,105.3946738787742,103.69083388535292,104.1289611981144,15414305,103.54479217529295,101.54888153076172,100.57524871826172,16034319.0,101.15954880537053,98.71356478696993,74.15728094704788,0.008462606681505003,1.7038399934212833,0.2920898272762287,0.9736228533835742,0.4381273127614804,9735600.2,-0.03866793469682128,102.32777547125764,100.76998016211184,1,0,2.093283434589722,2.4459840184006083,103.73952120888616,97.75175175427331,5.4522705078125,1.6968857892821714,2.093283434589722,1,0,1
2023-05-05,103.49612426757812,105.10259621911838,103.00931278452866,104.22634149215232,9315810,104.42105102539062,103.54479217529295,101.54888153076172,15414305.0,101.62686389781206,99.14834292157067,69.01415134946615,-0.00885766565965318,2.093283434589722,-0.73021722457419,0.8762547269660672,0.48681148304946475,9343000.0,-0.3956386616198395,103.73952120888616,100.91601336108648,0,0,1.4604345867961115,2.4785209762413842,105.3946738787742,97.75175175427331,4.722076416015625,1.7559979781540969,1.4604345867961115,0,0,0
2023-05-08,104.46975708007812,104.66447872038916,103.20404413359304,103.49613402221404,6721354,103.49612426757812,104.42105102539062,103.54479217529295,9315810.0,102.19544253426528,99.63210784507135,70.06810481403377,0.00940743259122212,1.4604345867961115,0.9736230578640885,0.19472164031103034,0.2920898886209926,9452570.5,-0.2785003129089151,105.3946738787742,103.69083388535292,0,0,1.5091186361426026,2.563334689193937,105.3946738787742,97.75175175427331,3.8945083618164062,1.7559979858026549,1.5091186361426026,0,0,1
2023-05-09,104.7131576538086,105.29732997393816,103.78821133779556,104.37238365792513,10063354,104.46975708007812,103.49612426757812,104.42105102539062,6721354.0,102.69898555817394,100.09402146404746,67.1642594031811,0.002329866370263556,1.5091186361426026,0.3407739958834668,0.5841723201295679,0.5841723201295679,9859498.1,0.4972212444099804,105.10259621911838,103.00931278452866,0,0,1.3143894479233325,2.604964094126487,105.3946738787742,97.75175175427331,3.164276123046875,1.6794991486215065,1.3143894479233325,0,0,0
2023-05-10,105.19995880126952,105.73544694693658,104.42105749901324,105.05391387857732,10360986,104.7131576538086,104.46975708007812,103.49612426757812,10063354.0,103.19918020679306,100.5581975856131,76.92313061178129,0.004648901421446361,1.3143894479233325,0.14604492269219804,0.5354881456670597,0.6328563795640747,10325991.4,0.029575825316291215,104.66447872038916,103.20404413359304,0,0,1.4604343176915222,2.6409826211799583,105.3946738787742,97.75175175427331,1.6551666259765625,1.6447268920908382,1.4604343176915222,0,0,1
2023-05-11,105.73544311523438,106.1248937522494,104.66445943455788,105.39467659340364,9435021,105.19995880126952,104.7131576538086,104.46975708007812,10360986.0,103.70643278848132,101.02885627012412,75.10924352494722,0.005090157069133738,1.4604343176915222,0.3407665218307301,0.389450637015031,0.7302171588457611,10811848.0,-0.0893703552924403,105.29732997393816,103.78821133779556,0,0,1.9959302398831653,2.677576518357199,105.73544694693658,97.75175175427331,1.31439208984375,1.6134315576790712,1.9959302398831653,0,0,1
2023-05-12,104.46975708007812,105.78414672256376,103.7882164826806,105.78414672256376,6855025,105.73544311523438,105.19995880126952,104.7131576538086,9435021.0,103.85909764680069,101.34166543466539,67.71660199308572,-0.011970310029124853,1.9959302398831653,-1.3143896424856365,0.0,0.6815405973975288,10961135.2,-0.2734488879251037,105.73544694693658,104.42105749901324,0,0,1.6551562321940168,2.5174322121353043,106.1248937522494,98.48196541592796,0.9736328125,1.665589940971801,1.6551562321940168,0,0,0
2023-05-15,104.8105239868164,105.73546292336816,104.08030669117414,104.27502833208364,7833289,104.46975708007812,105.73544311523438,105.19995880126952,6855025.0,104.04938291480384,101.65701621213366,74.27400517118495,0.003261871342125078,1.6551562321940168,0.5354956547327703,0.9249389365517544,0.19472164090949207,10563241.5,0.14270757582940985,106.1248937522494,104.66445943455788,0,0,1.655155969889833,2.392366702670188,106.1248937522494,98.57931879848782,0.34076690673828125,1.6655899598279507,1.655155969889833,0,0,1
2023-05-16,105.5894012451172,106.22225762001152,104.56710165012169,104.85918406519755,9051577,104.8105239868164,104.46975708007812,105.73544311523438,7833289.0,104.35738658086652,102.0145057605867,79.91818309695415,0.0074312886595124805,1.655155969889833,0.7302171799196486,0.6328563748943168,0.29208241507586763,10108504.0,0.1555270078762574,105.78414672256376,103.7882164826806,0,0,1.7525243998169628,2.3428808202798166,106.1248937522494,100.76998016211184,0.876243591308608,1.6968847713588997,1.7525243998169628,0,0,1
2023-05-17,105.39469146728516,106.85512599108124,105.10260159126427,105.93018709727204,9456088,105.5894012451172,104.8105239868164,104.46975708007812,9051577.0,104.56484755815025,102.32179537028655,77.73130963128605,-0.0018440276726263694,1.7525243998169628,-0.5354956299868832,0.9249388938091982,0.29208987602088143,9450680.9,0.04468956072516428,105.73546292336816,104.08030669117414,0,0,1.9472459231220256,2.2430521878636966,106.22225762001152,100.91601336108648,0.1947326660156392,1.7177483344911277,1.9472459231220256,0,0,1
2023-05-18,104.95655822753906,106.36830855054106,104.42106262741903,105.6380913293703,7220608,105.39469146728516,105.5894012451172,104.8105239868164,9456088.0,104.64318969202802,102.56131926640042,76.13192080520804,-0.004157071230500131,1.9472459231220256,-0.6815331018312349,0.7302172211707614,0.5354956001200293,8631311.2,-0.2364064293817909,106.22225762001152,104.56710165012169,0,0,2.093290723678038,2.0818704256275993,106.85512599108124,103.00931278452866,-0.7788848876953125,1.7907702679231698,2.093290723678038,0,0,1
2023-05-19,104.17765045166016,105.00522843223428,102.91193770855624,104.95655174405536,9255095,104.95655822753906,105.39469146728516,105.5894012451172,7220608.0,104.55008184395444,102.7082584650604,66.66678432657113,-0.0074212396922380686,2.093290723678038,-0.7789012923952043,0.04867668817891513,1.2657127431039186,8625239.7,0.2817611757901828,106.85512599108124,105.10260159126427,0,1,3.6024091081079774,1.8418233788940483,106.85512599108124,103.00931278452866,-0.29210662841796875,1.7872933615781494,3.6024091081079774,0,0,0
2023-05-22,107.5366439819336,108.36422937135706,104.76182026324908,105.68676645491264,27946526,104.17765045166016,104.95655822753906,105.39469146728516,9255095.0,105.14739427155028,103.14720260295796,72.69383043617555,0.03224293805543299,3.6024091081079774,1.8498775270209507,0.8275853894234615,0.9249461916635653,10747756.9,2.0195828351842957,106.36830855054106,104.42106262741903,0,0,3.2129586799752445,2.000191668592322,106.85512599108124,102.91193770855624,2.7261199951171875,1.933337204361162,3.2129586799752445,1,0,1
2023-05-23,105.05391693115234,108.1208306841917,104.90787200421646,108.02346244746542,15214733,107.5366439819336,104.17765045166016,104.95655822753906,27946526.0,105.1286988034707,103.32054026915745,55.5160866805654,-0.02308726550177964,3.2129586799752445,-2.969545516313076,0.09736823672628248,0.1460449269358861,11262894.8,-0.4555769472026684,105.00522843223428,102.91193770855624,0,0,1.94724582371299,1.8081585343132502,108.36422937135706,102.91193770855624,-0.535484313964858,1.9611551209451312,1.94724582371299,0,0,0
2023-05-24,105.93017578125,106.41698723717823,104.46974141346524,105.05391367494848,10722681,105.05391693115234,107.5366439819336,104.17765045166016,15214733.0,105.28899419902656,103.55777986116586,55.51608668056535,0.008341039303388476,1.94724582371299,0.8762621063015246,0.48681145592823327,0.5841722614832321,11299064.3,-0.29524356424789056,108.36422937135706,104.76182026324908,0,0,2.677463165025145,1.731214337860706,108.36422937135706,102.91193770855624,0.5354843139648438,1.9785412516802532,2.677463165025145,0,0,0
2023-05-25,106.70907592773438,107.82874382783018,105.15128066280504,105.15128066280504,11158044,105.93017578125,105.05391693115234,107.5366439819336,10722681.0,105.57301054476814,103.84426132176299,61.87055834987939,0.007352958123026498,2.677463165025145,1.5577952649293394,1.1196679000958056,0.0,11471366.6,0.04060206584528636,108.1208306841917,104.90787200421646,0,0,1.8498851287460099,1.7287492230051527,108.36422937135706,102.91193770855624,1.7525177001953125,2.0202683752827832,1.8498851287460099,0,0,0
2023-05-26,107.78005981445312,108.07214967673283,106.22226454798682,106.6603993414064,7958341,106.70907592773438,105.93017578125,105.05391693115234,11158044.0,106.01442039870514,104.20206118473482,62.142881930645665,0.010036483564378695,1.8498851287460099,1.1196604730467214,0.2920898622797097,0.4381347934195787,11581698.2,-0.2867619987876011,106.41698723717823,104.46974141346524,0,0,1.55780280059561,1.8123592139703248,108.36422937135706,102.91193770855624,3.6024093627929688,2.0480862711363477,1.55780280059561,0,0,0
2023-05-29,108.51028442382812,108.85105842905485,107.29325562845924,108.07215702875703,10330215,107.78005981445312,106.70907592773438,105.93017578125,7958341.0,106.51359320372974,104.59371784283421,63.44834071280686,0.006775136427202844,1.55780280059561,0.438127395071092,0.3407740052267201,0.7789014002977979,11831390.8,0.298036236446767,107.82874382783018,105.15128066280504,0,0,1.5577951040814781,1.9198753608955315,108.36422937135706,102.91193770855624,0.9736404418945312,2.0515637114544196,1.5577951040814781,0,0,0
2023-05-30,108.31554412841795,109.62993351535694,108.07213841127546,108.51026573087078,7803617,108.51028442382812,107.78005981445312,106.70907592773438,10330215.0,106.8739833886674,104.93206568697818,61.26761884685463,-0.0017946713202735554,1.5577951040814781,-0.1947216024528302,1.119667784486154,0.24340571714249393,11706594.8,-0.24458329279690694,108.07214967673283,106.22226454798682,0,0,2.190651695865043,1.9419177016892206,108.85105842905485,102.91193770855624,3.261627197265611,2.0689498297514297,2.190651695865043,0,0,0
2023-05-31,109.19181823730467,109.4839006731944,107.29324897732936,107.6340229614314,15741522,108.31554412841795,108.51028442382812,107.78005981445312,7803617.0,107.33755035839486,105.31931591882604,62.199387114320864,0.00809001252717545,2.190651695865043,1.557795275873275,0.29208243588972493,0.34077398410204296,12335138.2,1.017208430398365,108.85105842905485,107.29325562845924,0,0,1.4117502426295232,2.018234439568829,109.62993351535694,102.91193770855624,3.2616424560546733,2.1211082139066813,1.4117502426295232,0,0,0
2023-06-01,109.92202758789062,110.45751572937104,109.04576548674152,109.24048709670652,9185292,109.19181823730467,108.31554412841795,108.51028442382812,15741522.0,107.85444580429402,105.73774425237735,69.99995522230995,0.006687399865427546,1.4117502426295232,0.6815404911841085,0.535488141480414,0.19472160996500065,12531606.6,-0.4164927635332848,109.62993351535694,108.07213841127546,0,0,1.4604344525939865,2.1167015519166625,109.62993351535694,102.91193770855624,3.21295166015625,2.079381071245707,1.4604344525939865,0,0,0
2023-06-02,110.31148529052734,110.50620691294505,109.04577246035106,110.4088461017362,9939324,109.92202758789062,109.19181823730467,108.31554412841795,9185292.0,108.34585370154069,106.15353889220917,70.10673814519458,0.0035430360154640184,1.4604344525939865,-0.09736081120885842,0.09736081120884421,1.2657128301762839,12600029.5,0.08209123890672165,109.4839006731944,107.29324897732936,0,0,5.160204573308903,2.1923148093315206,110.45751572937104,102.91193770855624,2.5314254760742188,2.0654723727028474,5.160204573308903,0,0,1
2023-06-05,112.59949493408205,115.52036376542966,110.36015919212076,110.36015919212076,35214281,110.31148529052734,109.92202758789062,109.19181823730467,9939324.0,109.19658194804897,106.7395348960158,73.07693273678645,0.02074135469691818,5.160204573308903,2.239335741961284,2.9208688313476188,0.0,13326805.0,2.5429251526562573,110.45751572937104,109.04576548674152,0,0,2.5314184218857605,2.4570470520331753,110.50620691294505,104.46974141346524,4.0892105102539205,2.315832987232781,2.5314184218857605,1,0,1
2023-06-06,114.93620300292967,115.3743304002766,112.84291197839084,113.18367855723338,18999553,112.59949493408205,110.31148529052734,109.92202758789062,35214281.0,110.34450615902512,107.48468654209887,77.52804586477843,0.02075238499262877,2.5314184218857605,1.7525244456962952,0.43812739734693196,0.34076657884253336,13705287.0,-0.4604588689458121,110.50620691294505,109.04577246035106,1,0,1.460434562028837,2.859819616926245,115.52036376542966,104.46974141346524,6.620658874511719,2.3714682745234095,1.460434562028837,0,0,1
2023-06-07,114.93620300292967,115.86114192095287,114.40070735892404,115.61773616061474,11262532,114.93620300292967,112.59949493408205,110.31148529052734,18999553.0,111.26284552780604,108.16209712944712,79.53886871533605,0.0,1.460434562028837,-0.6815331576850667,0.24340576033813477,0.5354956440056355,13759272.1,-0.4072212119937769,115.52036376542966,110.36015919212076,0,0,2.239328293349118,3.100748398358917,115.52036376542966,104.46974141346524,5.744384765625,2.3366960344453247,2.239328293349118,0,0,1
2023-06-08,114.44937896728516,115.56903939988295,113.32971110653384,115.37431778416686,11188999,114.93620300292967,114.93620300292967,112.59949493408205,11262532.0,111.90015221570187,108.73366820561421,80.93836116324944,-0.004235602211707934,2.239328293349118,-0.9249388168817063,0.19472161571609092,1.1196678607513206,13762367.6,-0.0065289936579092656,115.3743304002766,112.84291197839084,0,0,4.624708762836761,3.1664840100876575,115.86114192095287,105.15128066280504,4.527351379394531,2.3471272894218305,4.624708762836761,0,0,1
2023-06-09,117.1755142211914,118.246497922744,113.62178915990724,114.88750189783966,19873573,114.44937896728516,114.93620300292967,114.93620300292967,11188999.0,112.95522461679978,109.50110875248485,80.18286710312937,0.023819572272956613,4.624708762836761,2.288012323351751,1.070983701552592,1.265712737932418,14953890.8,0.7761707727384728,115.86114192095287,114.40070735892404,0,0,5.014159531326982,3.454115864314929,115.86114192095287,106.22226454798682,6.8640289306640625,2.420148693331029,5.014159531326982,0,0,1
2023-06-12,115.95848846435548,120.63188145879008,115.6177219274631,117.75968938348947,24331332,117.1755142211914,114.44937896728516,114.93620300292967,19873573.0,113.55587738631093,110.08814327174582,87.08596005787278,-0.010386348760019537,5.014159531326982,-1.80120091913399,2.872192075300603,0.34076653689238867,16354002.5,0.2243058658853141,115.56903939988295,113.32971110653384,1,0,3.456356889858,3.467734114565104,118.246497922744,107.29324897732936,3.3589935302734375,2.5488058969990104,3.456356889858,0,0,1
2023-06-13,118.87935638427734,119.2201229187488,115.7637660288908,116.73738894346826,16552079,115.95848846435548,117.1755142211914,114.44937896728516,24331332.0,114.62057318590422,110.88734446379414,88.66267057680285,0.025188909915980107,3.456356889858,2.1419674408090827,0.3407665344714559,0.9736229145774615,17228848.7,-0.319721624775824,118.246497922744,113.62178915990724,0,0,1.9959298047400438,3.733228722110084,120.63188145879008,107.29324897732936,3.9431533813476705,2.656599544580797,1.9959298047400438,0,0,1
2023-06-14,118.19781494140624,119.90165492120532,117.90572511646528,119.12275367346462,8660080,118.87935638427734,115.95848846435548,117.1755142211914,16552079.0,115.33602153700463,111.5519326890316,84.5027856978542,-0.005733051251287313,1.9959298047400438,-0.9249387320583793,0.7789012477407056,0.2920898249409589,16520704.5,-0.47679805056512836,120.63188145879008,115.6177219274631,0,0,2.6287789656852,3.784088847973024,120.63188145879008,107.29324897732936,3.2616119384765625,2.607918590274718,2.6287789656852,0,0,1
2023-06-15,118.73331451416016,119.51221583710944,116.88343687142424,118.19782635426684,13948239,118.19781494140624,118.87935638427734,115.95848846435548,8660080.0,116.01548013243574,112.2047855822251,83.98778237630034,0.004530536990209111,2.6287789656852,0.535488159893319,0.7789013229492809,1.3143894828426,16996999.2,0.6106362758773591,119.2201229187488,115.7637660288908,0,0,5.452287046377435,3.8106945502106413,120.63188145879008,109.04576548674152,4.283935546875,2.6635538643418033,5.452287046377435,0,0,1
2023-06-16,121.89759063720705,123.89352066036432,118.44123361398688,119.0740900185114,32649860,118.73331451416016,118.19781494140624,118.87935638427734,13948239.0,117.19190223339001,113.08594967813255,86.08911231158994,0.02665028038671924,5.452287046377435,2.823500618695647,1.9959300231572712,0.6328564045245173,19268052.8,1.3407872492004187,119.90165492120532,117.90572511646528,0,0,1.8498852053459842,4.10595255525746,120.63188145879008,109.04577246035106,4.722076416015639,2.9417313104690765,1.8498852053459842,1,0,1
2023-06-19,121.55683135986328,123.01726587542788,121.1673806700819,123.01726587542788,10053869,121.89759063720705,118.73331451416016,118.19781494140624,32649860.0,118.06488805868467,113.85602983101715,85.41665476290567,-0.002795455394667634,1.8498852053459842,-1.4604345155646001,0.0,0.3894506897813841,16752011.6,-0.6920700731948008,119.51221583710944,116.88343687142424,1,0,2.774823780509635,4.20885822766752,123.89352066036432,110.36015919212076,5.598342895507798,2.962594889130827,2.774823780509635,0,0,1
2023-06-20,121.84890747070312,123.40670262571264,120.631878845203,121.70286255001244,15471361,121.55683135986328,121.89759063720705,118.73331451416016,10053869.0,118.82169194108837,114.58265507098861,84.94620484876776,0.002402794705754996,2.774823780509635,0.14604492069068442,1.557795155009515,1.0709837048094357,16399192.4,0.5388464878545762,123.89352066036432,118.44123361398688,0,0,4.429987833002585,4.239036870099767,123.89352066036432,112.84291197839084,2.9695510864257812,3.0043214666054405,4.429987833002585,0,0,1
2023-06-21,119.5609130859375,122.96859374881508,118.5386059158125,122.82254880620371,14141162,121.84890747070312,121.55683135986328,121.89759063720705,15471361.0,118.9695361700582,115.0352239814385,74.50500733954634,-0.018777307341190097,4.429987833002585,-3.261635720266213,0.14604494261136836,1.0223071701250035,16687055.4,-0.08597815020928024,123.01726587542788,121.1673806700819,0,0,4.429980182963746,3.9343121886196997,123.89352066036432,113.32971110653384,1.3630981445312642,3.2199098659178023,4.429980182963746,0,0,1
2023-06-22,120.19375610351562,123.99088728045166,119.56090709748791,120.29112434581586,25032998,119.5609130859375,121.84890747070312,121.55683135986328,14141162.0,119.2143801567497,115.50418144708188,74.81665636542199,0.005293059422549318,4.429980182963746,-0.09736824230023444,3.6997629346357996,0.6328490060277119,18071455.3,0.7702221359178263,123.40670262571264,120.631878845203,0,0,4.283942744950551,3.7101987096678215,123.89352066036432,113.32971110653384,1.4604415893554688,3.432020275229928,4.283942744950551,0,0,1
2023-06-23,116.8834457397461,120.63189285602004,116.3479501110695,120.48584791836694,12413343,120.19375610351562,119.5609130859375,121.84890747070312,25032998.0,118.74819327334899,115.62956911005135,60.23259729884184,-0.027541450330569206,4.283942744950551,-3.6024021786208493,0.14604493765310167,0.5354956286765997,17325432.3,-0.5041208008725124,122.96859374881508,118.5386059158125,0,0,2.482741227539762,3.118624163297639,123.99088728045166,113.62178915990724,-5.014144897460952,3.369430144632903,2.482741227539762,0,0,0
2023-06-26,118.19781494140624,119.3174826994762,116.83474147193644,117.80836431753588,17369553,116.8834457397461,120.19375610351562,119.5609130859375,12413343.0,118.63811760696045,115.86304600381088,58.19067391344333,0.011245127086574103,2.482741227539762,0.3894506238703599,1.1196677580699657,0.9736228455994365,16629254.4,0.39926472667354806,123.99088728045166,119.56090709748791,0,1,4.576024124688033,2.77507160314957,123.99088728045166,115.6177219274631,-3.3590164184570455,3.3659532021796172,4.576024124688033,0,0,0
2023-06-27,115.27693939208984,119.36615212359182,114.79012799890378,118.87934073040576,19093714,118.19781494140624,116.8834457397461,120.19375610351562,17369553.0,117.96588196398633,115.80976358456351,50.74620132548857,-0.02471175588790997,4.576024124688033,-3.6024013383159144,0.48681139318605915,0.48681139318605915,16883417.9,0.09926340649065635,120.63189285602004,116.3479501110695,0,0,4.186581681592401,2.1561183794228214,123.99088728045166,115.7637660288908,-6.571968078613281,3.588495313798131,4.186581681592401,0,0,0
2023-06-28,117.56497192382812,119.17145128667887,114.98486960508647,116.0071766800334,61890385,115.27693939208984,118.19781494140624,116.8834457397461,19093714.0,117.88569995595469,115.9693279790421,56.32412358744922,0.019848137396812904,4.186581681592401,1.557795243794729,1.6064793628507488,1.022307074946923,22206448.4,2.2414010705303324,119.3174826994762,116.83474147193644,0,0,5.793053782211757,1.9163719769125862,123.99088728045166,114.79012799890378,-1.995941162109375,3.727584841529794,5.793053782211757,1,0,0
2023-06-30,122.43309020996094,123.35802907328755,117.5649752910758,118.19783171616166,27973500,117.56497192382812,115.27693939208984,118.19781494140624,61890385.0,118.79517800675595,116.55694272730746,59.81821958688653,0.0414078973224008,5.793053782211757,4.235258493799279,0.9249388633266165,0.6328564250858619,23608974.5,-0.5480154146722467,119.36615212359182,114.79012799890378,0,0,3.2129589038788,2.2382352794484888,123.99088728045166,114.79012799890378,2.2393341064453125,3.8110380571994367,3.2129589038788,0,0,0
2023-07-03,120.48584747314452,122.67649924538352,119.46354034150473,122.67649924538352,15492508,122.43309020996094,117.56497192382812,115.27693939208984,27973500.0,119.13331190003366,116.91411588601991,58.23012335268543,-0.015904546176830903,3.2129589038788,-2.1906517722390078,0.0,1.022307131639792,21893239.3,-0.44617198419933146,119.17145128667887,114.98486960508647,1,0,2.580094971766499,2.2191960140137468,123.99088728045166,114.79012799890378,3.6024017333984233,3.682380869524567,2.580094971766499,0,0,0
2023-07-04,118.8306884765625,120.9239719550668,118.3438769833003,120.72925032902349,7595425,120.48584747314452,122.43309020996094,117.56497192382812,15492508.0,119.07278721533943,117.08834975788741,49.90726070601658,-0.013737372739573761,2.580094971766499,-1.8985618524609862,0.194721626043318,0.48681149326219497,21647394.9,-0.5097356089795144,123.35802907328755,117.5649752910758,0,0,2.628778889842195,1.9844374574520174,123.99088728045166,114.79012799890378,0.6328735351562642,3.6197907325180307,2.628778889842195,0,0,0
2023-07-05,118.53858947753906,120.48583530057871,117.85705641073652,119.31749077801624,15615891,118.8306884765625,120.48584747314452,122.43309020996094,7595425.0,118.96594766777936,117.2201897324012,50.6591471610305,-0.0024581108025899523,2.628778889842195,-0.7789013004771732,1.168344522562478,0.6815330668025439,21661847.9,1.0559601338963915,122.67649924538352,119.46354034150473,0,0,3.11559069159712,1.7457579353781654,123.99088728045166,114.79012799890378,3.2616500854492188,3.6649942385967558,3.11559069159712,0,0,0
2023-07-06,121.5081558227539,121.80023827175444,118.68464758015732,119.07409827364548,16906327,118.53858947753906,118.8306884765625,120.48584747314452,15615891.0,119.47438929877428,117.61000483152417,54.90536803477769,0.02505147360284332,3.11559069159712,2.434057549108431,0.2920824490005316,0.38945069348815764,21938364.4,0.08263607885070412,120.9239719550668,118.3438769833003,0,0,2.1906516609815725,1.8643844672501189,123.99088728045166,114.79012799890378,3.9431838989257812,3.6997665047333217,2.1906516609815725,0,0,0
2023-07-07,120.7779312133789,122.57913220455524,120.38848054357366,121.07001364461756,22837962,121.5081558227539,118.53858947753906,118.8306884765625,16906327.0,119.73509768169521,117.8979981389655,47.83428684764153,-0.006009675683335991,2.1906516609815725,-0.2920824312386543,1.5091185599376757,0.38945066980524246,21718860.8,0.3508529676493304,120.48583530057871,117.85705641073652,0,0,2.0932906950119587,1.8370995427297032,123.99088728045166,114.79012799890378,-1.6551589965820312,3.466792548633617,2.0932906950119587,0,0,0
2023-07-10,119.755615234375,121.3620944853448,119.26880379033284,120.92395972881496,9068813,120.7779312133789,121.5081558227539,118.53858947753906,22837962.0,119.73920119223118,118.06687242036637,46.605479049466844,-0.008464426975469341,2.0932906950119587,-1.168344494439964,0.43813475652983414,0.4868114440421607,21384407.8,-0.602906205028277,121.80023827175444,118.68464758015732,0,0,5.111513403595993,1.6723287718648123,123.35802907328755,114.79012799890378,-0.730232238769517,3.48417865503833,5.111513403595993,0,0,0
2023-07-11,124.0395736694336,125.2565950107438,120.1450816071478,120.19375830103392,46215137,119.755615234375,120.7779312133789,121.5081558227539,9068813.0,120.59927568767166,118.60984526119066,53.588537077654685,0.035772505754109396,5.111513403595993,3.84581536839967,1.2170213413102005,0.04867669388612228,24268966.2,4.096051379601718,122.57913220455524,120.38848054357366,0,0,1.8985618299698928,1.9894304264810074,123.35802907328755,114.79012799890378,5.208885192871094,3.651085056687355,1.8985618299698928,1,0,0
2023-07-12,124.28297424316406,125.1105522862752,123.2119904563053,124.91583066253862,18031857,124.0395736694336,119.755615234375,120.7779312133789,46215137.0,121.33601539877014,119.12558425955187,58.290567562238536,0.0019622816052169423,1.8985618299698928,-0.632856419374562,0.19472162373656943,1.0709837868587613,24162780.5,-0.6098279011917676,121.3620944853448,119.26880379033284,1,0,3.6997700042037422,2.2104311392182723,125.2565950107438,114.79012799890378,5.744384765625,3.4702689136135914,3.6997700042037422,0,0,0
2023-07-13,122.1896743774414,125.4026329299422,121.70286292573846,124.3803259101047,12374030,124.28297424316406,124.0395736694336,119.755615234375,18031857.0,121.5067471945044,119.40413790663274,53.333311247933004,-0.016843013924232597,3.6997700042037422,-2.1906515326632956,1.0223070198374984,0.48681145170294826,19211145.0,-0.31376840444109555,125.2565950107438,120.1450816071478,0,0,3.3103194690704356,2.1026092878716582,125.2565950107438,114.98486960508647,0.6815185546875,3.4181110437021625,3.3103194690704356,0,0,0
2023-07-14,123.79615783691406,124.1369243789904,120.82660490991996,122.67648997453168,9577719,122.1896743774414,124.28297424316406,124.0395736694336,12374030.0,121.96462932298634,119.80341244574922,62.24132540827927,0.013147456752444331,3.3103194690704356,1.1196678623823857,0.34076654207633794,1.849885064611712,17371566.9,-0.22598223860779387,125.1105522862752,123.2119904563053,0,0,1.801200946535019,2.1612168772371234,125.4026329299422,117.5649752910758,3.0182266235351562,3.34856652399644,1.801200946535019,0,0,0
2023-07-17,123.79615783691406,124.86714158121974,123.06594063468472,124.42901423114354,9411535,123.79615783691406,122.1896743774414,124.28297424316406,9577719.0,122.3309350257719,120.16638929949147,60.39781100505592,0.0,1.801200946535019,-0.6328563942294778,0.43812735007620063,0.7302172022293405,16763469.6,-0.017351104161648534,125.4026329299422,121.70286292573846,0,0,2.9695531329105336,2.164545726280423,125.4026329299422,117.85705641073652,4.0405426025390625,3.2998850753532443,2.9695531329105336,0,0,0
2023-07-18,123.74748229980467,124.91583436128028,121.94628122836974,124.33165461646549,8994063,123.79615783691406,123.79615783691406,122.1896743774414,9411535.0,122.61424448057846,120.49194320861085,67.61131882129183,-0.00039319101626333897,2.9695531329105336,-0.5841723166608119,0.5841797448147901,1.8012010714349316,16903333.4,-0.04435748259980965,124.1369243789904,120.82660490991996,0,0,1.022307033952984,2.122301271967615,125.4026329299422,117.85705641073652,-0.29209136962892046,3.185137147369137,1.022307033952984,0,0,0
2023-07-19,123.55274963378906,124.38032762748018,123.3580205935272,124.38032762748018,8975718,123.74748229980467,123.79615783691406,123.79615783691406,8994063.0,122.8019455112206,120.7701983381725,63.63630677320464,-0.0015736293167066817,1.022307033952984,-0.8275779936911221,0.0,0.194729040261862,16239316.1,-0.0020396788414757117,124.86714158121974,123.06594063468472,0,0,1.6551559284395978,2.031747173048089,125.4026329299422,117.85705641073652,-0.730224609375,2.9591175296806074,1.6551559284395978,0,0,0
2023-07-20,122.67648315429688,123.89351175701808,122.23835582857848,123.65010603647384,10187180,123.55274963378906,123.74748229980467,123.79615783691406,8975718.0,122.77685303983586,120.94349695782017,50.67746810153484,-0.007092245879508519,1.6551559284395978,-0.9736228821769686,0.24340572054423149,0.43812732571839774,15567401.4,0.13497104075685096,124.91583436128028,121.94628122836974,0,0,1.8498849412072644,1.8333560820156833,125.4026329299422,118.68464758015732,0.48680877685546875,2.66355339726831,1.8498849412072644,0,0,0
2023-07-21,121.6541748046875,123.30933814288474,121.45945320167748,123.01724831021669,9926528,122.67648315429688,123.55274963378906,123.74748229980467,10187180.0,122.55231739280619,121.00810403480811,53.42849428349209,-0.008333368574998667,1.8498849412072644,-1.3630735055291865,0.29208983266805433,0.19472160301002361,14276258.0,-0.0255862760842549,124.38032762748018,123.3580205935272,0,1,2.677462925986646,1.5442133579980748,125.4026329299422,119.26880379033284,-2.1419830322265625,2.5661909713632007,2.677462925986646,0,0,0
2023-07-24,122.67648315429688,124.38032319810657,121.70286027211992,122.04362679525124,13121674,121.6541748046875,122.67648315429688,123.55274963378906,9926528.0,122.57715054510433,121.15977486385255,61.720953160459835,0.008403397180990035,2.677462925986646,0.6328563590456326,1.7038400438096915,0.3407665231313217,14681544.1,0.32187951315908236,123.89351175701808,122.23835582857848,0,0,1.8012009771774018,1.4173756812517837,125.4026329299422,119.26880379033284,-1.1196746826171875,2.573145825236068,1.8012009771774018,0,0,0
2023-07-25,123.69879913330078,123.84483663370828,122.04363565653088,123.21198765686616,7151050,122.67648315429688,121.6541748046875,122.67648315429688,13121674.0,122.80148026274362,121.39059525198421,65.05676012486026,0.008333430766172878,1.8012009771774018,0.4868114764346245,0.14603750040750185,1.1683520003352754,10775135.4,-0.45501999211381106,123.30933814288474,121.45945320167748,0,0,1.655155928439612,1.410885010759415,125.4026329299422,120.1450816071478,-0.04868316650389204,2.514033117188583,1.655155928439612,0,0,0
2023-07-26,122.67648315429688,123.99087255960517,122.33571663116555,123.69879015184392,12681896,123.69879913330078,122.67648315429688,121.6541748046875,7151050.0,122.77648084105428,121.50749415219445,53.84606497585646,-0.008264558638942265,1.655155928439612,-1.022306997547048,0.2920824077612423,0.3407665231313217,10240139.3,0.773431314282518,124.38032319810657,121.70286027211992,0,0,2.7261473144896797,1.268986688859826,125.4026329299422,120.82660490991996,-0.8762664794921875,2.409716348391618,2.7261473144896797,0,0,0
2023-07-27,123.89352416992188,125.40264275975612,122.67649544526644,122.8712170699498,11597763,122.67648315429688,123.69879913330078,122.67648315429688,12681896.0,122.99988950682781,121.72440597198785,59.937827586660035,0.009920736104688244,2.7261473144896797,1.0223070999720818,1.5091185898342445,0.1947216246833534,10162512.6,-0.08548666540082017,123.84483663370828,122.04363565653088,0,0,3.6024016451821694,1.2754835348399638,125.4026329299422,120.82660490991996,1.217041015625,2.4479660379279116,3.6024016451821694,0,0,0
2023-07-28,126.71701049804688,128.22612891673705,124.62372727155488,125.84075585819114,37245053,123.89352416992188,122.67648315429688,123.69879913330078,11597763.0,123.74331370507163,122.17827911072048,69.91633969123741,0.022789619934069805,3.6024016451821694,0.8762546398557305,1.5091184186901785,1.2170285866362605,12929246.0,2.2113997328622768,123.99087255960517,122.33571663116555,1,0,2.093283418178146,1.5650345943511468,125.40264275975612,120.82660490991996,5.062835693359375,2.5557596772257836,2.093283418178146,1,0,0
2023-07-31,127.25251770019533,127.54460755899646,125.45132414081831,126.863074459332,16197160,126.71701049804688,123.89352416992188,122.67648315429688,37245053.0,124.44515450409638,122.63957352794546,61.702035428968436,0.0042260088053189815,2.093283418178146,0.38944324086332927,0.29208985880113403,1.4117503185136826,13607808.5,-0.5651191582409616,125.40264275975612,122.67649544526644,1,0,3.1155906225500303,1.805580976150921,128.22612891673705,121.45945320167748,4.576034545898452,2.340171821124509,3.1155906225500303,0,0,0
2023-08-01,127.00911712646484,129.7352644923116,126.61967386976156,127.5446127466628,17079508,127.25251770019533,126.71701049804688,123.89352416992188,16197160.0,124.95794702857008,123.03680476417449,59.92903091351161,-0.001912736801828352,3.1155906225500303,-0.5354956201979633,2.190651745648779,0.38944325670328794,14416353.0,0.054475475947635355,128.22612891673705,124.62372727155488,0,0,6.815360920274799,1.9211422643955842,128.22612891673705,121.45945320167748,3.3103179931640625,2.427102449165947,6.815360920274799,0,0,0
2023-08-02,122.04364013671876,127.25252164015514,120.43716071988034,127.00911589300246,20816954,127.00911712646484,127.25251770019533,126.71701049804688,17079508.0,124.37508565019982,122.94651707076942,49.5601462793399,-0.03909543741495247,6.815360920274799,-4.965475756283695,0.2434057471526785,1.6064794168384253,15600476.6,0.21882632684735426,127.54460755899646,125.45132414081831,0,0,2.9208687655407175,1.4285685794304044,129.7352644923116,121.45945320167748,-0.6328430175781108,2.649644657456737,2.9208687655407175,0,0,0
2023-08-03,121.36209869384766,123.16329961363375,120.24243084809304,122.23836080914054,12415922,122.04364013671876,127.00911712646484,127.25251770019533,20816954.0,123.7724882589294,122.8024790365038,42.236042680751474,-0.005584407693081106,2.9208687655407175,-0.8762621152928887,0.924938804493209,1.1196678457546199,15823350.8,-0.40356682346514283,129.7352644923116,126.61967386976156,0,1,2.4827414240739643,0.9700092224256025,129.7352644923116,120.43716071988034,-2.5314254760742188,2.621826750061757,2.4827414240739643,0,0,0
2023-08-04,124.23428344726562,124.67241821935988,122.18967679528592,122.96857810468458,10589274,121.36209869384766,122.04364013671876,127.00911712646484,12415922.0,123.86484729659665,122.93264307384578,51.18108681541348,0.0236662416382849,2.4827414240739643,1.2657053425810432,0.43813477209425855,0.7789013093986625,15889625.4,-0.147121413939295,127.25252164015514,120.43716071988034,0,0,2.5314181823366226,0.9322042227508689,129.7352644923116,120.24243084809304,-2.48272705078125,2.6705082127431106,2.5314181823366226,0,0,0
2023-08-07,125.15923309326172,125.79208206773066,123.26066388539404,125.061864855817,8339894,124.23428344726562,121.36209869384766,122.04364013671876,10589274.0,124.12372445592968,123.13506034833814,53.6340679856131,0.007445204498553126,2.5314181823366226,0.09736823744471224,0.6328489744689421,1.8012009704229683,15411447.4,-0.2124206059829975,123.16329961363375,120.24243084809304,1,0,2.3366964707523294,0.9886641075915321,129.7352644923116,120.24243084809304,-2.093284606933608,2.639212859130688,2.3366964707523294,0,0,0
2023-08-08,125.74339294433594,126.57097836075584,124.23428189000352,125.30526560588696,12505272,125.15923309326172,124.23428344726562,121.36209869384766,8339894.0,124.44765815361093,123.37218149342885,55.52822449598838,0.004667333257299067,2.3366964707523294,0.4381273384489788,0.8275854164199075,1.0709837158834432,15946869.6,0.4994521513103165,124.67241821935988,122.18967679528592,0,0,3.3103119767299347,1.0754766601820762,129.7352644923116,120.24243084809304,-1.2657241821289062,2.73309781890207,3.3103119767299347,0,0,0
2023-08-09,128.22613525390625,128.90766832484397,125.59735634811403,126.37625765331718,13111006,125.74339294433594,125.15923309326172,124.23428344726562,12505272.0,125.20335357367,123.81345001710861,62.9545279690888,0.0197445150113722,3.3103119767299347,1.8498776005890676,0.6815330709377179,0.7789013052031493,15989780.6,0.04843829066652838,125.79208206773066,123.26066388539404,0,0,3.9431614573991993,1.3899035565613929,129.7352644923116,120.24243084809304,6.182495117187486,2.851323250922808,3.9431614573991993,0,0,0
2023-08-10,125.98681640625,129.6379028344409,125.6947413770417,128.1287989958356,11116731,128.22613525390625,125.74339294433594,125.15923309326172,13111006.0,125.36004614018601,124.01102877975782,59.56992885848675,-0.017463825476936368,3.9431614573991993,-2.1419825895856093,1.5091038386052844,0.29207502920830564,15941677.4,-0.15210693977258494,126.57097836075584,124.23428189000352,0,0,3.602401839260992,1.349017360428192,129.7352644923116,120.24243084809304,4.624717712402344,3.000843002079375,3.602401839260992,0,0,0
2023-08-11,128.56690979003906,129.73525432489308,126.13285248563209,126.76570144225516,10967883,125.98681640625,128.22613525390625,125.74339294433594,11116731.0,126.00141887015663,124.42519978069248,62.17305231478298,0.020479074377666828,3.602401839260992,1.8012083477838985,1.1683445348540147,0.6328489566230786,13313960.4,-0.01338954770066847,128.90766832484397,125.59735634811403,0,0,2.434057184562832,1.5762190894641464,129.7352644923116,120.24243084809304,4.3326263427734375,3.0669100673132568,2.434057184562832,0,0,0
2023-08-14,127.05778503417967,128.46953522996492,126.03547804540209,128.46953522996492,8529502,128.56690979003906,125.98681640625,128.22613525390625,10967883.0,126.21269210296124,124.66452571282768,56.80470647440069,-0.011738049536415884,2.434057184562832,-1.4117501957852454,0.0,1.0223069887775864,12547194.6,-0.22232011410041486,129.6379028344409,125.6947413770417,0,0,2.385372906279116,1.5481663901335594,129.7352644923116,120.24243084809304,1.8985519409179545,3.112114082126502,2.385372906279116,0,0,0
2023-08-16,127.83667755126952,128.42084232178203,126.03546941550292,127.30118203607093,7062446,127.05778503417967,128.56690979003906,125.98681640625,8529502.0,126.5374891926229,124.95290315268603,60.55776121271491,0.006130222692614318,2.385372906279116,0.5354955151985905,0.5841647705125155,1.26571262056801,11545488.4,-0.17199784934689033,129.73525432489308,126.13285248563209,0,0,3.276616018101322,1.584586039936866,129.7352644923116,120.24243084809304,2.0932846069335795,3.1642724376864666,3.276616018101322,0,0,0
2023-08-17,125.88050842285156,128.71698577757562,125.4403697594743,128.57026294011123,7162118,127.83667755126952,127.05778503417967,128.56690979003906,7062446.0,126.40609303866864,125.03723090451926,53.9460231284428,-0.015302096126781906,3.276616018101322,-2.689754517259672,0.14672283746438097,0.4401386633772688,10180004.8,0.014112957465444609,128.46953522996492,126.03547804540209,0,0,2.7875699578618054,1.3688621341493814,129.73525432489308,120.24243084809304,-2.3456268310546875,3.2035916308015837,2.7875699578618054,0,0,0
2023-08-18,124.3644790649414,126.76081047939677,123.97324052153496,125.4403794626182,8997702,125.88050842285156,127.83667755126952,127.05778503417967,7162118.0,125.9977702439232,124.97607164637581,45.07211611453558,-0.012043400339769694,2.7875699578618054,-1.07590039767679,1.3204310167785707,0.3912385434064447,9838182.8,0.2562906670903775,128.42084232178203,126.03546941550292,0,0,2.4941315759136415,1.0216985975473847,129.73525432489308,120.24243084809304,-1.6223373413085938,3.145389367421558,2.4941315759136415,0,0,0
2023-08-21,126.41846466064452,126.8586033322016,124.36447175628795,124.41337190743091,5063202,124.3644790649414,125.88050842285156,127.83667755126952,8997702.0,126.08190912726747,125.1071982840366,48.35739174466174,0.016515854134125707,2.4941315759136415,2.005092753213603,0.4401386715570794,0.0489001511429592,9285575.6,-0.43727831839729747,128.71698577757562,125.4403697594743,0,0,4.254693820002004,0.9747108432308664,129.73525432489308,122.18967679528592,-2.1484451293945455,3.174021378688379,4.254693820002004,0,0,0
2023-08-22,130.37974548339844,130.7709765503497,126.5162827303477,126.85860618280292,20596242,126.41846466064452,124.3644790649414,125.88050842285156,5063202.0,126.94147639849366,125.58652075670585,55.7902738550056,0.031334669610072474,4.254693820002004,3.5211393005955216,0.39123106695126353,0.34232345245521856,10511210.4,3.067829409136748,126.76081047939677,123.97324052153496,0,0,2.5430316531213464,1.3549556417878108,129.73525432489308,123.26066388539404,3.321960449218764,3.2553858927920913,2.5430316531213464,1,0,0
2023-08-23,130.4775390625,132.43372414544308,129.89069249232173,131.0154929452109,19426832,130.37974548339844,126.41846466064452,124.3644790649414,20596242.0,127.64868893129494,126.03115878450532,67.39790075915384,0.0007500672649649598,2.5430316531213464,-0.5379538827108945,1.418231200232185,0.5868465701782668,11203366.4,-0.05677783354846966,126.8586033322016,124.36447175628795,1,0,1.8583698001472158,1.617530146789619,130.7709765503497,123.97324052153496,2.640861511230483,2.9502195165668446,1.8583698001472158,1,0,0
2023-08-24,131.45562744140625,132.53153517275925,130.67316537261203,132.09139652793567,17543374,130.4775390625,130.37974548339844,126.41846466064452,19426832.0,128.4100766333172,126.52429229876904,70.56980988094197,0.007496220314499702,1.8583698001472158,-0.6357690865294217,0.4401386448235769,0.7824620687942172,11646603.2,-0.09695137117570174,130.7709765503497,126.5162827303477,0,0,4.792647483407421,1.8857843345481626,132.43372414544308,123.97324052153496,5.5751190185546875,2.8743267333244518,4.792647483407421,1,0,1
2023-08-25,130.4775390625,134.92786311109705,130.13521562768963,134.24320131696854,33919926,131.45562744140625,130.4775390625,130.37974548339844,17543374.0,128.82356911915377,126.88367836819913,63.78767231304868,-0.007440445098801263,4.792647483407421,-3.7656622544685376,0.684661794128516,0.34232343481036764,13926922.7,0.933489304850937,132.43372414544308,129.89069249232173,0,0,1.7605545517300811,1.9398907509546461,132.53153517275925,123.97324052153496,6.113059997558594,3.0393200232768414,1.7605545517300811,1,0,0
2023-08-28,131.94467163085938,133.41181037363916,131.65125582190907,133.11839456468886,13346571,130.4775390625,131.45562744140625,130.4775390625,33919926.0,129.4477896214949,127.3437686648046,64.63457697533985,0.011244330471749553,1.7605545517300811,-1.173722933829481,0.29341580895030006,0.29341580895030006,14164791.5,-0.606527119192418,132.53153517275925,130.67316537261203,0,0,1.7116617688468523,2.104020956690306,134.92786311109705,123.97324052153496,5.526206970214858,2.9842583353763743,1.7116617688468523,0,0,0
2023-08-29,131.6023406982422,132.8738638542868,131.16220208543996,132.335910027748,11118400,131.94467163085938,130.4775390625,131.45562744140625,13346571.0,129.87869983684436,127.73091157693528,62.7695604689431,-0.002594503653583824,1.7116617688468523,-0.7335693295058263,0.5379538265387964,0.44013861280222955,14423681.3,-0.1669470757694992,134.92786311109705,130.13521562768963,0,0,1.2226155491763393,2.1477882599090776,134.92786311109705,123.97324052153496,1.22259521484375,2.939612999525983,1.2226155491763393,0,0,0
2023-08-30,131.6023406982422,132.53152553071496,131.30890998153862,132.53152553071496,12555619,131.6023406982422,131.94467163085938,130.4775390625,11118400.0,130.22342800912395,128.08285967887227,58.25142065266114,0.0,1.2226155491763393,-0.929184832472771,0.0,0.29343071670356835,14972998.6,0.1292649122175853,133.41181037363916,131.65125582190907,0,0,2.7875699934273257,2.140568330251682,134.92786311109705,123.97324052153496,1.1248016357421875,2.7904918261292977,2.7875699934273257,0,0,0
2023-08-31,130.2819366455078,132.0914139990672,129.3038440056399,131.60236767913324,14954352,131.6023406982422,131.6023406982422,131.94467163085938,12555619.0,130.23512973640072,128.28277576674822,60.99091395393332,-0.010033286989644008,2.7875699934273257,-1.3204310336254252,0.4890463199339763,0.9780926398679242,15752222.0,0.19104856558645178,132.8738638542868,131.16220208543996,0,0,4.401415940292253,1.9523539696525063,134.92786311109705,123.97324052153496,-1.1736907958984375,2.7079495787027352,4.401415940292253,0,0,0
2023-09-01,134.83004760742188,135.36798650496382,130.96657056467157,131.11329338405164,23415545,130.2819366455078,131.6023406982422,131.6023406982422,14954352.0,131.15411331060497,128.87798229771855,64.56040428205242,0.034909758628237864,4.401415940292253,3.7167542233702306,0.5379388975419488,0.1467228193800736,17194006.3,0.5658013800932331,132.53152553071496,131.30890998153862,0,0,3.081000618553645,2.276131012886424,134.92786311109705,123.97324052153496,4.352508544921875,2.7650220144906825,3.081000618553645,0,0,0
2023-09-04,137.47091674804688,139.23148639800488,136.15048577945123,136.44391654186234,28262276,134.83004760742188,130.2819366455078,131.6023406982422,23415545.0,132.41747399809336,129.6591581568393,72.99803663995162,0.019586651399206678,3.081000618553645,1.027000206184539,1.7605696499580006,0.29343076241110566,19513913.7,0.20698775108587042,132.0914139990672,129.3038440056399,1,0,2.640846902361403,2.7583158412540456,135.36798650496382,124.36447175628795,5.5262451171875,2.8112322597757404,2.640846902361403,0,0,1
2023-09-05,136.6395263671875,138.79132699412983,136.15048009176843,138.2044804183317,11695197,137.47091674804688,134.83004760742188,130.2819366455078,28262276.0,133.2618844719122,130.29373708505278,69.39664983661393,-0.006047754685328255,2.640846902361403,-1.5649540511442126,0.5868465757981198,0.48904627541907075,18623809.2,-0.5861905460126424,135.36798650496382,130.96657056467157,1,0,2.934277318720774,2.968147386859414,139.23148639800488,126.5162827303477,5.0371856689453125,2.8294804023530467,2.934277318720774,0,0,0
2023-09-06,135.2701873779297,137.66651086998374,134.73223355126296,137.42198776009036,10151022,136.6395263671875,137.47091674804688,134.83004760742188,11695197.0,133.6635450531157,130.7461416571325,71.23896309907825,-0.010021543733824356,2.934277318720774,-2.1518003821606726,0.2445231098933789,0.5379538266667225,17696228.2,-0.13203497127923536,139.23148639800488,136.15048577945123,0,0,3.325508841095626,2.9174033959832,139.23148639800488,129.3038440056399,3.6678466796875,2.805027638111579,3.325508841095626,0,0,1
2023-09-07,136.7862548828125,137.91105539316612,134.5855465520705,135.41691630009012,18438943,135.2701873779297,136.6395263671875,137.47091674804688,10151022.0,134.28808701905507,131.29524285946704,78.0973592592631,0.011207698712260239,3.325508841095626,1.3693385827223779,1.124800510353623,0.8313697480196254,17785785.1,0.8164617316364795,138.79132699412983,136.15048009176843,0,0,4.010185264297434,2.9928441595880315,139.23148639800488,129.3038440056399,6.5043182373046875,2.843451844056852,4.010185264297434,0,0,1
2023-09-08,140.16065979003906,141.13875230089138,137.12856703659395,137.47090538519518,16579557,136.7862548828125,135.2701873779297,136.6395263671875,18438943.0,135.46260157325187,132.1011898531554,79.33195045207451,0.024669181198925916,4.010185264297434,2.6897544048438817,0.9780925108523206,0.34233834860123125,16051748.2,-0.10084016204182633,137.66651086998374,134.73223355126296,0,0,4.010170345034226,3.36141172009647,139.23148639800488,129.3038440056399,5.3306121826171875,2.951741393227123,4.010170345034226,0,0,1
2023-09-11,141.5299835205078,143.9263071903282,139.91613684529398,141.18766009596624,19902175,140.16065979003906,136.7862548828125,135.2701873779297,16579557.0,136.67607796270306,132.9583529138238,76.76055822238368,0.009769672406793717,4.010170345034226,0.3423234245415756,2.39632366982039,1.27152325067226,16707308.6,0.20040451020494698,137.91105539316612,134.5855465520705,1,0,11.101341126861541,3.7177250488792595,141.13875230089138,129.3038440056399,4.0590667724609375,2.9342754307294245,11.101341126861541,0,0,1
2023-09-12,131.2111053466797,141.77450752813735,130.6731664012758,141.43218410147193,48752780,141.5299835205078,140.16065979003906,136.7862548828125,19902175.0,135.5830834394984,132.7995122259016,51.18109771946798,-0.0729094847406162,11.101341126861541,-10.221078754792245,0.34232342666541626,0.5379389454038801,20470746.6,1.4496207072845055,141.13875230089138,137.12856703659395,0,0,3.5700320317119463,2.783571213596815,143.9263071903282,129.3038440056399,-5.4284210205078125,3.5455832502822955,3.5700320317119463,1,0,0
2023-09-13,132.87388610839844,133.94977901716362,130.37974698545167,132.0425014259133,19282289,131.2111053466797,141.5299835205078,140.16065979003906,48752780.0,135.04124397327843,132.80627348794675,52.23424380605321,0.012672561193089793,3.5700320317119463,0.831384682485151,1.0758929087651836,1.6627544404616117,21143413.6,-0.604488420967994,143.9263071903282,139.91613684529398,0,1,3.129893321144067,2.2349704853316723,143.9263071903282,129.3038440056399,-2.39630126953125,3.667844838251205,3.129893321144067,0,0,0
2023-09-14,133.80307006835938,135.66144003027063,132.53154670912656,134.97677819822482,13197189,132.87388610839844,131.2111053466797,141.5299835205078,19282289.0,134.7936091922946,132.89689135889336,55.24693646628307,0.006992976476979829,3.129893321144067,-1.173708129865446,0.6846618320458049,1.2715233592328161,20967697.3,-0.31557975300546526,141.77450752813735,130.6731664012758,0,0,3.03207833411534,1.8967178334012544,143.9263071903282,129.3038440056399,-2.983184814453125,3.5490766838038224,3.03207833411534,0,0,0
2023-09-15,132.7271728515625,135.17240453609574,132.1403262019804,134.4877426493284,9651337,133.80307006835938,132.87388610839844,131.2111053466797,13197189.0,134.3803219241482,132.88146240368147,51.25004265774835,-0.008040900827217201,3.03207833411534,-1.7605697977658963,0.6846618867673442,0.5868466495820996,19591276.5,-0.26868236864683837,133.94977901716362,130.37974698545167,0,0,5.86855474284414,1.4988595204667376,143.9263071903282,130.37974698545167,-7.4334869384765625,3.639899811117055,5.86855474284414,0,0,0
2023-09-18,136.8351287841797,141.8234062853998,135.95485154255567,141.8234062853998,51859825,132.7271728515625,133.80307006835938,132.87388610839844,9651337.0,134.8712832961545,133.2408866200904,57.46163828103989,0.030950376206772656,5.86855474284414,-4.988277501220125,0.0,0.8802772416240146,21951031.4,4.373330658747073,135.66144003027063,132.53154670912656,1,0,3.765662273867889,1.6303966760640947,143.9263071903282,130.37974698545167,-4.694854736328125,3.9368207378311473,3.765662273867889,1,0,0
2023-09-20,133.90086364746094,137.03077173590026,133.26510946203237,136.9329565114461,19080613,136.8351287841797,132.7271728515625,133.80307006835938,51859825.0,134.6771993664158,133.30088453166954,53.02446217193633,-0.021443800015321757,3.765662273867889,-3.032092863985156,0.09781522445416613,0.6357541854285671,22689573.0,-0.632073324582179,135.17240453609574,132.1403262019804,0,0,3.325508711126247,1.3763148347462675,143.9263071903282,130.37974698545167,2.68975830078125,4.118466932451972,3.325508711126247,0,0,0
2023-09-21,132.28701782226562,134.9767723436056,131.65126363247936,133.9986797903911,9531884,133.90086364746094,136.8351287841797,132.7271728515625,19080613.0,134.19916305758576,133.20871483081464,52.618124943963494,-0.012052542315517112,3.325508711126247,-1.711661968125469,0.978092553214509,0.6357541897862689,22627659.2,-0.5004414166358282,141.8234062853998,135.95485154255567,0,1,2.787555009116346,0.9904482267711217,143.9263071903282,130.37974698545167,-0.5868682861328125,4.156891126573323,2.787555009116346,0,0,0
2023-09-22,133.0695037841797,133.9008735555264,131.11331854641006,131.21111885359318,12604969,132.28701782226562,133.90086364746094,136.8351287841797,9531884.0,133.97323120290454,133.19605928112054,47.45045942067607,0.005915062375700275,2.787555009116346,1.85838493058651,0.831369771346715,0.09780030718312105,22044261.8,0.32240058733404653,137.03077173590026,133.26510946203237,0,0,3.178800521837161,0.777171921784003,143.9263071903282,130.37974698545167,-0.7335662841796875,4.041615345775044,3.178800521837161,0,0,0
2023-09-25,133.60743713378906,133.85196025085347,130.6731597290163,133.31400640841045,14984591,133.0695037841797,132.28701782226562,133.90086364746094,12604969.0,133.90007238908146,133.23345726772678,44.042207647053566,0.004042499102437702,3.178800521837161,0.29343072537861303,0.24452311706440355,2.6408466793941443,21884765.2,0.1887844388986597,134.9767723436056,131.65126363247936,0,0,2.3474312778770354,0.6666151213546812,143.9263071903282,130.37974698545167,0.8802642822265625,4.048601053152439,2.3474312778770354,0,0,0
2023-09-26,134.6344451904297,135.27021435766082,132.92278307978378,133.6074598636495,12315581,133.60743713378906,133.0695037841797,132.28701782226562,14984591.0,134.0469469493511,133.36081980615432,46.92654823334704,0.007686758152633422,2.3474312778770354,1.026985326780192,0.6357691672311319,0.6846767838657115,21126105.8,-0.1781169736297774,133.9008735555264,131.11331854641006,0,0,1.809477036079187,0.686127143196785,143.9263071903282,130.37974698545167,-2.20068359375,4.027642794260698,1.809477036079187,0,0,0
2023-09-27,133.60743713378906,134.53662199373244,132.72714495765325,134.3898991687898,8713378,134.6344451904297,133.60743713378906,133.0695037841797,12315581.0,133.9590449862387,133.38323956321202,47.424252165642066,-0.007628122618903332,1.809477036079187,-0.7824620350007478,0.14672282494262845,0.8802921761358107,17122165.6,-0.2924915194825157,133.85196025085347,130.6731597290163,0,0,3.3255086569972434,0.5758054230266794,141.8234062853998,130.37974698545167,-0.293426513671875,3.9472999169291563,3.3255086569972434,0,0,0
2023-09-28,132.09140014648438,134.97677014660076,131.6512614896035,133.90086238577405,22012674,133.60743713378906,134.6344451904297,133.60743713378906,8713378.0,133.58551601828785,133.26579961623676,42.72724608165438,-0.011346950587687643,3.3255086569972434,-1.8094622392896724,1.0759077608267091,0.44013865688086184,17395204.1,1.5263077075274367,135.27021435766082,132.92278307978378,0,0,2.836462104960958,0.3197164020510854,141.8234062853998,130.37974698545167,-0.19561767578125,3.9472999037792715,2.836462104960958,0,0,0
2023-09-29,135.2701873779297,135.61251077707672,132.77604867211576,133.02057178200917,8504659,132.09140014648438,133.60743713378906,134.6344451904297,22012674.0,133.92245029021623,133.44801668548158,42.37802296899955,0.024065058193948774,2.836462104960958,2.249615595920517,0.342323399147034,0.2445231098934073,16925951.1,-0.6136471652648834,134.53662199373244,132.72714495765325,0,0,3.3255233058035856,0.47443360473465646,141.8234062853998,130.6731597290163,2.20068359375,3.8634625352552376,3.3255233058035856,0,0,0
2023-10-03,136.1504669189453,137.5198053123373,134.1942820065337,134.87894374097647,19010910,135.2701873779297,132.09140014648438,133.60743713378906,8504659.0,134.36805361596205,133.69369397943282,41.486044485316135,0.006507565030247298,3.3255233058035856,1.2715231779688452,1.3693383933919847,0.6846617344427557,17861908.4,1.2353524109549836,134.97677014660076,131.6512614896035,0,0,2.543031576198132,0.6743596365292319,141.8234062853998,130.6731597290163,2.54302978515625,3.8145591753101917,2.543031576198132,0,0,0
2023-10-04,135.8081512451172,136.101567059077,133.55853548287888,134.9767666402115,14912053,136.1504669189453,135.2701873779297,132.09140014648438,19010910.0,134.6560731417931,133.8859173672223,60.63353974129825,-0.002514245316778241,2.543031576198132,0.8313846049056792,0.2934158139598253,1.4182311573326274,14167131.2,-0.21560551283447238,135.61251077707672,132.77604867211576,0,0,3.1788012203078324,0.7701557745707817,141.8234062853998,130.6731597290163,1.1737060546875,3.2032513502628057,3.1788012203078324,0,0,0
2023-10-05,135.90597534179688,138.25340673611478,135.07460551580695,136.44392930244328,15996620,135.8081512451172,136.1504669189453,135.2701873779297,14912053.0,134.90605358179386,134.06955900127454,57.56100790608584,0.0007203109370299554,3.1788012203078324,-0.537953960646405,1.8094774336715034,0.831369825989924,13858731.9,0.07273089761684726,137.5198053123373,134.1942820065337,0,0,1.8094771879946165,0.8364945805193145,137.5198053123373,130.6731597290163,2.2985382080078125,3.1753062923053688,1.8094771879946165,0,0,0
2023-10-06,135.95486450195312,137.42200332751378,135.61252613951916,135.95486450195312,4987359,135.90597534179688,135.8081512451172,136.1504669189453,15996620.0,135.11581576582572,134.24095041042713,55.612244897959194,0.0003597278194229503,1.8094771879946165,0.0,1.467138825560653,0.34233836243396354,13404279.4,-0.6882241998622209,136.101567059077,133.55853548287888,0,0,2.4941392430219196,0.8748653553985832,138.25340673611478,130.6731597290163,3.86346435546875,3.0809908542232654,2.4941392430219196,0,0,0
2023-10-09,132.7760772705078,134.58555464326142,132.0914154002395,133.21621597821536,10489249,135.95486450195312,135.90597534179688,135.8081512451172,4987359.0,134.64786806676213,134.1077801249799,50.11494252873563,-0.023381195245129605,2.4941392430219196,-0.44013870770754693,1.3693386650460582,0.6846618702683145,13192707.4,1.1031670268773515,138.25340673611478,135.07460551580695,0,1,4.401416935871538,0.5400879417822182,138.25340673611478,130.6731597290163,-2.494110107421875,3.042566633430878,4.401416935871538,0,0,0
2023-10-10,136.88406372070312,137.9110639906417,133.50964705477017,134.3899244721407,15593722,132.7760772705078,135.95486450195312,135.90597534179688,10489249.0,135.09510719755033,134.36016954277292,50.11501409075032,0.030939206328757685,4.401416935871538,2.494139248562419,1.0270002699385827,0.8802774173705359,13253620.5,0.48663855725038085,137.42200332751378,135.61252613951916,0,0,2.9342777646820934,0.7349376547774114,138.25340673611478,130.6731597290163,0.7335968017578125,2.937771075789978,2.9342777646820934,0,0,0
2023-10-11,134.7322540283203,137.42200864594557,134.48773088126347,136.88405473751882,10778916,136.88406372070312,132.7760772705078,135.95486450195312,15593722.0,135.02253656370434,134.3939954050954,52.0286723191188,-0.01571994309559177,2.9342777646820934,-2.151800709198511,0.5379539084267435,0.24452314705683875,13099954.0,-0.3087656686453689,134.58555464326142,132.0914154002395,0,0,1.4671388941794135,0.6285411586089253,138.25340673611478,131.6512614896035,-1.075897216796875,2.8783864679909925,1.4671388941794135,0,0,0
2023-10-12,135.17239379882812,135.66144009688793,134.19430120270852,134.92787064979822,7567439,134.7322540283203,136.88406372070312,132.7760772705078,10778916.0,135.0525080107291,134.46475889543476,57.46837622770696,0.003266773599848616,1.4671388941794135,0.24452314902990224,0.4890462980598045,0.7335694470897067,12985360.1,-0.29794062779596764,137.9110639906417,133.50964705477017,0,0,1.8583700065452433,0.5877491152943435,138.25340673611478,131.6512614896035,-0.73358154296875,2.7456457667805045,1.8583700065452433,0,0,0
2023-10-13,134.43882751464844,135.17239697899666,133.31402697245142,133.31402697245142,8303230,135.17239379882812,134.7322540283203,136.88406372070312,7567439.0,134.92977191151297,134.46240149718145,53.55329386460897,-0.005426894231609358,1.8583700065452433,1.124800542197022,0.7335694643482213,0.0,11614415.7,0.09723117688824456,137.42200864594557,134.48773088126347,0,0,1.3204159626103262,0.46737041433152626,138.25340673611478,131.6512614896035,-1.5160369873046875,2.679275409453997,1.3204159626103262,0,0,0
2023-10-16,134.38990783691406,134.87895410258625,133.55853813997592,133.99867679417935,7785480,134.43882751464844,135.17239379882812,134.7322540283203,8303230.0,134.8217990965932,134.45581116442986,52.08332656225116,-0.0003638805740777684,1.3204159626103262,0.39123104273471654,0.48904626567218656,0.44013865420342313,11542497.8,-0.062355252112732074,135.66144009688793,134.19430120270852,0,0,1.3693235895268003,0.36598793216333547,138.25340673611478,132.0914154002395,1.61383056640625,2.546533655223509,1.3693235895268003,0,0,0
2023-10-17,135.5147247314453,135.85704816657312,134.48772457704632,134.48772457704632,6076896,134.38990783691406,134.43882751464844,135.17239379882812,7785480.0,134.96038422356364,134.55207603415855,52.331598678882,0.008369801815001132,1.3693235895268003,1.0270001543989906,0.3423234351278097,0.0,10249096.4,-0.21945775982983706,135.17239697899666,133.31402697245142,0,0,2.4941388002567635,0.4083081894050906,138.25340673611478,132.0914154002395,-1.3693389892578125,2.476668820341349,2.4941388002567635,0,0,0
2023-10-18,134.04757690429688,135.9059466400531,133.41180783979632,135.71033112963246,6806231,135.5147247314453,134.38990783691406,134.43882751464844,6076896.0,134.7778227597103,134.50621247689838,51.13923690677333,-0.010826482731348452,2.4941388002567635,-1.6627542253355898,0.1956155104206232,0.6357690645005505,9438514.2,0.12001768666108492,134.87895410258625,133.55853813997592,0,0,2.1028929049672627,0.27161028281190625,138.25340673611478,132.0914154002395,-0.6846771240234375,2.525573232068319,2.1028929049672627,0,0,0
2023-10-19,133.99867248535156,134.19428800042874,132.09139509546148,133.02057998545848,7775836,134.04757690429688,135.5147247314453,134.38990783691406,6806231.0,134.62199270483856,134.46007247766684,55.342447485914604,-0.00036482881731036976,2.1028929049672627,0.97809249989308,0.19561551507717923,0.9291848899970034,8616435.8,0.1424584325745042,135.85704816657312,134.48772457704632,0,1,3.325508124623383,0.16192022717171994,138.25340673611478,132.0914154002395,-1.1737213134765625,2.438243535494749,3.325508124623383,0,0,0
2023-10-20,131.25999450683594,133.90084094986102,130.57533282523764,133.7052254586194,8982112,133.99867248535156,134.04757690429688,135.5147247314453,7775836.0,133.94959306523805,134.16915629850038,38.48311898656075,-0.020438097838730518,3.325508124623383,-2.445230951783458,0.19561549124162525,0.6846616815982998,9015911.1,0.15513135822309,135.9059466400531,133.41180783979632,0,0,4.401416434210631,-0.21956323326233473,137.9110639906417,132.09139509546148,-3.1788330078125,2.473175394042065,4.401416434210631,0,0,0
2023-10-23,129.79287719726562,132.9227703433583,128.52135390914768,131.35783123256584,19333777,131.25999450683594,133.99867248535156,134.04757690429688,8982112.0,133.1182498916436,133.77131274384269,32.336989007541675,-0.011177185517053378,4.401416434210631,-1.564954035300218,1.5649391107924657,1.2715232881179475,9900363.9,1.1524756092999064,134.19428800042874,132.09139509546148,0,0,5.281693380175213,-0.6530628521990991,137.9110639906417,130.57533282523764,-4.5970306396484375,2.550024903213997,5.281693380175213,1,0,0
2023-10-25,128.3257293701172,131.7001454143684,126.41845203419318,129.5972525689021,10225867,129.79287719726562,131.25999450683594,133.99867248535156,19333777.0,132.15974578733832,133.27625970986765,30.434772200242264,-0.011303762262073858,5.281693380175213,-1.2715231987849052,2.1028928454663003,1.9072773359240074,9363578.4,-0.47108798244647176,133.90084094986102,130.57533282523764,0,0,3.129893321654393,-1.1165139225293217,137.9110639906417,128.52135390914768,-7.188995361328125,2.745643603498074,3.129893321654393,0,0,0
2023-10-26,126.02723693847656,127.34765298809975,124.21775966644536,127.15203745384171,18167694,128.3257293701172,129.79287719726562,131.25999450683594,10225867.0,130.93324401756598,132.61725763974118,26.834837929418157,-0.017911391915890196,3.129893321654393,-1.124800515365152,0.1956155342580388,1.8094772720312022,10102456.2,0.7766409439903728,132.9227703433583,128.52135390914768,0,1,3.521139173840794,-1.6840136221752005,137.42200864594557,126.41845203419318,-8.020339965820312,2.7421501821656853,3.521139173840794,1,1,0
2023-10-27,129.3038330078125,129.93960212435744,126.41846295051664,126.41846295051664,8761931,126.02723693847656,128.3257293701172,129.79287719726562,18167694.0,130.6073618156153,132.31603721865676,36.45417162859963,0.02599911058063964,3.521139173840794,2.8853700572958587,0.6357691165449353,0.0,10221905.4,-0.5177191447632263,131.7001454143684,126.41845203419318,0,0,3.080985244395805,-1.7086754030414681,135.9059466400531,124.21775966644536,-4.6948394775390625,2.8644117525832695,3.080985244395805,0,0,0
2023-10-30,129.05929565429688,131.0154805522006,127.93449530780478,130.57534193507354,9052085,129.3038330078125,126.02723693847656,128.3257293701172,8761931.0,130.29774858335162,132.01996980371496,41.40265152825358,-0.0018911841035744725,3.080985244395805,-1.5160462807766635,0.4401386171270474,1.1248003464920941,10296790.9,0.03311530300797849,127.34765298809975,124.21775966644536,1,0,2.8364619520435213,-1.7222212203633376,135.9059466400531,124.21775966644536,-2.2006988525390625,2.9063293241099757,2.8364619520435213,0,0,0
2023-10-31,130.330810546875,130.72204153181016,127.88557957976664,129.59724125674248,8098744,129.05929565429688,129.3038330078125,126.02723693847656,9052085.0,130.3043609760563,131.86640987127495,32.55200588920685,0.009852175979512934,2.8364619520435213,0.7335692901325217,0.39123098493516295,1.7116616769758366,10328117.3,-0.10531728325573608,129.93960212435744,126.41846295051664,0,0,2.4452311441579866,-1.562048895218652,135.9059466400531,124.21775966644536,0.537933349609375,2.7945468252651176,2.4452311441579866,0,0,0
2023-11-01,129.4994354248047,131.60234316348445,129.15711201932646,130.81986621245258,10431945,130.330810546875,129.05929565429688,129.3038330078125,8098744.0,130.14337586580598,131.65123037614129,35.01393999248377,-0.006378960727565608,2.4452311441579866,-1.3204307876478936,0.7824769510318674,0.3423234054782256,10763622.2,0.2880941785541067,131.0154805522006,127.93449530780478,0,0,1.662754574398349,-1.5078545103353065,135.9059466400531,124.21775966644536,1.1737060546875,2.7596149237991097,1.662754574398349,0,0,0
2023-11-02,131.79798889160156,132.0425120620869,130.37975748768855,130.77098859066112,4885035,129.4994354248047,130.330810546875,129.05929565429688,10431945.0,130.4742984709651,131.66457205936496,41.26587797782435,0.017749525001841127,1.662754574398349,1.0270003009404434,0.244523170485337,0.3912311029725686,10571502.6,-0.531723470551273,130.72204153181016,127.88557957976664,0,0,2.200708498309524,-1.1902735883998616,135.9059466400531,124.21775966644536,5.770751953125,2.7735874723861764,2.200708498309524,0,0,0
2023-11-03,132.97169494628906,133.9986952304021,131.79798673209257,132.18921782865485,9154983,131.79798889160156,129.4994354248047,130.330810546875,4885035.0,130.97377776602988,131.7834014127217,46.28715165257471,0.008905341155492241,2.200708498309524,0.7824771176342153,1.0270002841130292,0.3912310965622794,10709417.3,0.8740874937436476,131.60234316348445,129.15711201932646,1,0,1.9561852693096,-0.8096236466918185,134.19428800042874,124.21775966644536,3.6678619384765625,2.798040221797911,1.9561852693096,0,0,0
2023-11-06,134.6344451904297,134.97678358236254,133.02059831305294,133.94978333107315,7070089,132.97169494628906,131.79798889160156,129.4994354248047,9154983.0,131.70591125090985,132.04258721069516,50.57211521984989,0.01250454275108881,1.9561852693096,0.6846618593565381,0.34233839193285576,0.9291850180202061,10518215.0,-0.22773324647353255,132.0425120620869,130.37975748768855,1,0,2.200708005586222,-0.3366759597853104,133.9986952304021,124.21775966644536,5.5751495361328125,2.843452315133573,2.200708005586222,0,0,0
2023-11-07,135.02566528320312,135.90594251563508,133.70523451004885,134.5366190597395,8587321,134.6344451904297,132.97169494628906,131.79798889160156,7070089.0,132.36986205736852,132.3137761263777,48.81513328872508,0.0029057949636892566,2.200708005586222,0.4890462234636175,0.8802772324319506,0.8313845496906538,9443569.4,0.21459871297235433,133.9986952304021,131.79798673209257,0,0,3.374416692024738,0.05608593099083237,134.97678358236254,124.21775966644536,4.694854736328125,2.9028369162806746,3.374416692024738,0,0,0
2023-11-08,137.32420349121094,138.057772986195,134.68335629417027,134.73226391207112,9755483,135.02566528320312,134.6344451904297,132.97169494628906,8587321.0,133.360730344137,132.7692695231807,57.63101803054866,0.01702297265624919,3.374416692024738,2.5919395791398188,0.7335694949840672,0.048907617900852074,9396531.0,0.13603334497452702,134.97678358236254,133.02059831305294,0,0,2.2985084042012147,0.5914608209563141,135.90594251563508,124.21775966644536,7.82476806640625,2.965713908549816,2.2985084042012147,0,0,0
2023-11-09,134.9278564453125,136.884041431615,134.5855330274138,136.884041431615,5481774,137.32420349121094,135.02566528320312,134.6344451904297,9755483.0,133.67415556437211,132.96550469791995,51.950708687548975,-0.017450289060309765,2.2985084042012147,-1.9561849863025031,0.0,0.34232341789871157,8127939.0,-0.43808276842879024,135.90594251563508,133.70523451004885,0,0,2.0050924560401597,0.7086508664521602,138.057772986195,124.21775966644536,3.1298675537109375,2.979686444209384,2.0050924560401597,0,0,0
2023-11-10,135.7592315673828,136.05266227976776,134.0475698237276,134.48770843005204,5781314,134.9278564453125,137.32420349121094,135.02566528320312,5481774.0,134.09117076497427,133.21947986787112,60.26788388169762,0.006161626990696778,2.0050924560401597,1.2715231373307745,0.29343071238494645,0.4401386063244388,7829877.3,0.054642894800114084,138.057772986195,134.68335629417027,0,0,5.037170767841985,0.8716908971031501,138.057772986195,126.41846295051664,2.78753662109375,2.885371039310582,5.037170767841985,0,0,0
2023-11-13,140.2584686279297,141.0409456691646,136.00377490132263,136.10157520365937,20245049,135.7592315673828,134.9278564453125,137.32420349121094,5781314.0,135.32463033756537,133.85938793696735,70.98036840517841,0.03314129734384741,5.037170767841985,4.156893424270322,0.7824770412349267,0.09780030233673642,8949173.7,2.5018075475575277,136.884041431615,134.5855330274138,0,0,2.8364623326101537,1.4652424005980151,138.057772986195,127.88557957976664,5.6240234375,2.9307820631413932,2.8364623326101537,1,0,1
2023-11-15,139.9161376953125,142.21464615808074,139.3781838254706,141.33436886161758,11440473,140.2584686279297,135.7592315673828,134.9278564453125,20245049.0,136.2429318091148,134.41000155136237,74.33265229110167,-0.002440714888491402,2.8364623326101537,-1.4182311663050768,0.8802772964631629,0.537953869841914,9283346.6,-0.43490020695924225,136.05266227976776,134.0475698237276,1,0,2.102907851641646,1.8329302577524231,141.0409456691646,127.88557957976664,4.890472412109375,2.756122702601032,2.102907851641646,0,0,1
2023-11-16,139.4759979248047,141.1876598176606,139.08475196601896,140.11175208663397,11453235,139.9161376953125,140.2584686279297,135.7592315673828,11440473.0,136.88954503225278,134.87054667622075,80.62352072959041,-0.0031457398535849057,2.102907851641646,-0.6357541618292828,1.075907731026632,0.3912459587857313,9385475.6,0.0011155133183742283,141.0409456691646,136.00377490132263,0,0,4.597031838766043,2.0189983560320286,142.21464615808074,129.15711201932646,2.15179443359375,2.6827665976001214,4.597031838766043,0,0,1
2023-11-17,142.89932250976562,143.29055354623225,138.6935217074662,139.72052183382533,13496261,139.4759979248047,139.9161376953125,140.2584686279297,11453235.0,138.09150052775536,135.6004353883612,80.75213816811282,0.024544184202980546,4.597031838766043,3.1788006759402947,0.39123103646662116,1.0270001263591269,10246598.2,0.17837982019927123,142.21464615808074,139.3781838254706,0,0,3.521139259165352,2.491065139394152,142.21464615808074,130.37975748768855,7.971466064453125,2.7596160736662108,3.521139259165352,0,0,1
2023-11-20,140.69862365722656,143.5350861705204,140.01394691135505,143.19274779758462,7741502,142.89932250976562,139.4759979248047,139.9161376953125,13496261.0,138.6129251536496,136.06390704916714,74.18701236437522,-0.015400344899386575,3.521139259165352,-2.4941241403580534,0.3423383729357852,0.6846767458715135,10105250.1,-0.4263965404936967,141.1876598176606,139.08475196601896,0,0,2.249615741739916,2.5490181044824567,143.29055354623225,131.79798673209257,4.93939208984375,2.7910556461497498,2.249615741739916,0,0,1
2023-11-21,139.72052001953125,141.38327428968432,139.1336585479444,140.99202833379073,9972235,140.69862365722656,142.89932250976562,139.4759979248047,7741502.0,138.83444412682593,136.39632641010934,69.75308800493053,-0.006951764077509304,2.249615741739916,-1.2715083142594779,0.391245955893595,0.5868614715868432,10395464.7,0.28815247997094096,143.29055354623225,138.6935217074662,0,0,3.2277086956365224,2.43811771671659,143.5350861705204,133.02059831305294,-0.5379486083984375,2.7491380596994923,3.2277086956365224,0,0,0
2023-11-22,138.74244689941406,140.307386168095,137.07967747245848,140.11177062507355,7445272,139.72052001953125,140.69862365722656,142.89932250976562,9972235.0,138.81604468134356,136.60961009095521,69.32520191366555,-0.007000210992490374,3.2277086956365224,-1.3693237256594841,0.19561554302146078,1.6627694269555775,10281259.8,-0.25339986472440734,143.5350861705204,140.01394691135505,0,0,3.3744165077158925,2.2064345903883407,143.5350861705204,133.70523451004885,-1.1736907958984375,2.8050293133765303,3.3744165077158925,0,0,0
2023-11-23,136.29721069335938,139.4271040494363,136.05268754172042,138.74244220974896,13138745,138.74244689941406,139.72052001953125,140.69862365722656,7445272.0,138.31227788374673,136.5812101457192,59.349583699830106,-0.017624283416505127,3.3744165077158925,-2.4452315163895832,0.684661839687351,0.24452315163895832,10619586.0,0.7647098722518129,141.38327428968432,139.1336585479444,0,0,4.694832427274861,1.7310677380275195,143.5350861705204,134.0475698237276,-3.1787872314453125,2.927290880042069,4.694832427274861,0,0,0
2023-11-24,137.27529907226562,139.03585377023956,134.3410213429647,136.8840530869872,19614754,136.29721069335938,138.74244689941406,139.72052001953125,13138745.0,138.10488212145052,136.6443091390416,59.01638505748229,0.007176143766483678,4.694832427274861,0.3912459852784309,1.7605546979739302,2.5430317440224997,12032884.0,0.49289403211646166,140.307386168095,137.07967747245848,0,0,1.3693384005917437,1.4605729824089053,143.5350861705204,134.0475698237276,-5.6240234375,3.105442589253879,1.3693384005917437,1,0,0
2023-11-28,138.2044677734375,138.6935140041117,137.32417560351996,138.54679118020553,8595693,137.27529907226562,136.29721069335938,138.74244689941406,19614754.0,138.12479925184792,136.7861417421685,57.716671361127624,0.006768651807363746,1.3693384005917437,-0.3423234067680312,0.14672282390617397,0.8802921699175386,12314321.9,-0.5617741114673169,139.4271040494363,136.05268754172042,0,0,2.1028933516234645,1.3386575096794218,143.5350861705204,134.0475698237276,-2.4941558837890625,3.063524955774032,2.1028933516234645,0,0,0
2023-11-29,137.91107177734375,139.52491877514686,137.4220254235234,138.9380721052686,14680789,138.2044677734375,137.27529907226562,136.29721069335938,8595693.0,138.0820537569471,136.8884081090026,56.26334826042025,-0.002122912528231158,2.1028933516234645,-1.0270003279248385,0.5868466698782697,0.4890463538203562,11757895.9,0.7079238404628923,139.03585377023956,134.3410213429647,0,0,5.477323961934417,1.1936456479444928,143.5350861705204,134.3410213429647,-1.8094482421875,3.0565381947766923,5.477323961934417,0,0,0
2023-11-30,142.7036895751953,143.14384313916872,137.6665191772343,137.91104230188307,27591484,137.91107177734375,138.2044677734375,137.27529907226562,14680789.0,139.00638092059674,137.41707006047466,60.53638587170922,0.03475150860685927,5.477323961934417,4.792647273312241,0.44015356397341066,0.24452312464876513,13372997.0,0.8794278699870968,138.6935140041117,137.32417560351996,0,0,3.472231496681644,1.5893108601220831,143.5350861705204,134.3410213429647,3.96124267578125,3.206745856913098,3.472231496681644,1,0,0
2023-12-01,144.21974182128906,147.00731152590154,143.5350800292199,144.70878809055387,34466616,142.7036895751953,137.91107177734375,138.2044677734375,27591484.0,140.04905310073522,138.03549476600324,68.8492875409903,0.010623777497321685,3.472231496681644,-0.4890462692648043,2.2985234353476756,0.6846617920691642,15674335.1,0.24917586890215837,139.52491877514686,137.4220254235234,1,0,5.770739975786199,2.0135583347319823,143.5350861705204,134.3410213429647,7.9225311279296875,3.2905832206617,5.770739975786199,1,0,0
2023-12-04,150.1861114501953,154.04957397123914,148.27883399545294,148.67006503891017,51416976,144.21974182128906,142.7036895751953,137.91107177734375,34466616.0,142.07646477062724,139.14009628274798,74.22012369815683,0.04136999244042139,5.770739975786199,1.5160464112851457,3.8634625210438287,0.3912310434572248,19466406.6,0.4917906649147106,143.14384313916872,137.6665191772343,1,0,5.037185302737953,2.936368487879264,147.00731152590154,134.3410213429647,12.910812377929688,3.559558043500703,5.037185302737953,1,0,1
2023-12-05,148.67005920410156,151.70215190767226,146.6649666049343,150.33281346029867,29109123,150.1861114501953,144.21974182128906,142.7036895751953,51416976.0,143.39518365732212,140.00645654832556,65.69346972286718,-0.010094490305759707,5.037185302737953,-1.662754256197104,1.3693384473735932,2.0050925991672557,21603168.7,-0.4338616296687693,147.00731152590154,143.5350800292199,0,0,5.183878423425199,3.3887271089965623,154.04957397123914,134.3410213429647,10.465591430664062,3.5595590817075577,5.183878423425199,0,0,0
2023-12-06,152.72914123535156,153.7072337566782,148.523355333253,149.25692472424797,26688698,148.67005920410156,150.1861114501953,144.21974182128906,29109123.0,145.261975172928,141.1630642471461,70.99363325488031,0.027302619323487987,5.183878423425199,3.4722165111035963,0.97809252132663,0.7335693909949725,23274815.0,-0.0831500488695589,154.04957397123914,148.27883399545294,0,0,3.4722314617308996,4.098910925781894,154.04957397123914,134.3410213429647,14.818069458007812,3.7272316596229182,3.4722314617308996,0,0,1
2023-12-07,156.83714294433594,158.2553741260267,154.7831426642958,158.2553741260267,51346222,152.72914123535156,148.67005920410156,150.1861114501953,26688698.0,147.5770087272096,142.5879804923452,75.39347408829175,0.026897301168308463,3.4722314617308996,-1.4182311816907713,0.0,2.0540002800401282,27664910.0,0.9238938519968265,151.70215190767226,146.6649666049343,1,0,4.939370170479094,4.989028234864406,154.04957397123914,134.3410213429647,14.133453369140625,3.8250404889150076,4.939370170479094,1,0,1
2023-12-08,155.27218627929688,158.79332529228387,153.85395512180477,157.81523278028828,22869782,156.83714294433594,152.72914123535156,148.67005920410156,51346222.0,149.11604423762705,143.7410901093408,69.13769583339234,-0.009978227323322875,4.939370170479094,-2.5430465009914087,0.9780925119955839,1.4182311574921016,28638013.7,-0.5545965971946291,153.7072337566782,148.523355333253,1,0,4.010185394236856,5.374954128286248,158.2553741260267,134.3410213429647,11.052444458007812,3.8494932268945115,4.010185394236856,0,0,0
2023-12-11,157.71742248535156,159.6736075704412,155.66342217620434,156.29919128356315,22941648,155.27218627929688,156.83714294433594,152.72914123535156,22869782.0,150.83631988717195,145.01166577988724,76.12614638497547,0.015748063221421305,4.010185394236856,1.4182312017884158,1.9561850850896292,0.6357691073588114,28970703.1,0.00314239987071141,158.2553741260267,154.7831426642958,0,0,2.738662084676662,5.824654107284715,158.79332529228387,134.3410213429647,7.53131103515625,3.884425093685333,2.738662084676662,0,0,1
2023-12-12,157.27728271484375,159.2334677861117,156.49480570143504,158.8911294288367,16306341,157.71742248535156,155.27218627929688,156.83714294433594,22941648.0,152.1245124527063,146.12672186488328,77.40463396974201,-0.00279068579470787,2.738662084676662,-1.613846713992956,0.34233835727499695,0.7824770134087089,29741767.9,-0.2892253860751416,158.79332529228387,153.85395512180477,0,0,4.401415670761708,5.997790587823033,159.6736075704412,137.32417560351996,8.607223510742188,3.919356975323672,4.401415670761708,0,0,1
2023-12-13,159.2823486328125,160.30933368305276,155.90791801229105,156.69039489421638,16804086,157.27728271484375,157.71742248535156,155.27218627929688,16306341.0,153.55607968872755,147.322687934695,81.06508629940667,0.012748604778505035,4.401415670761708,2.5919537385961178,1.0269850502402562,0.7824768819253336,29954097.6,0.0305246284252243,159.6736075704412,155.66342217620434,0,0,1.7116619900959051,6.233391754032539,159.6736075704412,137.4220254235234,6.5532073974609375,4.003193187832614,1.7116619900959051,0,0,1
2023-12-14,160.4071807861328,160.74951915395525,159.03785716385934,159.5269034467439,13887946,159.2823486328125,157.27728271484375,157.71742248535156,16804086.0,154.92629990820862,148.51218728482573,87.9815446832794,0.007061875738116674,1.7116619900959051,0.8802773393889254,0.34233836782243543,0.4890462828845443,28583743.8,-0.17353755509225555,159.2334677861117,156.49480570143504,0,0,4.841555402733974,6.414112623382891,160.30933368305276,137.6665191772343,3.570037841796875,3.884425008002615,4.841555402733974,0,0,1
2023-12-15,165.3465576171875,166.4713581414812,161.62980273874723,162.3633721914193,39766631,160.4071807861328,159.2823486328125,157.27728271484375,13887946.0,157.0103514500044,150.0425845877677,89.31510502817079,0.03079274136511545,4.841555402733974,2.9831854257681982,1.124800524293704,0.7335694526720715,29113745.3,1.863391821944008,160.30933368305276,155.90791801229105,1,0,4.7926620110959846,6.967766862236715,160.74951915395525,143.5350800292199,10.074371337890625,3.8949052205354087,4.7926620110959846,0,0,1
2023-12-18,168.91656494140625,170.53042645591566,165.73776444481967,167.9873800888438,35901409,165.3465576171875,160.4071807861328,159.2823486328125,39766631.0,159.39159414828478,151.758400983553,90.05105208363182,0.0215910592616273,4.7926620110959846,0.9291848525624573,1.6138615145094093,2.249615644024118,27562188.6,-0.09719762280088551,160.74951915395525,159.03785716385934,1,0,3.2276936208791938,7.633193164731779,166.4713581414812,146.6649666049343,11.199142456054688,4.139428335571425,3.2276936208791938,0,0,1
2023-12-19,169.25892639160156,170.57934243891344,167.35164881803425,169.11220354778342,14732129,168.91656494140625,165.3465576171875,160.4071807861328,35901409.0,161.36506059694815,153.34935783883014,90.82798973106242,0.0020268080298344593,3.2276936208791938,0.14672284381813938,1.3204160473118804,1.760554729749174,26124489.2,-0.589650395058311,166.4713581414812,161.62980273874723,1,0,9.927648597486012,8.01570275811801,170.53042645591566,146.6649666049343,11.981643676757812,4.219771211946835,9.927648597486012,0,0,1
2023-12-20,163.5859832763672,172.43772407084208,162.51007547335607,169.94358501804962,24511237,169.25892639160156,168.91656494140625,165.3465576171875,14732129.0,161.80924513283196,154.2799601513335,76.58777679775258,-0.033516360030012904,9.927648597486012,-6.35760174168243,2.4941390527924625,1.0759078030111198,25906743.1,0.6637946219450019,170.53042645591566,165.73776444481967,0,0,7.629124695588416,7.529284981498449,170.57934243891344,148.523355333253,4.3036346435546875,4.537651543057663,7.629124695588416,0,0,1
2023-12-21,166.91148376464844,168.08520673666786,160.45608204107944,161.3852669568385,22646625,163.5859832763672,169.25892639160156,168.91656494140625,24511237.0,162.82969285919526,155.4282804798167,77.61901542745116,0.020328761802672624,7.629124695588416,5.526216807809931,1.1737229720194193,0.9291849157590661,23036783.4,-0.07607172171685994,170.57934243891344,167.35164881803425,0,0,5.72184739834006,7.40141237937857,172.43772407084208,153.85395512180477,6.504302978515625,4.834572485836718,5.72184739834006,0,0,1
2023-12-22,170.9705810546875,171.4107197181349,165.68887231979485,168.18301131200738,19640046,166.91148376464844,163.5859832763672,169.25892639160156,22646625.0,164.45787049829372,156.84121689571404,76.52931051071218,0.024318861701346783,5.72184739834006,2.7875697426801196,0.4401386634474136,2.4941389922125268,22713809.8,-0.13276057690715504,172.43772407084208,162.51007547335607,0,0,6.357601279742369,7.6166536025796745,172.43772407084208,153.85395512180477,5.6240234375,4.83108015887628,6.357601279742369,0,0,1
2023-12-26,177.96392822265625,180.45806709422587,174.1004658144835,174.1004658144835,52736391,170.9705810546875,166.91148376464844,163.5859832763672,19640046.0,167.15908204316622,158.7614633799815,82.8039227948803,0.04090380417980688,6.357601279742369,3.863462408172751,2.4941388715696178,0.0,25693284.1,1.6851460022038647,168.08520673666786,160.45608204107944,1,0,5.672924819316819,8.397618663184716,172.43772407084208,155.66342217620434,9.04736328125,4.925395585805167,5.672924819316819,1,0,1
2023-12-27,176.2522735595703,180.84930553448572,175.1763807151689,179.96902821411112,26206240,177.96392822265625,170.9705810546875,166.91148376464844,52736391.0,168.97772034644706,160.3515370326714,77.80346407977672,-0.009617986522214905,5.672924819316819,-3.7167546545408072,0.8802773203746028,1.0758928444014089,26683274.0,-0.5030710387443843,171.4107197181349,165.68887231979485,1,0,3.374415809317071,8.62618331377567,180.45806709422587,155.90791801229105,6.99334716796875,4.960327471225996,3.374415809317071,0,0,1
2023-12-28,178.69747924804688,180.2135254593359,176.83910965001883,177.52377134800253,20453485,176.2522735595703,177.96392822265625,170.9705810546875,26206240.0,170.92167212676702,162.01934996134187,76.89528096975067,0.013873328491561976,3.374415809317071,1.1737079000443487,1.516046211289023,0.6846616979836995,27048213.9,-0.2195185192534297,180.45806709422587,174.1004658144835,0,0,4.010170447072994,8.902322165425147,180.84930553448572,155.90791801229105,15.111495971679688,4.953340638910723,4.010170447072994,0,0,1
2023-12-29,180.1646423339844,181.1427348710033,177.13256442393032,178.94202666271073,19305150,178.69747924804688,176.2522735595703,177.96392822265625,20453485.0,172.7702661682105,163.66892199521845,80.69964274907076,0.008210317751046636,4.010170447072994,1.2226156712736724,0.9780925370189095,1.8094622387804122,27589934.3,-0.05614373296286668,180.84930553448572,175.1763807151689,0,0,2.4941391216832187,9.101344172992043,180.84930553448572,159.03785716385934,13.253158569335966,4.8869692300960015,2.4941391216832187,0,0,1
2024-01-01,180.89822387695312,182.90331669730665,180.40917757562343,180.7515159563577,18008785,180.1646423339844,178.69747924804688,176.2522735595703,19305150.0,174.39585770995905,165.23522216628524,79.84887501124851,0.004071728689188703,2.4941391216832187,0.14670792059541782,2.005092820353525,0.3423383807342759,25414149.7,-0.06715125238602138,180.2135254593359,176.83910965001883,1,0,6.308694286409519,9.160635543673806,181.1427348710033,160.45608204107944,9.927642822265625,4.7786802106278845,6.308694286409519,0,0,1
2024-01-02,178.15956115722656,182.12083917295163,175.81214488654211,181.9252236378127,22790965,180.89822387695312,180.1646423339844,178.69747924804688,18008785.0,175.14859839941255,166.41016207455263,75.3864429882278,-0.015139246041406151,6.308694286409519,-3.765662480586144,0.19561553513892704,2.347416270684448,24103105.3,0.26554706494635805,181.1427348710033,177.13256442393032,0,0,4.010170418693519,8.738436324859919,182.90331669730665,160.45608204107944,0.1956329345703125,5.03368251075166,4.010170418693519,0,0,1
2024-01-03,178.3551788330078,180.65368732403144,176.64351690533792,178.3551788330078,18738690,178.15956115722656,180.89822387695312,180.1646423339844,22790965.0,175.7899144861316,167.49607268895764,74.25374481000514,0.001097991455022873,4.010170418693519,0.0,2.2985084910236253,1.7116619276698941,24503761.4,-0.17780181751847712,182.90331669730665,180.40917757562343,0,0,5.037170789190611,8.293841797173968,182.90331669730665,160.45608204107944,2.1029052734375,5.005736421318218,5.037170789190611,0,0,1
2024-01-04,182.8054962158203,183.53906564674176,178.50189485755115,178.50189485755115,25403124,178.3551788330078,178.15956115722656,180.89822387695312,18738690.0,177.19303083206935,168.88783846412696,76.2614624735041,0.024951994172141667,5.037170789190611,4.303601358269162,0.7335694309214489,0.0,24592950.1,0.3556510086884408,182.12083917295163,175.81214488654211,0,0,4.499216913041721,8.305192367942396,182.90331669730665,160.45608204107944,4.1080169677734375,5.2432727641106975,4.499216913041721,0,0,1
2024-01-05,181.87631225585935,184.51715923680905,180.01794232376733,183.587974270763,22023938,182.8054962158203,178.3551788330078,178.15956115722656,25403124.0,178.12968711682737,170.0686088088299,71.3923995639741,-0.005082910411314812,4.499216913041721,-1.711662014903652,0.9291849660460514,1.8583699320920175,24530681.4,-0.1330224581827023,180.65368732403144,176.64351690533792,0,0,4.205801100158709,8.061078307997462,183.53906564674176,160.45608204107944,1.7116699218749432,5.218820014846965,4.205801100158709,0,0,1
2024-01-08,179.5778045654297,183.39235967690595,179.18655857674725,182.65879023819835,11472441,181.87631225585935,182.8054962158203,178.3551788330078,22023938.0,178.41931060654784,170.93308115033898,64.26705371287058,-0.012637751788128204,4.205801100158709,-3.080985672768662,0.7335694387076046,0.3912459886824422,23713920.9,-0.47909220412807196,183.53906564674176,178.50189485755115,0,0,2.445231151035813,7.486229456208861,184.51715923680905,165.68887231979485,-1.3204193115234375,5.176901378351445,2.445231151035813,0,0,0
2024-01-09,180.60476684570312,182.6098593744538,180.164628223418,180.84928996080671,11550790,179.5778045654297,181.87631225585935,182.8054962158203,11472441.0,178.8564018543789,171.812325304463,64.91000390215028,0.005718759524645289,2.445231151035813,-0.24452311510358982,1.7605694136470902,0.4401386222851329,19595360.8,0.0068293225478344155,184.51715923680905,180.01794232376733,0,0,3.8634628713390384,7.0440765499159,184.51715923680905,174.1004658144835,2.4452056884765625,5.121011201934061,3.8634628713390384,0,0,0
2024-01-10,181.53399658203125,181.9252276609609,178.06176478962186,180.3602734962243,8701594,180.60476684570312,179.5778045654297,181.87631225585935,11550790.0,179.39192079990937,172.69611360242374,76.94570682021961,0.005145100832925298,3.8634628713390384,1.1737230858069552,0.3912310789296498,2.2985087066024334,17844896.2,-0.2466667647840537,183.39235967690595,179.18655857674725,0,0,3.7656474314478317,6.695807197485635,184.51715923680905,175.1763807151689,3.1788177490234375,4.687855078637848,3.7656474314478317,0,0,1
2024-01-11,180.31137084960935,183.53906438384803,179.7734169524002,182.90331018456055,10942508,181.53399658203125,180.60476684570312,179.5778045654297,8701594.0,179.57581080984937,173.38840971580424,71.4733819803315,-0.006734968410555653,3.7656474314478317,-2.5919393349512063,0.6357541992874758,0.5379538972091495,16893798.5,0.25752913776487385,182.6098593744538,180.164628223418,0,0,2.3474161180715782,6.1874010940451285,184.51715923680905,175.81214488654211,-2.494125366210966,4.411892416913521,2.3474161180715782,0,0,1
2024-01-12,179.47998046875,181.43616554197888,179.0887494239073,181.2894576312898,8853157,180.31137084960935,181.53399658203125,180.60476684570312,10942508.0,179.5566447416295,173.94218887516294,65.20977838482972,-0.004610859409153845,2.3474161180715782,-1.8094771625397925,0.14670791068908784,0.3912310448426979,15848599.2,-0.19093895110700398,181.9252276609609,178.06176478962186,0,0,5.672924767112761,5.614455866466557,184.51715923680905,175.81214488654211,-2.3963317871093466,4.170861611180058,5.672924767112761,0,0,0
2024-01-15,184.51715087890625,185.73976654845777,180.066841781345,180.84930387025184,24570393,179.47998046875,180.31137084960935,181.53399658203125,8853157.0,180.54874596908485,174.9035490573214,62.59398452143844,0.028065360810718865,5.672924767112761,3.6678470086544053,1.2226156695515158,0.7824620889068399,16504760.0,1.7753255703022095,183.53906438384803,179.7734169524002,0,0,5.037170974558677,5.645196911763435,184.51715923680905,175.81214488654211,4.9393463134765625,4.121956145992229,5.037170974558677,0,0,0
2024-01-16,182.70770263671875,186.0821191582344,181.04494818367573,184.76168816418055,16471601,184.51715087890625,179.47998046875,180.31137084960935,24570393.0,180.98053730261162,175.61301756453935,62.359587654406106,-0.009806395955978098,5.037170974558677,-2.053985527461805,1.3204309940538508,1.6627544530430214,15872823.6,-0.3296158917767412,181.43616554197888,179.0887494239073,0,0,4.597032248313212,5.367519738072275,185.73976654845777,175.81214488654211,2.102935791015625,4.0765451570809335,4.597032248313212,0,0,0
2024-01-17,181.5828857421875,184.3704556300043,179.7734233816911,182.21865488872032,16350370,182.70770263671875,184.51715087890625,179.47998046875,16471601.0,181.1010069905268,176.15573285341645,55.81860051792554,-0.006156373695791806,4.597032248313212,-0.635769146532823,2.151800741283978,1.8094623604964113,15633991.6,-0.007360001010223605,185.73976654845777,180.066841781345,0,0,8.8028327674798,4.945274137110346,186.0821191582344,176.64351690533792,0.04888916015625,4.1638749027235145,8.8028327674798,0,0,0
2024-01-18,184.07701110839844,184.85948811707593,176.05665534959613,181.58287217271095,24831623,181.5828857421875,182.70770263671875,184.51715087890625,16350370.0,181.69620781410114,176.87584905841481,57.5757557850597,0.013735464969711453,8.8028327674798,2.494138935687488,0.782477008677489,5.526216823114822,15576841.5,0.5187193317337773,186.0821191582344,181.04494818367573,0,0,3.618939204452033,4.820358755686328,186.0821191582344,178.06176478962186,3.765640258789091,4.506207925609715,3.618939204452033,1,0,0
2024-01-19,187.6470489501953,189.45651109016788,185.83757188571585,185.83757188571585,22303305,184.07701110839844,181.5828857421875,182.70770263671875,24831623.0,182.88637604131998,177.85504904857666,61.77472676380903,0.019394262326948297,3.618939204452033,1.8094770644794664,1.8094621399725668,0.0,15604778.2,-0.10181847557849921,184.3704556300043,179.7734233816911,1,0,10.856832789321714,5.031326992743317,186.0821191582344,176.05665534959613,8.167068481445312,4.58655078866463,10.856832789321714,0,0,0
2024-01-23,183.00111389160156,191.21708497440747,180.36025218508576,190.97256184784175,26628471,187.6470489501953,184.07701110839844,181.5828857421875,22303305.0,182.9093236113763,178.3228731252153,57.91999728425285,-0.0247589028689007,10.856832789321714,-7.971447956240183,0.24452312656572417,2.640861706515807,17120381.2,0.1939248914006242,184.85948811707593,176.05665534959613,0,0,6.064170458790812,4.586450486160999,189.45651109016788,176.05665534959613,-1.5160369873046875,4.9114178245869295,6.064170458790812,1,0,0
2024-01-24,185.10400390625,186.0331887877208,179.96901832893,182.7076802884021,14742783,183.00111389160156,187.6470489501953,184.07701110839844,26628471.0,183.34825967035104,178.9393395598548,60.39155557915481,0.011491132321161945,6.064170458790812,2.396323617847912,0.9291848814708032,2.738661959472097,17439580.5,-0.44635262760674466,189.45651109016788,185.83757188571585,0,0,3.6189392536233242,4.40892011049624,191.21708497440747,176.05665534959613,2.39630126953125,5.058132113165308,3.6189392536233242,0,0,0
2024-01-25,185.5441436767578,187.79375940452596,184.17482015090263,186.57114378340273,12592882,185.10400390625,183.00111389160156,187.6470489501953,14742783.0,183.78743647163242,179.53977629775508,54.810981088459,0.002377797136850379,3.6189392536233242,-1.0270001066449197,1.222615621123225,1.3693235258551795,17828709.3,-0.14582735159297944,191.21708497440747,180.36025218508576,0,0,6.015263314661013,4.247660173877335,191.21708497440747,176.05665534959613,3.9612579345703125,4.956829860624787,6.015263314661013,0,0,0
2024-01-29,186.7178649902344,189.45652716155877,183.44126384689775,185.83758765011603,28919512,185.5441436767578,185.10400390625,183.00111389160156,12592882.0,184.37352217535283,180.1923298152532,58.4327038890325,0.006325833250341528,6.015263314661013,0.8802773401183686,2.738662171324364,2.39632380321828,19626409.7,1.296496703455174,186.0331887877208,179.96901832893,0,0,5.23280112424834,4.1811923600996295,191.21708497440747,176.05665534959613,2.640853881835966,5.06511888931188,5.23280112424834,0,0,0
2024-01-30,183.78358459472656,188.13610839176857,182.90330726752023,187.79377002868392,20894159,186.7178649902344,185.5441436767578,185.10400390625,28919512.0,184.25553465922758,180.51880752247806,57.16663685226477,-0.01571504898934717,5.23280112424834,-4.010185433957361,0.34233836308465015,0.8802773272063291,20830509.9,-0.277506515324325,187.79375940452596,184.17482015090263,0,0,4.15689284012285,3.736727136749522,191.21708497440747,176.05665534959613,-3.86346435546875,5.13847603388971,4.15689284012285,0,0,0
2024-01-31,181.8273773193359,184.9572850444451,180.80039220432224,184.07699290006835,23757415,183.78358459472656,186.7178649902344,185.5441436767578,20894159.0,183.76990319124926,180.6377684131015,52.0193738920221,-0.010644080534746414,4.15689284012285,-2.2496155807324385,0.8802921443767389,1.026985115013673,20749212.1,0.13703619274649914,189.45652716155877,183.44126384689775,0,0,6.699924589689658,3.1321347781477584,191.21708497440747,176.05665534959613,-1.1737365722656534,5.260737583110213,6.699924589689658,0,0,0
2024-02-01,179.3821563720703,184.2726188132337,177.57269422354403,183.5879570563722,27835431,181.8273773193359,183.78358459472656,186.7178649902344,23757415.0,182.89235382741347,180.52362186391684,46.61532723487575,-0.013448035072139652,6.699924589689658,-4.205800684301892,0.6846617568614874,1.8094621485262792,21885595.1,0.17165234517307537,188.13610839176857,182.90330726752023,0,0,3.8145547002481806,2.3687319634966286,191.21708497440747,176.05665534959613,-5.7218475341796875,5.463341991563829,3.8145547002481806,0,0,0
2024-02-02,180.55587768554688,183.6368630261699,179.8223083259217,180.94710870754423,27710061,179.3821563720703,181.8273773193359,183.78358459472656,27835431.0,182.42505859904017,180.52655421133775,50.38518230776706,0.006543133036276183,3.8145547002481806,-0.39123102199735627,2.68975431862566,0.7335693596251645,23021564.2,-0.0045039719341870565,184.9572850444451,180.80039220432224,0,0,8.020356046708628,1.8985043877024168,191.21708497440747,176.05665534959613,-4.9882659912109375,5.466835367906711,8.020356046708628,0,0,0
2024-02-05,177.5727081298828,182.9033096233075,174.88295357659888,182.9033096233075,23880364,180.55587768554688,179.3821563720703,181.8273773193359,27710061.0,181.4545885052087,180.2580227493873,47.1861573212587,-0.016522140369528704,8.020356046708628,-5.330601493424695,0.0,2.689754553283933,22926438.3,-0.1382060111668466,184.2726188132337,177.57269422354403,0,0,2.787569869626452,1.1965657558214104,191.21708497440747,176.05665534959613,-9.145156860351591,5.872045362809358,2.787569869626452,0,0,0
2024-02-06,179.08876037597656,179.52889905946796,176.7413291898415,178.4040836188693,12134363,177.5727081298828,180.55587768554688,179.3821563720703,23880364.0,180.9814228793623,180.15172616998632,41.06283785515144,0.008537642197723683,2.787569869626452,0.6846767571072689,0.44013868349139784,1.6627544290277854,21909544.1,-0.4918685912827795,183.6368630261699,179.8223083259217,0,1,4.401416296135068,0.8296967093759804,191.21708497440747,174.88295357659888,-4.69482421875,5.665948584417478,4.401416296135068,0,0,0
2024-02-07,177.7194061279297,180.11572979314622,175.71431349701115,180.11572979314622,14192151,179.08876037597656,177.5727081298828,180.55587768554688,12134363.0,180.3290195290758,179.930606166163,41.666636927081775,-0.007646232210061998,4.401416296135068,-2.396323665216528,0.0,2.00509263091854,20665912.1,0.16958352078308514,182.9033096233075,174.88295357659888,0,0,5.232801239545751,0.39841336291280527,191.21708497440747,174.88295357659888,-4.107971191406222,5.620537535958649,5.232801239545751,0,0,0
2024-02-08,180.7515106201172,183.0011265247212,177.76832528517545,178.2084639584764,29094709,177.7194061279297,179.08876037597656,177.5727081298828,14192151.0,180.4135177472841,180.0052338437952,48.694323945693846,0.01706118964861303,5.232801239545751,2.543046661640801,2.2496159046040134,0.44013867330093603,22101104.7,1.0500563304322226,179.52889905946796,176.7413291898415,0,0,9.032662858302928,0.40828390348889343,189.45652716155877,174.88295357659888,1.369354248046875,5.665949606760973,9.032662858302928,0,0,0
2024-02-09,177.36424255371094,182.3223936549072,173.28973079660426,182.12603434997217,21081134,180.7515106201172,177.7194061279297,179.08876037597656,29094709.0,179.80366270856948,179.7651437265148,39.745268065268085,-0.018739915670885954,9.032662858302928,-4.761791796261235,0.1963593049350152,4.074511757106677,22949929.9,-0.27543066335532007,180.11572979314622,175.71431349701115,0,0,9.27813071035618,0.03851898205468274,189.45652716155877,174.88295357659888,-3.1916351318359375,5.682366041819768,9.27813071035618,0,0,0
2024-02-12,171.47337341308594,179.76969261811382,170.49156190775764,177.9533353407546,19640568,177.36424255371094,180.7515106201172,177.7194061279297,21081134.0,178.13760484947278,179.011346425294,26.92832434663218,-0.033213397784173315,9.27813071035618,-6.479961927668654,1.8163572773592307,0.9818115053282952,22022035.5,-0.06833436948885196,183.0011265247212,177.76832528517545,0,0,5.05632300045815,-0.8737415758212137,189.45652716155877,173.28973079660426,-6.099334716796875,6.086594006527207,5.05632300045815,0,1,0
2024-02-13,173.38790893554688,173.68244038702684,168.6261173865687,171.5715517513996,13961795,171.47337341308594,177.36424255371094,180.7515106201172,19640568.0,177.1876656666876,178.50012483531697,35.12787210004474,0.011165205911291887,5.05632300045815,1.8163571841472788,0.29453145147996906,2.945434364830902,21328799.1,-0.2891348661606935,182.3223936549072,173.28973079660426,0,0,6.725399490529554,-1.312459168629374,188.13610839176857,170.49156190775764,-5.7008514404296875,5.672271878751238,6.725399490529554,0,0,0
2024-02-14,178.29696655273438,178.83695086898746,172.1115513784579,174.0260807230246,23449380,173.38790893554688,171.47337341308594,177.36424255371094,13961795.0,177.40952584389694,178.48165590053674,40.31046073888858,0.028312571778072115,6.725399490529554,4.270885829709783,0.5399843162530829,1.914529344566688,21297995.6,0.6795390564035642,179.76969261811382,170.49156190775764,0,0,3.632699760809885,-1.0721300566397929,184.9572850444451,168.6261173865687,0.5775604248046875,5.719502523875434,3.632699760809885,0,0,0
2024-02-15,182.56785583496097,182.91149587204995,179.27879611124007,179.67151474112288,17335763,178.29696655273438,173.38790893554688,171.47337341308594,23449380.0,178.44119184210976,178.85312862184801,46.17998080726978,0.02395379666183728,3.632699760809885,2.896341093838089,0.3436400370889885,0.3927186298828076,20248028.8,-0.26071550719038206,173.68244038702684,168.6261173865687,1,0,3.4854188091770766,-0.41193677973825515,184.2726188132337,168.6261173865687,1.8163452148437784,5.720485417245903,3.4854188091770766,0,0,0
2024-02-16,184.87510681152344,186.9369019545396,183.45148314536252,185.56237185919548,29843059,182.56785583496097,178.29696655273438,173.38790893554688,17335763.0,179.7279748359925,179.40058118454579,47.70172231426722,0.012637772219049381,3.4854188091770766,-0.6872650476720423,1.374530095344113,1.4236236661609212,20461328.6,0.7214736380510047,178.83695086898746,172.1115513784579,1,0,4.123605402186513,0.3273936514467266,183.6368630261699,168.6261173865687,7.5108642578125,5.539782238282764,4.123605402186513,0,0,0
2024-02-19,185.31692504882812,188.99871826171875,184.87511285953224,186.49509588070217,25343215,184.87510681152344,182.56785583496097,178.29696655273438,29843059.0,180.84576487855963,179.93843062675327,52.03915111702924,0.0023898200516261348,4.123605402186513,-1.1781708318740414,2.5036223810165836,0.44181218929588795,20607613.7,-0.1507836043215275,182.91149587204995,179.27879611124007,1,0,5.10541725554404,0.9073342518063612,186.9369019545396,168.6261173865687,13.843551635742188,5.460553972421205,5.10541725554404,0,0,0
2024-02-20,187.182373046875,187.96782531263312,182.86240805708908,185.66057707220995,17809897,185.31692504882812,184.87510681152344,182.56785583496097,25343215.0,182.1130865122227,180.59697084676432,57.13870750023498,0.010066258101117054,5.10541725554404,1.5217959746650536,0.7854522657581242,2.7981690151208625,21175167.1,-0.29725186800490777,186.9369019545396,183.45148314536252,0,0,5.449056680423666,1.5161156654583863,188.99871826171875,168.6261173865687,13.794464111328125,5.528305716379862,5.449056680423666,0,0,0
2024-02-21,185.267822265625,189.04780243543576,183.5987457550121,187.8205380921536,17870782,187.182373046875,185.31692504882812,184.87510681152344,17809897.0,182.74403366290318,181.02159370302437,57.95874574179877,-0.010228264286245348,5.449056680423666,-2.552715826528612,1.227264343282144,1.6690765106129106,21543030.2,0.003418604835277783,188.99871826171875,184.87511285953224,0,0,7.167227117344709,1.7224399598788125,188.99871826171875,168.6261173865687,6.970855712890625,5.438958008575148,7.167227117344709,0,0,0
2024-02-22,191.20779418945312,192.43505859375,185.2678314764053,186.2987365722656,31992371,185.267822265625,187.182373046875,185.31692504882812,17870782.0,184.43678576821318,181.94761192906333,62.75912716138829,0.03206154123899507,7.167227117344709,4.909057617187528,1.227264404296875,1.0309050958603052,21832796.4,0.7902054314131302,187.96782531263312,182.86240805708908,0,0,10.849020004709274,2.4891738391498563,189.04780243543576,168.6261173865687,8.639938354492159,5.678434609796328,10.849020004709274,0,0,0
2024-02-23,201.56590270996097,203.2349792534729,192.3859592487636,192.72959926415777,76179371,191.20779418945312,185.267822265625,187.182373046875,31992371.0,187.86260915656274,183.73109290914493,74.42439304742231,0.05417199944393891,10.849020004709274,8.836303445803196,1.6690765435119204,0.34364001539415767,27342620.1,1.381173030282751,189.04780243543576,183.5987457550121,1,0,4.025418257340817,4.131516247417807,192.43505859375,168.6261173865687,16.69079589843753,5.880482035367804,4.025418257340817,1,0,1
2024-02-26,200.53500366210935,203.1367982067168,199.111379949376,201.9095338024199,27013630,201.56590270996097,191.20779418945312,185.267822265625,76179371.0,190.39708805767208,185.25872115941442,72.04946103970462,-0.00511445157138013,4.025418257340817,-1.3745301403105543,1.2272644042969034,1.4236237127333595,28079926.3,-0.6453944204921304,192.43505859375,185.2678314764053,1,0,5.792682086650132,5.138366898257658,203.2349792534729,168.6261173865687,15.218078613281222,5.968899777347401,5.792682086650132,0,0,1
2024-02-27,201.6150054931641,205.19861161742563,199.4059295307755,199.8477417270022,28877205,200.53500366210935,201.56590270996097,191.20779418945312,27013630.0,192.6406715447705,186.7456560988462,74.71475844898285,0.005385602569786263,5.792682086650132,1.7672637661619035,3.583606124261536,0.4418121962266923,29571467.3,0.0689864709037622,203.2349792534729,192.3859592487636,0,0,7.412679882089634,5.895015445924287,203.2349792534729,168.6261173865687,14.432632446289091,6.068275905241334,7.412679882089634,0,0,1
2024-02-28,201.90953063964844,205.19860518414495,197.78592530205532,202.44952996533135,38996363,201.6150054931641,200.53500366210935,201.56590270996097,28877205.0,194.4944433637461,188.12419014801006,73.1969410950681,0.0014608294941336197,7.412679882089634,-0.5399993256829134,2.7490752188136014,4.123605337593119,31126165.6,0.350420270936886,203.1367982067168,199.111379949376,0,0,6.038135429015455,6.370253215736028,205.19861161742563,172.1115513784579,16.641708374023438,6.223981522565897,6.038135429015455,0,0,1
2024-02-29,201.36956787109375,202.15500517669267,196.1168697476772,201.7131929469792,24059731,201.90953063964844,201.6150054931641,200.53500366210935,38996363.0,195.86946826521563,189.32831539556312,78.07122380745562,-0.002674280737734791,6.038135429015455,-0.34362507588545554,0.441812229713463,5.252698123416536,31798562.4,-0.3830262837588213,205.19861161742563,199.4059295307755,0,0,3.190887501167026,6.541152869652507,205.19861161742563,179.27879611124007,10.161773681640625,6.01008670618822,3.190887501167026,0,0,1
2024-03-01,201.86045837402344,204.26589364788293,201.0750061467159,202.20408342385755,12949604,201.36956787109375,201.90953063964844,201.6150054931641,24059731.0,197.06766628697721,190.4676011208777,90.67021526879178,0.0024377591317270575,3.190887501167026,-0.3436250498341167,2.061810224025379,0.7854522273075304,30109216.9,-0.46177270228000467,205.19860518414495,197.78592530205532,0,0,6.479946685049043,6.600065166099512,205.19861161742563,182.86240805708908,0.2945556640624716,5.575283619817567,6.479946685049043,0,0,1
2024-03-04,205.7876892089844,209.07674863041905,202.59680194537,204.16769130178156,34272251,201.86045837402344,201.36956787109375,201.90953063964844,12949604.0,198.81167087137865,191.86033640161466,91.1471704431297,0.01945517644512762,6.479946685049043,1.619997907202844,3.2890594214346436,1.5708893564115556,31002120.5,1.6465867991021192,202.15500517669267,196.1168697476772,1,0,3.829059231272936,6.951334469763992,205.19861161742563,182.86240805708908,5.252685546875057,5.676971025859773,3.829059231272936,0,0,1
2024-03-05,206.9167938232422,209.8622286107617,206.03316937948875,207.16224672220216,24964592,205.7876892089844,201.86045837402344,201.36956787109375,34272251.0,200.43269546175136,193.22910525812625,90.20694380075349,0.00548674519159964,3.829059231272936,-0.24545289895996802,2.6999818885595346,0.8836244437534333,31717590.0,-0.2715800313203822,204.26589364788293,201.0750061467159,1,0,7.707211126660297,7.203590203625112,209.07674863041905,182.86240805708908,5.301788330078097,5.470089578770015,7.707211126660297,0,0,1
2024-03-06,206.62222290039065,209.5676573394019,201.8604462127416,207.94767439044745,26236957,206.9167938232422,205.7876892089844,201.86045837402344,24964592.0,201.67060094947925,194.44666140742302,88.04345045579436,-0.0014236201779889157,7.707211126660297,-1.3254514900567926,1.6199829489544584,4.761776687649046,32554207.5,0.0509667852773239,209.07674863041905,202.59680194537,0,0,5.547243854348665,7.223939542056229,209.8622286107617,183.5987457550121,4.712692260742216,5.761126104902187,5.547243854348665,0,0,1
2024-03-07,211.28582763671875,212.8567319982388,207.30948814389015,207.60403458433197,41484038,206.62222290039065,206.9167938232422,205.7876892089844,26236957.0,203.59364628692717,195.97749470099535,88.87280841826106,0.022570683205631603,5.547243854348665,3.68179305238678,1.5709043615200642,0.2945464404418203,33503374.2,0.5811299305784585,209.8622286107617,206.03316937948875,0,0,4.46724529842345,7.616151585931817,209.8622286107617,185.2678314764053,9.916259765625,5.908399322414444,4.46724529842345,0,0,1
2024-03-11,208.6840362548828,212.51309509281464,208.0458497943912,212.51309509281464,22800967,211.28582763671875,206.62222290039065,206.9167938232422,41484038.0,204.6117242805183,197.13263484225783,82.33695502983915,-0.012314083774276674,4.46724529842345,-3.829058837931825,0.0,0.6381864604916245,28165533.8,-0.45036770528462056,209.5676573394019,201.8604462127416,0,0,9.670849498361349,7.479089438260473,212.8567319982388,192.3859592487636,6.823577880859375,5.93294502928851,9.670849498361349,0,0,1
2024-03-12,200.53500366210935,207.5058714710176,197.83502197265625,207.1622314453125,34719550,208.6840362548828,211.28582763671875,206.62222290039065,22800967.0,203.79638015683653,197.44194109860797,65.74073807587972,-0.0390496213271454,9.670849498361349,-6.627227783203153,0.3436400257050991,2.6999816894530966,28936125.8,0.5227226985592321,212.8567319982388,207.30948814389015,0,0,17.08353033874971,6.354439058228564,212.8567319982388,196.1168697476772,-5.252685546875057,6.259047332346889,17.08353033874971,0,0,0
2024-03-13,186.8387451171875,201.86046516257332,184.7769348238236,200.387747804815,41620003,200.53500366210935,208.6840362548828,211.28582763671875,34719550.0,200.40485314890674,196.4780141912061,51.44929902871401,-0.06829859273844929,17.08353033874971,-13.549002687627507,1.472717357758313,2.061810293363891,30210405.6,0.19874834207240588,212.51309509281464,208.0458497943912,0,1,10.701739612966747,3.9268389577006246,212.8567319982388,196.1168697476772,-20.078048706054688,7.090081165084464,10.701739612966747,0,0,0
2024-03-14,191.69869995117188,193.56413585320115,182.8623962402344,185.5623779296875,34622781,186.8387451171875,200.53500366210935,208.6840362548828,41620003.0,198.66362250935978,196.04353107847572,50.462107792977086,0.026011493659605422,10.701739612966747,6.136322021484375,1.865435902029276,2.6999816894530966,29773047.4,-0.1681216121007968,207.5058714710176,197.83502197265625,0,1,17.328967691763694,2.6200914308840595,212.8567319982388,184.7769348238236,-14.923522949218778,7.342546343343181,17.328967691763694,0,0,0
2024-03-15,185.4151153564453,193.17142053140495,175.84245283964125,193.17142053140495,88781999,191.69869995117188,186.8387451171875,200.53500366210935,34622781.0,196.0139210787769,195.07731146738203,33.53352138689186,-0.032778441357855126,17.328967691763694,-7.7563051749596355,0.0,9.572662516804058,36245274.2,1.564265389311159,201.86046516257332,184.7769348238236,0,0,4.85996396232278,0.9366096113948572,212.8567319982388,182.8623962402344,-25.870712280273438,7.805399749561354,4.85996396232278,1,0,0
2024-03-18,186.4459991455078,188.5078093022531,183.6478453399303,186.5441862886879,22999225,185.4151153564453,191.69869995117188,186.8387451171875,88781999.0,194.10033669212308,194.292646710848,35.63560037921867,0.005559869199879941,4.85996396232278,-0.09818714318009825,1.9636230135651829,2.798153805577499,37250236.3,-0.7409472048494876,193.56413585320115,182.8623962402344,0,0,7.756304907886886,-0.1923100187249247,212.8567319982388,175.84245283964125,-22.238037109375,7.865010157060065,7.756304907886886,0,0,0
2024-03-19,182.02784729003903,188.94962140625717,181.19331649837028,186.5441862118812,27819341,186.4459991455078,185.4151153564453,191.69869995117188,22999225.0,191.68583881170628,193.17766494531992,31.30266556278842,-0.023696683628060766,7.756304907886886,-4.516338921842163,2.4054351943759684,0.8345307916687545,36604945.3,0.20957732271413487,193.17142053140495,175.84245283964125,0,0,5.350869982325634,-1.4918261336136425,212.8567319982388,175.84245283964125,-18.507156372070312,8.005268930005547,5.350869982325634,0,0,0
2024-03-20,184.0405731201172,184.53147889796827,179.18060891564264,183.5005737682299,16235947,182.02784729003903,186.4459991455078,185.4151153564453,27819341.0,190.15678567338847,192.34702023393785,33.48456428843414,0.011057241296004161,5.350869982325634,0.5399993518872748,0.4909057778510828,4.319964852587276,35732080.8,-0.41637916584724277,188.5078093022531,183.6478453399303,0,0,7.363585964922066,-2.190234560549385,212.8567319982388,175.84245283964125,-2.7981719970703125,7.85799679430812,7.363585964922066,0,0,0
2024-03-21,193.26959228515625,193.90776374294788,186.5441777780258,186.5441777780258,43152810,184.0405731201172,182.02784729003903,186.4459991455078,16235947.0,190.77934699574203,192.43089042041225,43.54961947080731,0.05014665521072681,7.363585964922066,6.725414507130438,0.6381714577916284,0.0,37423666.1,1.657856052375633,188.94962140625717,181.19331649837028,0,0,6.108951545815586,-1.6515434246702227,212.8567319982388,175.84245283964125,1.570892333984375,7.952671832587163,6.108951545815586,0,0,0
2024-03-22,194.59976196289065,196.0284660690924,189.9195145232768,193.6144467124456,31321524,193.26959228515625,184.0405731201172,182.02784729003903,43152810.0,191.54342998917176,192.62806056063755,44.29424535810961,0.006882457100503503,6.108951545815586,0.9853152504450406,1.4287041062017352,3.69493218916881,36407414.7,-0.27417185578413084,184.53147889796827,179.18060891564264,1,0,4.483187576006799,-1.0846305714657944,212.8567319982388,175.84245283964125,9.184646606445341,8.161104978633489,4.483187576006799,0,0,0
2024-03-26,196.47186279296875,197.5557156257504,193.0725280497436,194.10711211108645,25723863,194.59976196289065,193.26959228515625,184.0405731201172,31321524.0,192.52911654993116,192.9774971272131,42.43488535887707,0.009620262692999093,4.483187576006799,2.364750681882299,1.0838528327816448,1.034584061342855,36699704.3,-0.1787161122811266,193.90776374294788,186.5441777780258,0,0,5.862623023426238,-0.44838057728193803,212.51309509281464,175.84245283964125,10.025863647460938,8.018479327987615,5.862623023426238,0,0,0
2024-03-27,196.52113342285156,200.9550522693498,195.09242924592357,197.0630598443672,37817130,196.47186279296875,194.59976196289065,193.26959228515625,25723863.0,193.32751992451526,193.29964588136204,41.40728382436851,0.00025077702823406156,5.862623023426238,-0.5419264215156261,3.891992424982618,1.4287041769279938,37009462.3,0.47011862098628043,196.0284660690924,189.9195145232768,0,0,3.399335003934027,0.02787404315321851,207.5058714710176,175.84245283964125,14.493286132812528,8.163733884569993,3.399335003934027,0,0,0
2024-03-28,198.54104614257812,199.47709273283252,196.0777577288985,197.55573077710628,17425093,196.52113342285156,196.47186279296875,194.59976196289065,37817130.0,194.37022516812783,193.77613681419987,43.50559594331509,0.010278348615974764,3.399335003934027,0.9853153654718483,0.9360465902543922,1.4779730482077866,34589971.3,-0.5392275140921587,197.5557156257504,193.0725280497436,0,0,8.867838145525894,0.5940883539279582,201.86046516257332,175.84245283964125,14.500473022460938,7.8560284472324025,8.867838145525894,0,0,0
2024-04-01,208.0000762939453,209.62584060673743,200.75800246121153,201.98964664809017,45840349,198.54104614257812,196.52113342285156,196.47186279296875,17425093.0,197.09619539329134,195.06922222144945,47.54838170536134,0.04764269321203418,8.867838145525894,6.01042964585514,1.6257643127921142,1.2316441868786399,35711728.1,1.6307090010939969,200.9550522693498,195.09242924592357,0,0,9.902406880391851,2.026973171841888,200.9550522693498,175.84245283964125,14.730484008789062,8.093213753745061,9.902406880391851,0,0,0
2024-04-02,217.7546844482422,219.38044870285975,209.4780418224679,210.61114841996277,93873385,208.0000762939453,198.54104614257812,196.52113342285156,45840349.0,201.22789320428151,197.1315369693397,56.115205604080934,0.04689713738619816,9.902406880391851,7.143536028279414,1.6257642546175646,1.1331065974948729,36220866.7,1.0478331218638846,199.47709273283252,196.0777577288985,1,0,6.5030716839036415,4.0963562349418225,209.62584060673743,175.84245283964125,23.154922485351534,8.48143958102852,6.5030716839036415,1,0,0
2024-04-03,218.2473297119141,222.13932197522817,215.63625029132453,218.4443897566291,47658754,217.7546844482422,208.0000762939453,198.54104614257812,93873385.0,204.63178050580805,199.0511544913919,63.31587319031024,0.0022623865241759855,6.5030716839036415,-0.19706004471501615,3.694932218599064,2.6110794205895616,38686819.6,-0.49230813398281104,209.62584060673743,200.75800246121153,1,0,5.567025644670821,5.58062601441614,219.38044870285975,179.18060891564264,21.77546691894534,8.255169737138683,5.567025644670821,0,0,0
2024-04-04,217.06497192382812,220.61209811906937,215.04507247439855,220.21797799783772,18279026,218.2473297119141,217.7546844482422,208.0000762939453,47658754.0,207.1184187894121,200.68877425797703,77.99014180272408,-0.005417513193158752,5.567025644670821,-3.153006074009596,0.3941201212316514,2.0198994494295732,37732788.1,-0.6164602624735007,219.38044870285975,209.4780418224679,0,0,7.1435361832446915,6.429644531435059,222.13932197522817,179.18060891564264,20.543838500976562,7.43256225899019,7.1435361832446915,0,0,1
2024-04-05,221.2032928466797,222.68126585010964,215.53772966686495,217.1142402177444,25365958,217.06497192382812,218.2473297119141,217.7546844482422,18279026.0,209.9353936008656,202.55373049331362,77.69199592700103,0.019064895114923264,7.1435361832446915,4.089052628935292,1.4779730034299519,1.5765105508794477,38645789.2,0.3877084041567642,222.13932197522817,215.63625029132453,0,0,3.547126125350502,7.3816631075519865,222.13932197522817,179.18060891564264,22.662246704101562,7.1784048711529005,3.547126125350502,0,0,1
2024-04-08,220.26724243164065,222.38566435227835,218.83853822692785,222.23787306840825,16422350,221.2032928466797,217.06497192382812,218.2473297119141,25365958.0,212.00176336702063,204.16404976043427,86.36092573011771,-0.004231629660629954,3.547126125350502,-1.970630636767595,0.14779128387010587,1.4287042047128011,35972743.2,-0.35258309581684244,220.61209811906937,215.04507247439855,0,0,7.586924902148013,7.837713606586362,222.68126585010964,186.5441777780258,12.267166137695341,6.1939876164091014,7.586924902148013,0,0,1
2024-04-09,224.7996826171875,225.5386691018393,217.9517441996913,221.49888533990728,29048035,220.26724243164065,221.2032928466797,217.06497192382812,16422350.0,214.56134721705402,206.04001638377545,87.28958519209077,0.02057700516659211,7.586924902148013,3.3007972772802248,0.7389864846518037,3.5471411402159845,35745394.3,0.7688111019433881,222.68126585010964,215.53772966686495,0,0,6.256758009703418,8.521330833278569,222.68126585010964,189.9195145232768,7.0449981689453125,6.388770540682332,6.256758009703418,0,0,1
2024-04-10,225.390869140625,229.43066778173213,223.1739097720287,225.63719795935793,37218693,224.7996826171875,220.26724243164065,221.2032928466797,29048035.0,216.72725160176822,207.79918481621633,95.54954747599217,0.0026298370022355133,6.256758009703418,-0.246328818732934,3.793469822374192,2.2169593685962923,36894877.3,0.2812809196904369,222.38566435227835,218.83853822692785,1,0,4.778770473394815,8.928066785551891,225.5386691018393,193.0725280497436,7.143539428710909,6.281660047954942,4.778770473394815,0,0,1
2024-04-12,230.07113647460935,231.94322964402684,227.16445917063203,227.90344569035776,57174716,225.390869140625,224.7996826171875,220.26724243164065,37218693.0,219.39602857633645,209.82390769425206,95.78571985807099,0.020765115072448825,4.778770473394815,2.1676907842515902,1.8720931694174965,0.7389865197257279,38830635.9,0.5361827993261343,225.5386691018393,217.9517441996913,1,0,11.823784511661785,9.572120882084391,229.43066778173213,195.09242924592357,13.006164550781222,6.240795797317026,11.823784511661785,0,0,1
2024-04-15,231.00718688964844,234.50505948129228,222.6812749696305,226.62253647351775,51676313,230.07113647460935,225.390869140625,224.7996826171875,57174716.0,221.71826023899885,211.749660348379,94.95309605992362,0.0040685260627744135,11.823784511661785,4.3846504161306825,3.4978725916438407,3.9412615038872616,42255757.9,-0.09616843571203748,229.43066778173213,223.1739097720287,0,0,6.847938687290963,9.968599890619856,231.94322964402684,196.0777577288985,9.80389404296875,6.559381407798434,6.847938687290963,0,0,1
2024-04-16,230.02186584472656,233.47046957563617,226.6225308883452,229.0858192675663,32508661,231.00718688964844,230.07113647460935,225.390869140625,51676313.0,223.3789813601444,213.41076993895604,92.54441058046686,-0.004265326365766153,6.847938687290963,0.9360465771602549,3.4486037309096105,2.4632883792210976,40922589.1,-0.3709175613980046,231.94322964402684,227.16445917063203,0,0,8.079582086008003,9.968211421188357,234.50505948129228,200.75800246121153,9.754623413085909,6.612166203618104,8.079582086008003,0,0,1
2024-04-18,227.755615234375,233.91383557961245,225.83425349360445,232.14028014795815,18623078,230.02186584472656,231.00718688964844,230.07113647460935,32508661.0,224.25430813499054,214.71484678399412,87.22154806747551,-0.009852326873486694,8.079582086008003,-4.384664913583151,1.7735554316543016,1.9213617407705499,33397558.4,-0.42713487953256524,234.50505948129228,222.6812749696305,0,0,8.67077732474715,9.539461350996419,234.50505948129228,209.4780418224679,2.9559326171875,6.869051525761047,8.67077732474715,0,0,1
2024-04-19,229.87405395507812,231.0564292641987,222.38565193945155,225.19380645399096,27227241,227.755615234375,230.02186584472656,231.00718688964844,18623078.0,225.37825729900806,216.09295652681993,87.82120871199524,0.009301367689763085,8.67077732474715,4.680247501087166,1.182375309120573,2.8081545145394102,31354407.1,0.4620161608086484,233.47046957563617,226.6225308883452,0,0,3.7934547432084003,9.285300772188123,234.50505948129228,215.04507247439855,4.483184814453125,7.069633975855398,3.7934547432084003,0,0,1
2024-04-22,229.87405395507812,232.68219343489977,228.88873869169137,232.53440215927887,17549094,229.87405395507812,227.755615234375,230.02186584472656,27227241.0,226.2774166302221,217.3457835657525,87.23650796759432,0.0,3.7934547432084003,-2.6603482042007442,0.14779127562090366,0.9853152633867523,31281413.9,-0.35545823390625586,233.91383557961245,225.83425349360445,0,0,4.286127551457525,8.931633064469594,234.50505948129228,215.04507247439855,-0.19708251953122158,7.097785385803568,4.286127551457525,0,0,1
2024-04-23,230.9086456298828,232.63294739787085,228.34681984641333,230.8101080863962,19202860,229.87405395507812,229.87405395507812,227.755615234375,17549094.0,227.20366243015425,218.57877102612798,84.0409669915064,0.004500689212219022,4.286127551457525,0.09853754348660004,1.7243017679880381,2.4632882399828873,30665104.1,0.09423654577267637,231.0564292641987,222.38565193945155,0,0,4.975830250929619,8.624891404026272,234.50505948129228,215.53772966686495,-0.098541259765625,6.770520343370113,4.975830250929619,0,0,1
2024-04-24,233.02706909179688,235.63814863010091,230.6623183791713,231.7954249634047,33392337,230.9086456298828,229.87405395507812,229.87405395507812,19202860.0,228.3683437624828,219.8922526684615,79.35603272043619,0.00917429252653279,4.975830250929619,1.231644128392162,2.6110795383040397,1.133106584233417,32362102.8,0.738925191351705,232.68219343489977,228.88873869169137,0,0,4.5324565894765385,8.476091094021285,234.50505948129228,217.9517441996913,3.0052032470703125,6.418622012694239,4.5324565894765385,0,0,1
2024-04-25,234.1109313964844,236.52495097871295,231.9924943892364,232.928540957686,16197834,233.02706909179688,230.9086456298828,229.87405395507812,33392337.0,229.51686128928313,221.1848598255545,79.81480833568972,0.004651229185140604,4.5324565894765385,1.182390438798393,2.4140195822285477,0.9360465684495978,31077082.7,-0.5149236185535622,232.63294739787085,228.34681984641333,0,0,3.6949323418451456,8.33200146372863,235.63814863010091,217.9517441996913,6.355316162109403,6.277863791663732,3.6949323418451456,0,0,1
2024-04-26,235.4410858154297,238.10143409461455,234.4065017527694,234.9976969413519,20473627,234.1109313964844,233.02706909179688,230.9086456298828,16197834.0,230.70170619451247,222.4808803700886,84.34613276354875,0.005681727081306542,3.6949323418451456,0.44338887407778316,2.660348279184859,0.5911951885825033,29402576.1,0.2639731336918256,235.63814863010091,230.6623183791713,0,0,5.2714279805275055,8.220825824423855,236.52495097871295,222.38565193945155,5.5670318603515625,6.144142841461898,5.2714279805275055,0,0,1
2024-04-29,231.94322204589844,236.6727386241547,231.4013106436272,236.62346985084312,19876408,235.4410858154297,234.1109313964844,233.02706909179688,20473627.0,230.95000936478968,223.34109324970768,70.56598745678485,-0.01485664134370046,5.2714279805275055,-4.680247804944685,0.049268773311581526,0.5419114022712392,25672745.3,-0.029170161202995426,236.52495097871295,231.9924943892364,0,0,4.039798879497937,7.608916115081996,238.10143409461455,222.38565193945155,2.0691680908203125,6.010420826982099,4.039798879497937,0,0,1
2024-04-30,230.3174591064453,233.81533154580785,229.7755326663099,232.83001621273212,14514418,231.94322204589844,235.4410858154297,234.1109313964844,19876408.0,230.8234993131208,223.97530832759293,68.7499750911663,-0.007009314284387225,4.039798879497937,-2.512557106286806,0.9853153330757323,0.5419264401353985,21956555.8,-0.26976654936847744,238.10143409461455,234.4065017527694,0,1,6.552341112870948,6.848190985527879,238.10143409461455,222.38565193945155,-0.5911865234375,6.04561173799263,6.552341112870948,0,0,0
2024-05-02,231.3027801513672,233.9138598346089,227.36151872173795,231.253511376553,19171145,230.3174591064453,231.94322204589844,235.4410858154297,14514418.0,230.9193554807701,224.6414421297542,63.983054462082194,0.0042780996661937465,6.552341112870948,0.04926877481418046,2.6110796832417122,3.8919926548150556,20622804.2,0.32083456601566795,236.6727386241547,231.4013106436272,0,0,6.749415972629407,6.277913351015883,238.10143409461455,222.38565193945155,-1.7242889404296875,5.971712895901411,6.749415972629407,0,0,0
2024-05-03,230.66232299804688,234.5050467416913,227.7556307690619,233.61826896537912,15782582,231.3027801513672,230.3174591064453,231.94322204589844,19171145.0,230.86794898422545,225.18879493596262,61.31079054722133,-0.002768912474381824,6.749415972629407,-2.955945967332241,0.8867777763121865,2.90669222898498,20338754.6,-0.17675329251330585,233.81533154580785,229.7755326663099,0,0,5.764100517814484,5.679154048262831,238.10143409461455,222.38565193945155,-3.4486083984375284,6.006902750396124,5.764100517814484,0,0,0
2024-05-06,228.4453582763672,232.3866194756336,226.62251895781912,231.64763300077115,32422021,230.66232299804688,231.3027801513672,230.3174591064453,15782582.0,230.3834308426538,225.48484614872666,46.09927987493921,-0.009611299725349909,5.764100517814484,-3.2022747244039635,0.7389864748624575,1.8228393185480627,20858232.6,1.0542913067076096,233.9138598346089,227.36151872173795,0,0,10.198019653661703,4.898584693927148,238.10143409461455,222.38565193945155,-6.9957275390625,6.077283467854672,10.198019653661703,1,0,0
2024-05-07,224.06069946289065,232.33735723484295,222.13933758118125,229.08581364710165,26418769,228.4453582763672,230.66232299804688,231.3027801513672,32422021.0,229.11888456670118,225.35537826819612,35.699795758486175,-0.01919346861130833,10.198019653661703,-5.025114184210992,3.2515435877413097,1.9213618817094016,21745200.1,-0.18515970981574525,234.5050467416913,227.7556307690619,0,0,7.93177635101037,3.763506298505064,238.10143409461455,226.62251895781912,-7.882522583007784,5.961157406568952,7.93177635101037,0,0,0
2024-05-08,228.19903564453125,229.23360470964133,221.30182835863096,223.8636391868484,18952985,224.06069946289065,228.4453582763672,230.66232299804688,26418769.0,228.9349147822672,225.61389257513568,46.67864782673729,0.01846971017925436,7.93177635101037,4.335396457682862,1.0345690651100767,2.561810828217432,21720212.6,-0.28259393918013365,232.3866194756336,226.62251895781912,0,0,12.710560974255145,3.3210222071315343,238.10143409461455,222.13933758118125,-2.1184234619140625,6.0385743825489095,12.710560974255145,0,0,0
2024-05-09,222.87831115722656,234.70209440201012,221.99153342775497,231.05643090847877,35229412,228.19903564453125,224.06069946289065,228.4453582763672,18952985.0,227.7235940572591,225.36520335532575,42.003255348734086,-0.02331615675884302,12.710560974255145,-8.178119751252211,3.6456634935313446,0.8867777294715893,21903920.1,0.8587790788627754,232.33735723484295,222.13933758118125,0,0,5.271443123691682,2.3583907019333594,238.10143409461455,221.30182835863096,-8.424468994140625,6.369358588852277,5.271443123691682,1,0,0
2024-05-10,223.76512145996097,225.14455693275104,219.87311380905936,224.55336171028725,18478580,222.87831115722656,228.19903564453125,224.06069946289065,35229412.0,226.9318995377995,225.21974136483803,39.56235162351836,0.0039788990598947915,5.271443123691682,-0.7882402503262824,0.5911952224637957,3.892007650901604,22131994.7,-0.47547861428967364,229.23360470964133,221.30182835863096,0,0,7.586924864845287,1.712158172961466,238.10143409461455,221.30182835863096,-6.897201538085909,6.126549003062601,7.586924864845287,0,0,0
2024-05-13,221.4496154785156,225.34160793826888,217.7546830734236,225.04601033891785,32874369,223.76512145996097,222.87831115722656,228.19903564453125,18478580.0,225.83544272594273,224.87700264789962,36.661512666760046,-0.01034793075139595,7.586924864845287,-3.596394860402256,0.2955975993510265,3.694932405092004,23372068.9,0.7790527735356287,234.70209440201012,221.99153342775497,0,0,6.059683426309988,0.958440078043111,238.10143409461455,219.87311380905936,-6.995742797851591,6.397511154608092,6.059683426309988,0,0,0
2024-05-14,227.55857849121097,228.4946250725903,222.43494164628032,222.43494164628032,23191411,221.4496154785156,223.76512145996097,222.87831115722656,32874369.0,226.1800698789964,225.12078227001882,45.43012408914708,0.02758624348701133,6.059683426309988,5.123636844930644,0.9360465813793439,0.0,23703569.2,-0.2945442998464852,225.14455693275104,219.87311380905936,0,0,4.877307524903728,1.05928760897757,236.6727386241547,217.7546830734236,3.4978790283203125,6.524193717097554,4.877307524903728,0,0,0
2024-05-15,229.4306640625,231.05642822589533,226.1791207009916,228.39608003364947,33045920,227.55857849121097,221.4496154785156,223.76512145996097,23191411.0,226.83018871569712,225.51258970569893,45.060896898575024,0.008226829257334867,4.877307524903728,1.0345840288505315,1.6257641633953313,2.216959332657865,25556719.4,0.4249206311767748,225.34160793826888,217.7546830734236,1,0,12.316440739518242,1.3175990099981902,234.70209440201012,217.7546830734236,1.23162841796875,6.517156379524276,12.316440739518242,0,0,0
2024-05-16,234.406494140625,236.4756621987511,224.15922145923287,231.30275708815347,55556781,229.4306640625,227.55857849121097,221.4496154785156,33045920.0,228.3454498006827,226.32112647251037,50.366708266062425,0.02168772905076688,12.316440739518242,3.10373705247153,2.0691680581261096,7.143535628920603,29195283.0,0.6811994037387974,228.4946250725903,222.43494164628032,0,0,11.626708399176493,2.024323328172329,234.70209440201012,217.7546830734236,11.528182983398438,7.073155247384398,11.626708399176493,1,0,0
2024-05-17,244.5552520751953,245.98395623936008,234.3572478401836,237.460984991118,82231249,234.406494140625,229.4306640625,227.55857849121097,55556781.0,231.58741025558524,227.97877425457264,59.27781919850884,0.04329554934805646,11.626708399176493,7.094267084077302,1.4287041641647704,3.103737150934421,35840149.7,0.48012983329613723,231.05642822589533,226.1791207009916,1,0,11.774529537784815,3.6086360010125986,236.4756621987511,217.7546830734236,20.790130615234347,7.639710680050923,11.774529537784815,1,0,0
2024-05-21,270.1241760253906,278.84422220359517,267.06969266581035,278.84422220359517,127035921,244.5552520751953,234.406494140625,229.4306640625,82231249.0,239.29476340954633,231.81017441555608,76.81657220987731,0.10455274925902414,11.774529537784815,-8.72004617820454,0.0,3.0544833595802743,45301539.7,0.5448618687525955,236.4756621987511,224.15922145923287,1,0,19.903381067175758,7.484588993990258,245.98395623936008,217.7546830734236,48.67456054687503,8.104217934140731,19.903381067175758,1,0,1
2024-05-22,279.4354248046875,280.3222025598824,260.4188214927066,272.9323378175305,85801218,270.1241760253906,244.5552520751953,234.406494140625,127035921.0,247.3228956885746,236.13974263274983,81.13674944985851,0.03447025333423559,19.903381067175758,6.503086987157019,0.8867777551948848,12.513516324823854,51239784.6,-0.3245908926814487,245.98395623936008,234.3572478401836,1,0,9.951661339846396,11.18315305582476,278.84422220359517,217.7546830734236,51.876846313476534,9.237330947546289,9.951661339846396,1,0,1
2024-05-23,284.26348876953125,288.9929905930337,279.0413292531873,282.09578289325304,70631009,279.4354248046875,270.1241760253906,244.5552520751953,85801218.0,254.71101430476594,240.5146286451845,82.01306668206367,0.017277923757227143,9.951661339846396,2.1677058762782053,4.72950182350246,3.0544536400657307,56407587.0,-0.17680645279417828,278.84422220359517,267.06969266581035,1,0,13.695876875424744,14.196385659581438,280.3222025598824,217.7546830734236,54.83282470703125,9.480139535187392,13.695876875424744,0,0,1
2024-05-24,292.8357238769531,295.49605718789104,281.8001803124663,283.770810944022,63609206,284.26348876953125,279.4354248046875,270.1241760253906,70631009.0,262.3359562192034,245.27109184807256,84.29344294856902,0.030155948428438162,13.695876875424744,9.064912932931122,2.660333310937915,1.9706306315557072,59245566.4,-0.09941530072152871,280.3222025598824,260.4188214927066,1,0,13.351040196520842,17.064864371130852,288.9929905930337,217.7546830734236,58.429229736328125,9.976315313958489,13.351040196520842,0,0,1
2024-05-27,290.1260986328125,298.74760740440047,285.3965672078796,297.3188882087628,49890427,292.8357238769531,284.26348876953125,279.4354248046875,63609206.0,267.89398470192526,249.34881973759437,83.83780058050577,-0.00925305563223966,13.351040196520842,-7.192789575950314,1.4287191956376546,4.729531424932873,62386751.1,-0.21567285402053282,288.9929905930337,279.0413292531873,0,0,10.542886331774525,18.545164964330894,295.49605718789104,217.7546830734236,45.57084655761719,10.518239576723229,10.542886331774525,0,0,1
2024-05-28,284.85467529296875,291.4070163932488,280.86413006147427,291.35776265324847,33893805,290.1260986328125,292.8357238769531,284.26348876953125,49890427.0,271.286122820134,252.57662478808294,83.02995996472993,-0.018169421381546647,10.542886331774525,-6.5030873602797215,0.04925374000032434,3.9905452314944796,62488694.7,-0.3206350989940415,295.49605718789104,281.8001803124663,0,0,8.818584097572796,18.709498032051044,298.74760740440047,217.7546830734236,14.730499267578125,10.542872910874143,8.818584097572796,0,0,1
2024-05-29,287.85986328125,289.63344889002246,280.81486479244967,281.2089849045867,31645904,284.85467529296875,290.1260986328125,292.8357238769531,33893805.0,274.6008709123572,255.7841919238254,82.81840279876174,0.010549898769224964,8.818584097572796,6.650878376663286,1.7735856087724642,0.39412011213704545,63334144.0,-0.06632188389589189,298.74760740440047,285.3965672078796,0,0,6.552341681974269,18.816678988531805,298.74760740440047,222.43494164628032,8.4244384765625,10.606216321342888,6.552341681974269,0,0,1
2024-05-30,286.3819274902344,291.9489537292218,285.3966120472475,288.6974247951416,42769599,287.85986328125,284.85467529296875,290.1260986328125,31645904.0,276.95708222793263,258.5658042480444,86.4742801983986,-0.005134219735148049,6.552341681974269,-2.3154973049072396,3.25152893408017,0.9853154429868596,64306511.9,0.35150504785706227,291.4070163932488,280.86413006147427,0,0,10.739961576754524,18.39127797988823,298.74760740440047,224.15922145923287,2.118438720703125,10.166343514751398,10.739961576754524,0,0,1
2024-05-31,291.6040954589844,292.8357396701316,282.0957780933771,289.8797935633783,51397345,286.3819274902344,287.85986328125,284.85467529296875,42769599.0,279.886484874143,261.5692852672208,87.1159274834823,0.018234977376245576,10.739961576754524,1.724301895606061,1.231644211147227,7.784015470001236,63890568.3,0.20172613729672806,289.63344889002246,280.81486479244967,0,0,13.498831155979985,18.317199606922202,298.74760740440047,224.15922145923287,-1.23162841796875,10.556951975684457,13.498831155979985,0,0,1
2024-06-03,313.970703125,318.25683054090865,304.75799938492867,318.25683054090865,67256146,291.6040954589844,286.3819274902344,287.85986328125,51397345.0,286.7033285243144,266.3330505270189,91.51196655744619,0.07670196685958963,13.498831155979985,-4.286127415908652,0.0,9.212703740071333,62393058.0,0.3085529223348016,291.9489537292218,285.3966120472475,1,0,80.74658738070596,20.37027799729549,298.74760740440047,234.3572478401836,23.8446044921875,10.979230996479794,80.74658738070596,0,0,1
2024-06-04,251.79733276367188,307.41837951124705,226.6717921305411,307.41837951124705,268052657,313.970703125,291.6040954589844,286.3819274902344,67256146.0,279.72212937218586,265.0116216394419,57.23529941725384,-0.1980228401647247,80.74658738070596,-55.62104674757518,0.0,25.125540633130782,76494731.6,2.9855488745965313,292.8357396701316,282.0957780933771,0,0,33.993379320886305,14.710507732743963,318.25683054090865,260.4188214927066,-33.057342529296875,16.31400985036522,33.993379320886305,1,0,0
2024-06-05,256.52685546875,260.6159081267951,226.6225288059088,260.6159081267951,193487058,251.79733276367188,313.970703125,291.6040954589844,268052657.0,275.0830745914987,264.2402792602881,57.952585149074245,0.01878305323240692,33.993379320886305,-4.089052658045091,0.0,29.904326662841214,87263315.6,-0.2781751907797728,318.25683054090865,304.75799938492867,0,1,14.287073728306893,10.842795331210596,318.25683054090865,226.6717921305411,-31.3330078125,18.393729264363976,14.287073728306893,1,0,0
2024-06-06,269.6315612792969,277.3662934150615,263.0792196867546,263.0792196867546,95502477,256.52685546875,251.79733276367188,313.970703125,193487058.0,273.99277192905834,264.7303958074707,59.86753073689383,0.05108512240015073,14.287073728306893,6.552341592542291,7.734732135764602,0.0,89750462.4,-0.5064141344275337,307.41837951124705,226.6717921305411,0,0,15.61722433446397,9.262376121587636,318.25683054090865,226.6225288059088,-16.7503662109375,18.534488763563164,15.61722433446397,0,0,0
2024-06-07,279.04132080078125,280.37147247561035,264.7542481411464,269.97640749930656,60109827,269.6315612792969,256.52685546875,251.79733276367188,95502477.0,275.00248170340296,266.03138898868076,59.700680096917566,0.03489858337369234,15.61722433446397,9.06491330147469,1.3301516748290965,5.222159358160184,89400524.5,-0.3705940527594902,260.6159081267951,226.6225288059088,1,0,10.739930459152959,8.971092714722204,318.25683054090865,226.6225288059088,-12.562774658203125,18.8195256160837,10.739930459152959,0,0,0
2024-06-10,279.23834228515625,287.7120596447448,276.9721291855918,284.6575762853141,42363741,279.04132080078125,269.6315612792969,256.52685546875,60109827.0,275.84965381975366,267.23202110654216,52.99062656026224,0.0007060656242938723,10.739930459152959,-5.419234000157871,3.0544833594306624,2.2662130995644247,88647855.9,-0.2952277004557009,277.3662934150615,263.0792196867546,0,0,5.07436727749689,8.617632713211492,318.25683054090865,226.6225288059088,-34.73236083984375,18.74562568189571,5.07436727749689,0,0,0
2024-06-11,281.9972229003906,286.2340662421219,281.159698964625,282.7854630343855,32269277,279.23834228515625,279.04132080078125,269.6315612792969,42363741.0,277.07916763588105,268.5743121787102,50.87837188808154,0.009880020747355056,5.07436727749689,-0.7882401339948615,3.4486032077364257,0.8375239357656028,88485403.1,-0.23828075051256692,280.37147247561035,264.7542481411464,1,0,6.847954229058985,8.504855457170834,318.25683054090865,226.6225288059088,30.19989013671875,17.68641041120436,6.847954229058985,0,0,0
2024-06-12,286.234130859375,288.69741942098756,281.8494651919286,283.6723047414099,33990756,281.9972229003906,279.23834228515625,279.04132080078125,32269277.0,278.9101602805799,270.1797502405888,50.67843058478628,0.015024644269213239,6.847954229058985,2.561826117965097,2.4632885616125577,1.8228395494813299,88719888.3,0.05334730616989036,287.7120596447448,276.9721291855918,0,0,15.71579032086072,8.730410039991057,318.25683054090865,226.6225288059088,29.707275390625,17.464717046148117,15.71579032086072,0,0,0
2024-06-13,296.4813537597656,298.5505218059713,282.8347314851106,289.58414698537024,49511492,286.234130859375,281.9972229003906,279.23834228515625,33990756.0,282.424398976417,272.57080510596853,51.24076695309763,0.03580014329397008,15.71579032086072,6.897206774395386,2.069168046205675,6.7494155002596585,89394077.6,0.45661638123023796,286.2340662421219,281.159698964625,0,0,8.867837597990615,9.853593870448492,318.25683054090865,226.6225288059088,26.84979248046875,17.608996577964973,8.867837597990615,0,0,0
2024-06-14,305.0536193847656,305.9403971306774,297.0725595326868,300.5211630430165,67366844,296.4813537597656,286.234130859375,281.9972229003906,49511492.0,286.95024305808676,275.5237882222228,54.885523859558354,0.028913338111461684,8.867837597990615,4.532456341749139,0.886777745911786,3.44860351032969,90991027.5,0.3606304572683854,288.69741942098756,281.8494651919286,1,0,8.62150900961376,11.426454835863979,318.25683054090865,226.6225288059088,26.012298583984375,17.2887678209271,8.62150900961376,0,0,0
2024-06-18,313.57659912109375,316.2862162384009,307.66470722878717,308.4036937153255,64859245,305.0536193847656,296.4813537597656,286.234130859375,67366844.0,292.2755142706882,278.9831346675747,59.20429713813605,0.027939284095423345,8.62150900961376,5.172905405768233,2.7096171173071752,0.7389864865383515,90751337.4,-0.037223044024446206,298.5505218059713,282.8347314851106,1,0,15.567970522444512,13.292379603113488,318.25683054090865,226.6225288059088,34.3382568359375,17.151526583629902,15.567970522444512,0,0,0
2024-06-19,304.7580261230469,315.2023748604997,299.63440433805516,315.2023748604997,58698689,313.57659912109375,305.0536193847656,296.4813537597656,64859245.0,294.77201664115995,281.3263066180722,55.220705605489606,-0.02812254811986592,15.567970522444512,-10.444348737452799,0.0,5.1236217849917125,69815940.6,-0.0949834676613951,305.9403971306774,297.0725595326868,0,0,10.937006508685386,13.44571002308777,316.2862162384009,226.6225288059088,22.76080322265625,17.63362561397788,10.937006508685386,0,0,0
2024-06-20,307.3198547363281,308.74857403594643,297.81156752726105,305.2506864666679,39505506,304.7580261230469,313.57659912109375,305.0536193847656,58698689.0,297.2815842601936,283.6893564470045,56.425759306427764,0.008406107120036532,10.937006508685386,2.0691682696602243,1.428719299618308,7.439118939406853,54417785.4,-0.3269780522696172,316.2862162384009,307.66470722878717,0,0,9.754615815341708,13.592227813189083,316.2862162384009,226.6225288059088,21.085723876953125,17.946815958742963,9.754615815341708,0,0,0
2024-06-21,300.471923828125,309.38901559373625,299.63439977839454,308.10811768433985,37620968,307.3198547363281,304.7580261230469,313.57659912109375,39505506.0,297.91965217377987,285.2150443907427,52.694609223658844,-0.022282748096697058,9.754615815341708,-7.636193856214845,1.2808979093964012,0.8375240497304617,48629634.5,-0.04770317332475127,315.2023748604997,299.63440433805516,0,0,14.237788129204034,12.704607783037147,316.2862162384009,263.0792196867546,3.990570068359375,17.876434118642045,14.237788129204034,0,0,0
2024-06-24,305.201416015625,307.3198379095136,293.08204978030955,300.3240932234359,39139609,300.471923828125,307.3198547363281,304.7580261230469,37620968.0,299.3760049421489,287.031987265732,47.01543136401991,0.01574021335253062,14.237788129204034,4.877322792189091,2.1184218938885806,7.242043443126363,46532612.7,0.04036687732224231,308.74857403594643,297.81156752726105,0,0,5.665562978838693,12.344017676416854,316.2862162384009,264.7542481411464,0.147796630859375,17.92921675958662,5.665562978838693,0,0,0
2024-06-25,305.15216064453125,310.32506597303615,304.65950299419745,306.33452096367034,29124110,305.201416015625,300.471923828125,307.3198547363281,39139609.0,300.53123608262536,288.6792757547138,81.4642805852112,-0.00016138644353869136,5.665562978838693,-1.182360319139093,3.9905450093658033,0.49265765033379694,45208649.6,-0.2558916467458834,309.38901559373625,299.63439977839454,0,0,5.567025777998822,11.85196032791157,316.2862162384009,276.9721291855918,-8.4244384765625,12.566286445167531,5.567025777998822,0,0,1
2024-06-26,302.3440246582031,306.92573507480614,301.3587092968073,305.4477620327124,24238007,305.15216064453125,305.201416015625,300.471923828125,29124110.0,300.8937937977409,289.92152565503096,77.6456836194937,-0.009202412266709481,5.567025777998822,-3.103737374509251,1.4779730420937653,0.9853153613958057,44405522.6,-0.1677683197872828,307.3198379095136,293.08204978030955,0,0,6.847923169356022,10.972268142709936,316.2862162384009,281.159698964625,-2.41400146484375,10.535832620675567,6.847923169356022,0,0,1
2024-06-27,300.02850341796875,303.6248981839685,296.7769750146125,301.6050138833133,39996580,302.3440246582031,305.15216064453125,305.201416015625,24238007.0,300.72073572178647,290.840341815298,71.08679516584743,-0.007658564586656036,6.847923169356022,-1.5765104653445405,2.019884300655235,3.2515284033562466,45006105.0,0.6501596026438972,310.32506597303615,304.65950299419745,0,1,6.946461176663263,9.88039390648845,316.2862162384009,281.8494651919286,-7.291351318359375,10.004464723607649,6.946461176663263,0,0,1
2024-06-28,301.407958984375,305.25068282826186,298.3042216515986,301.5064965330773,24256902,300.02850341796875,302.3440246582031,305.15216064453125,39996580.0,300.8581803743042,291.8010342852141,67.46152988456345,0.0045977483828745225,6.946461176663263,-0.09853754870232478,3.7441862951845337,3.1037373327764044,42480646.0,-0.3935255964384955,306.92573507480614,301.3587092968073,0,0,6.5523411018713205,9.05714608909011,316.2862162384009,282.8347314851106,0.93603515625,9.385124498050455,6.5523411018713205,0,0,0
2024-07-01,303.13226318359375,307.9110486728846,301.35870757101327,306.38382189924243,39495237,301.407958984375,300.02850341796875,302.3440246582031,24256902.0,301.3129969361621,292.8311460032486,68.2193971390914,0.005720831676207183,6.5523411018713205,-3.2515587156486845,1.5272267736421554,1.7735556125804806,39693485.3,0.6282061493260764,303.6248981839685,296.7769750146125,0,0,5.911892234368224,8.481850932913517,316.2862162384009,293.08204978030955,-2.06915283203125,9.086010972530337,5.911892234368224,0,0,0
2024-07-02,301.60504150390625,304.46245006996315,298.55055783559493,304.46245006996315,23974162,303.13226318359375,301.407958984375,300.02850341796875,39495237.0,301.3714058497109,293.62877286694476,65.23739890690685,-0.005038136368752388,5.911892234368224,-2.857408566056904,0.0,3.0544836683113203,35604977.0,-0.3929859947415938,305.25068282826186,298.3042216515986,0,0,9.557570159636612,7.7426329827661675,316.2862162384009,293.08204978030955,-3.547119140625,9.145834183735433,9.557570159636612,0,0,0
2024-07-03,309.88165283203125,310.81771436756526,301.26014420792865,302.49178829708615,44919849,301.60504150390625,303.13226318359375,301.407958984375,23974162.0,303.073455246175,295.10630740922534,67.29105432136893,0.02744188653762203,9.557570159636612,7.389864534945104,0.9360615355340087,1.2316440891574985,34227093.0,0.8736775450170062,307.9110486728846,301.35870757101327,0,0,5.369980986105759,7.967147836949664,315.2023748604997,293.08204978030955,7.537628173828125,9.339378178776693,5.369980986105759,0,0,0
2024-07-04,312.6898498535156,313.8229565556055,308.45297556949976,312.73910359599955,35591681,309.88165283203125,301.60504150390625,303.13226318359375,44919849.0,304.9967341676431,296.7048112677972,63.298346470099254,0.009062159685221838,5.369980986105759,-0.049253742483927,1.083852959605963,4.236874284015869,33835710.5,-0.2076624968173869,304.46245006996315,298.55055783559493,1,0,12.119366215983575,8.291922899845929,310.81771436756526,293.08204978030955,12.661346435546875,8.600391797722766,12.119366215983575,0,0,0
2024-07-05,319.2914123535156,322.00102944053475,309.8816632245512,312.9854004194312,63125211,312.6898498535156,309.88165283203125,301.60504150390625,35591681.0,307.85566980481764,298.75813863922616,62.071845677108456,0.02111217394198306,12.119366215983575,6.306011934084438,2.709617087019126,3.1037371948800114,36386134.8,0.7735945374426119,310.81771436756526,301.26014420792865,0,0,10.050198568381347,9.097531165591477,313.8229565556055,293.08204978030955,17.883453369140625,8.83264384186512,10.050198568381347,1,0,0
2024-07-08,329.6865234375,330.8688838205481,320.81868525216674,323.6268400247433,70983243,319.2914123535156,312.6898498535156,309.88165283203125,63125211.0,312.22184053135413,301.5698099845238,63.23888629740534,0.03255681387532916,10.050198568381347,6.059683412756726,1.182360383048092,2.808154772576529,39570498.2,0.12448325915298719,313.8229565556055,308.45297556949976,1,0,10.4936017564645,10.65203054683036,322.00102944053475,293.08204978030955,26.55426025390625,8.934693096062805,10.4936017564645,1,0,0
2024-07-09,329.883544921875,334.3667475039217,323.8731457474572,333.036565857173,52225572,329.6865234375,319.2914123535156,312.6898498535156,70983243.0,315.75418140945834,304.1437858879193,74.05661176753843,0.000597602481049897,10.4936017564645,-3.1530209352980023,1.3301816467487129,6.010399174417785,41880644.4,-0.2642549171781289,322.00102944053475,309.8816632245512,1,0,16.10991221518566,11.610395521539033,330.8688838205481,296.7769750146125,28.27850341796875,8.572238184207091,16.10991221518566,0,0,1
2024-07-10,328.9475402832031,335.4998814398739,319.38996922468823,335.007223757877,46779965,329.883544921875,329.6865234375,319.2914123535156,52225572.0,318.3928531842073,306.3986726511269,71.37299417826148,-0.0028373789874652777,16.10991221518566,-6.059683474673875,0.49265768199688864,9.557571058514895,44134840.2,-0.10427089242794696,330.8688838205481,320.81868525216674,0,0,5.123651898886635,11.994180533080396,334.3667475039217,296.7769750146125,19.065887451171875,8.94173144895711,5.123651898886635,0,0,1
2024-07-11,330.57330322265625,333.23366672197017,328.11001482308353,330.57330322265625,31919433,328.9475402832031,329.883544921875,329.6865234375,46779965.0,320.8289431918971,308.59636633944774,83.17054568053355,0.004942316753770104,5.123651898886635,0.0,2.6603634993139167,2.4632883995727184,43327125.5,-0.31766872848237493,334.3667475039217,323.8731457474572,0,0,9.261958502717334,12.23257685244937,335.4998814398739,296.7769750146125,17.883453369140625,8.610948312067462,9.261958502717334,0,0,1
2024-07-12,328.20855712890625,332.54393876108895,323.2819802583716,331.952743522737,24517961,330.57330322265625,328.9475402832031,329.883544921875,31919433.0,322.30486597929894,310.37929277485307,76.74694674579726,-0.007153469656190681,9.261958502717334,-3.7441863938307733,0.5911952383519292,4.926576870534632,43353231.4,-0.2318798081407023,335.4998814398739,319.38996922468823,0,0,4.975830136303159,11.925573204445868,335.4998814398739,298.3042216515986,8.917144775390625,8.255531910175554,4.975830136303159,0,0,1
2024-07-15,326.5334777832031,331.11518782138734,326.1393576850842,331.06593408516096,22021426,328.20855712890625,330.57330322265625,328.9475402832031,24517961.0,323.1505883400798,311.84785504833945,73.951432765551,-0.005103704060480108,4.975830136303159,-4.532456301957836,0.04925373622637608,0.39412009811894677,41605850.3,-0.10182473983052664,333.23366672197017,328.11001482308353,0,0,9.754615960659123,11.302733291740367,335.4998814398739,298.55055783559493,-3.153045654296875,8.206265278565875,9.754615960659123,0,0,1
2024-07-16,321.360595703125,329.48944734858065,319.73483138792153,328.3563407088593,26585927,326.5334777832031,328.20855712890625,330.57330322265625,22021426.0,322.7925898126889,312.71264965331994,70.23061803972394,-0.015841812347071493,9.754615960659123,-6.995745005734307,1.1331066397213476,1.6257643152034689,41867026.8,0.20727545073602416,332.54393876108895,323.2819802583716,0,0,14.188565174132123,10.07994015936896,335.4998814398739,298.55055783559493,-8.52294921875,8.50537886304161,14.188565174132123,0,0,1
2024-07-18,308.94561767578125,321.9025386555921,307.71397348145996,321.7054635567253,48043715,321.360595703125,326.5334777832031,328.20855712890625,26585927.0,320.02319538530736,312.3701922008164,57.8084764550635,-0.038632546097259524,14.188565174132123,-12.759845880944056,0.197075098866776,1.2316441943212908,42179413.4,0.8071107695436011,331.11518782138734,326.1393576850842,0,1,11.725246002733911,7.653003184490956,335.4998814398739,301.26014420792865,-20.001922607421875,9.029710434811332,11.725246002733911,0,0,0
2024-07-19,301.80206298828125,312.24641113462104,300.52116513188713,305.3492040660203,43313606,308.94561767578125,321.360595703125,326.5334777832031,48043715.0,316.3789689059021,311.409453181495,50.31346242722933,-0.02312236937115808,11.725246002733911,-3.54714107773907,6.897207068600721,1.2808978563941196,42951605.9,-0.09845427232261283,329.48944734858065,319.73483138792153,0,1,17.144510419184996,4.969515724407131,335.4998814398739,307.71397348145996,-28.771240234375,9.37105220810209,17.144510419184996,0,0,0
2024-07-22,307.7139587402344,310.0787395355957,292.9342291164107,301.5064843260032,39386992,301.80206298828125,308.94561767578125,321.360595703125,43313606.0,314.6459668727686,311.0734991413804,53.41659403353944,0.019588652553984343,17.144510419184996,6.2074744142311715,2.3647807953612983,8.572255209592527,40577784.0,-0.09065543977105028,321.9025386555921,307.71397348145996,0,0,35.3728103621213,3.572467731388201,335.4998814398739,300.52116513188713,-20.494598388671875,10.127635730767354,35.3728103621213,0,0,0
2024-07-23,297.0232849121094,312.34492454581,276.9721141836887,312.34492454581,76513131,307.7139587402344,301.80206298828125,308.94561767578125,39386992.0,311.1214304806368,309.7962069387194,46.99415347986272,-0.03474224527184955,35.3728103621213,-15.321639633700613,0.0,20.051170728420686,41130772.8,0.9425989930888858,312.24641113462104,300.52116513188713,0,0,7.094282624623361,1.325223541917353,335.4998814398739,292.9342291164107,-29.51019287109375,12.231987025606859,7.094282624623361,1,0,0
2024-07-24,295.6931457519531,301.9991580463747,294.90487542175134,298.0578966036814,24099148,297.0232849121094,307.7139587402344,301.80206298828125,76513131.0,308.03577353490004,308.5141104671952,39.75819480553239,-0.004478231935754917,7.094282624623361,-2.3647508517282745,3.9412614426933033,0.788270330201783,38318130.4,-0.6850325207577769,310.0787395355957,292.9342291164107,0,0,9.853152193874166,-0.4783369322951785,335.4998814398739,276.9721141836887,-25.667449951171875,12.056037915963056,9.853152193874166,0,0,0
2024-07-25,297.0232849121094,298.94463154825434,289.09147935438017,293.5746816442534,27820556,295.6931457519531,297.0232849121094,307.7139587402344,24099148.0,305.83327581034195,307.4694899621874,38.4447051493521,0.004498376709996643,9.853152193874166,3.448603267855958,1.9213466361449605,4.4832022898732475,36422189.5,0.15442072889879754,312.34492454581,276.9721141836887,0,0,8.375180247218964,-1.6362141518454791,335.4998814398739,276.9721141836887,-11.922332763671875,12.376264430803657,8.375180247218964,0,0,0
2024-07-26,305.3492126464844,305.9404078542932,297.56522760707423,299.3387831610633,24512844,297.0232849121094,295.6931457519531,297.0232849121094,27820556.0,305.73646317757044,307.2767374789417,39.97164847978253,0.028031229056128426,8.375180247218964,6.010429485421071,0.5911952078088234,1.7735555539890697,35681530.6,-0.1188945325176104,301.9991580463747,294.90487542175134,0,0,14.533400460607936,-1.5402743013712552,333.23366672197017,276.9721141836887,3.547149658203125,12.108822575891898,14.533400460607936,0,0,0
2024-07-29,316.6310729980469,320.8186629612729,306.28526250066494,308.2066092656599,51391698,305.3492126464844,297.0232849121094,295.6931457519531,24512844.0,307.91538514166575,308.12713161704215,40.727750663339236,0.036947402790993955,14.533400460607936,8.424463732386982,4.187589963226003,1.9213467649949507,38368904.3,1.0965212359691923,298.94463154825434,289.09147935438017,1,0,8.818554739209048,-0.21174647537640112,332.54393876108895,276.9721141836887,8.9171142578125,12.429051282479511,8.818554739209048,0,0,0
2024-07-30,313.4288330078125,321.75473004976607,312.936175310557,320.42457832272794,41111245,316.6310729980469,305.3492126464844,297.0232849121094,51391698.0,309.01807471489514,308.60910447074855,38.79196662126813,-0.010113473576404575,8.818554739209048,-6.995745314915439,1.3301517270381282,0.49265769725548125,40277886.2,-0.20004112337366242,305.9404078542932,297.56522760707423,1,0,5.074368049848829,0.40897024414658745,331.11518782138734,276.9721141836887,16.405548095703125,12.309405066961265,5.074368049848829,0,0,0
2024-07-31,311.4089050292969,315.8921079233872,310.81773987353836,315.2023751490846,25709971,313.4288330078125,316.6310729980469,305.3492126464844,41111245.0,309.4962407777755,308.8636317942529,38.227493176646796,-0.0064446144253271775,5.074368049848829,-3.7934701197877416,0.6897327743025699,0.5911651557585174,40190290.6,-0.37462436372335595,320.8186629612729,306.28526250066494,0,0,9.508317382887071,0.632608983522573,329.48944734858065,276.9721141836887,15.71575927734375,11.521151912294348,9.508317382887071,0,0,0
2024-08-01,306.58087158203125,313.03470530183455,303.5263879189475,313.03470530183455,28141436,311.4089050292969,313.4288330078125,316.6310729980469,25709971.0,308.91316693862666,308.6561081385964,34.55928045018214,-0.015503838744789333,9.508317382887071,-6.453833719803299,0.0,3.054483663083772,38200062.7,0.09457284101954055,321.75473004976607,312.936175310557,0,0,6.897207090191614,0.25705880003027914,321.9025386555921,276.9721141836887,9.557586669921875,11.834342304008667,6.897207090191614,0,0,0
2024-08-02,298.50128173828125,304.1668447052244,297.26963761503276,300.81674863443914,26155604,306.58087158203125,311.4089050292969,313.4288330078125,28141436.0,306.8307898985576,307.7329421022041,32.19136080272864,-0.02635386155064845,6.897207090191614,-2.3154668961578864,3.3500960707852414,1.2316441232484863,36484262.5,-0.07056612178568289,315.8921079233872,310.81773987353836,0,1,12.267187368057364,-0.9021522036464944,321.75473004976607,276.9721141836887,-6.847930908203125,11.665431488828258,12.267187368057364,0,0,0
2024-08-05,285.9877624511719,293.0820445552545,280.81485718719716,285.59364234970866,50390560,298.50128173828125,306.58087158203125,311.4089050292969,26155604.0,302.6621844090805,305.7561075884739,28.48927800761082,-0.0419211576387164,12.267187368057364,0.39412010146321563,7.094282104082652,4.778785162511497,37584619.3,0.9265683942913343,313.03470530183455,303.5263879189475,0,1,16.0113741855605,-3.093923179393414,321.75473004976607,276.9721141836887,-30.643310546875,12.186242719667844,16.0113741855605,0,1,0
2024-08-06,283.0318298339844,298.15642623238597,282.14505204682547,287.7120776728405,39171936,285.9877624511719,298.50128173828125,306.58087158203125,50390560.0,298.7361134940613,303.69026415624757,29.175580077775905,-0.01033587098920774,16.0113741855605,-4.680247838856133,10.44434855954546,0.8867777871589055,33850499.8,-0.22263344562949883,304.1668447052244,297.26963761503276,0,0,11.03554306715904,-4.954150662186237,321.75473004976607,276.9721141836887,-30.397003173828125,12.633154021446513,11.03554306715904,0,1,0
2024-08-07,295.7916564941406,296.5798966834652,285.5443536163062,291.1606626909102,22199473,283.0318298339844,285.9877624511719,298.50128173828125,39171936.0,298.1472220940772,302.97220891423785,42.87999518977749,0.045082656136734345,11.03554306715904,4.63099380323041,0.7882401893245969,5.6163090746040325,33660532.3,-0.43328118885928946,293.0820445552545,280.81485718719716,0,0,5.468518181230138,-4.824986820160632,321.75473004976607,280.81485718719716,-15.61724853515625,12.407938156662722,5.468518181230138,0,0,0
2024-08-08,293.87030029296875,298.25496558580244,292.7864474045723,296.57991747924086,21963656,295.7916564941406,283.0318298339844,285.9877624511719,22199473.0,297.2918377338556,302.1447626759406,45.449417074088004,-0.006495640289332916,5.468518181230138,-2.709617186272112,1.6750481065615759,1.08385288839645,33074842.3,-0.010622639555452507,298.15642623238597,282.14505204682547,0,0,4.286127610576727,-4.852924942085053,321.75473004976607,280.81485718719716,-12.7105712890625,11.961029026555309,4.286127610576727,0,0,0
2024-08-09,297.7622985839844,300.5211694230441,296.2350418124674,298.0578811490847,15551076,293.87030029296875,295.7916564941406,283.0318298339844,21963656.0,297.38592990388133,301.74635684939915,44.15510159601201,0.013243932058243368,4.286127610576727,-0.29558256510034653,2.4632882739593924,1.5272567715169885,32178665.5,-0.2919632323507525,296.5798966834652,285.5443536163062,0,0,5.320696133430943,-4.3604269455178155,321.75473004976607,280.81485718719716,-0.738983154296875,11.042573111654718,5.320696133430943,0,0,0
2024-08-12,296.9739990234375,299.19095825148656,293.8702621180556,294.6092485274053,15361379,297.7622985839844,293.87030029296875,295.7916564941406,15551076.0,297.3035437277926,301.3125061379481,49.96724266834125,-0.0026474122623839635,5.320696133430943,2.3647504960321726,2.2169592280490633,0.7389864093497067,28575633.6,-0.012198319910467936,298.25496558580244,292.7864474045723,0,0,7.143535848185138,-4.008962410155505,321.75473004976607,280.81485718719716,10.986236572265625,8.895993523891121,7.143535848185138,0,0,0
2024-08-13,291.8011169433594,298.2056663244909,291.06213047630575,297.565217400265,14746085,296.9739990234375,297.7622985839844,293.87030029296875,15361379.0,296.203058370906,300.4478343929855,47.53891909582959,-0.017418636301792412,7.143535848185138,-5.764100456905624,0.6404489242258933,0.7389864670536213,25939117.6,-0.04005460707661723,300.5211694230441,296.2350418124674,0,0,6.323092585549318,-4.24477602207952,321.75473004976607,280.81485718719716,8.769287109375,8.899511611288391,6.323092585549318,0,0,0
2024-08-14,290.17095947265625,293.48068228361836,287.15758969806905,292.59150257095865,16641055,291.8011169433594,296.9739990234375,297.7622985839844,14746085.0,294.99663859125604,299.51357303659194,45.68338698893091,-0.005586536089303373,6.323092585549318,-2.420543098302403,0.8891797126597112,3.013369774587204,25032226.0,0.12850665108739023,299.19095825148656,293.8702621180556,0,1,7.805069497058412,-4.516934445335892,315.8921079233872,280.81485718719716,-5.620697021484375,8.647364496408045,7.805069497058412,0,0,0
2024-08-16,299.6556091308594,300.24840570740895,292.44333621035054,292.93732833232747,21353408,290.17095947265625,291.8011169433594,296.9739990234375,16641055.0,295.9284326991767,299.52648540879807,46.464929726058955,0.03268641932824745,7.805069497058412,6.718280798531907,0.5927965765495742,0.4939921219769303,24353423.2,0.2831763370771865,298.2056663244909,291.06213047630575,0,0,4.396511440113045,-3.5980527096213564,313.03470530183455,280.81485718719716,5.785308837890625,8.606642299968005,4.396511440113045,0,0,0
2024-08-19,298.5194091796875,301.8785493077551,297.4820378676421,301.13756118461293,12232725,299.6556091308594,290.17095947265625,291.8011169433594,21353408.0,296.4466279952789,299.4349330243335,37.1337903010064,-0.003791685910593756,4.396511440113045,-2.6181520049254345,0.7409881231421878,1.0373713120454227,22961135.3,-0.4271300862138727,293.48068228361836,287.15758969806905,1,0,6.619506456102897,-2.9883050290545725,304.1668447052244,280.81485718719716,0.757110595703125,7.882578798504085,6.619506456102897,0,0,0
2024-08-20,299.5074157714844,300.841200523193,294.2216940670901,298.51943153331297,14183642,298.5194091796875,299.6556091308594,290.17095947265625,12232725.0,297.05878555052,299.44152236498354,39.78924768343908,0.0033096896262518882,6.619506456102897,0.987984238171407,1.333784751708606,4.297737466222884,19340443.5,0.1594834348029568,300.24840570740895,292.44333621035054,0,0,4.149545817902663,-2.3827368144635557,301.8785493077551,280.81485718719716,2.533416748046875,7.725503921139359,4.149545817902663,0,0,0
2024-08-21,301.7303771972656,303.0641619352262,298.91461611732353,299.35922108027233,11862616,299.5074157714844,298.5194091796875,299.6556091308594,14183642.0,297.9931038798691,299.64960007700915,42.922301670192724,0.007422058048396796,4.149545817902663,2.3711561169932907,1.3337847379605705,0.4446049629488016,16609511.5,-0.1636410450855993,301.8785493077551,297.4820378676421,0,0,3.3591402232867154,-1.6564961971400294,301.8785493077551,282.14505204682547,9.92926025390625,7.659445190286062,3.3591402232867154,0,0,0
2024-08-22,300.8411865234375,303.212342554529,299.8532023312423,302.7183504584314,13074829,301.7303771972656,299.5074157714844,298.5194091796875,11862616.0,298.56272040858283,299.75792611759357,45.546113653930675,-0.0029469710079830236,3.3591402232867154,-1.8771639349939164,0.49399209609759964,0.9879841921951993,15697047.1,0.10218766248523936,300.841200523193,294.2216940670901,0,0,5.038725207422829,-1.195205709010736,303.0641619352262,285.5443536163062,10.67022705078125,7.220218250314608,5.038725207422829,0,0,0
2024-08-23,302.3231506347656,305.4847119828029,300.44598677538005,301.82915855856504,21891698,300.8411865234375,301.7303771972656,299.5074157714844,13074829.0,299.3148064538194,299.9911283464274,53.30400311101567,0.004926067897995878,5.038725207422829,0.49399207620058405,3.161561348037253,1.3831717831849915,15689851.3,0.6743391443207403,303.0641619352262,298.91461611732353,0,0,3.0627567852551465,-0.676321892607973,303.212342554529,287.15758969806905,2.66754150390625,7.087469544402552,3.0627567852551465,0,0,0
2024-08-26,303.0147399902344,305.1882869516962,302.1255301664411,304.99070821931736,15280637,302.3231506347656,300.8411865234375,301.7303771972656,21891698.0,300.05479316110245,300.26600213222804,68.50154527728773,0.0022875831838107263,3.0627567852551465,-1.97596822908298,0.19757873237887225,0.8892098237932942,15662807.4,-0.30198941169387594,303.212342554529,299.8532023312423,0,0,7.755681584805018,-0.21120897112558623,305.4847119828029,287.15758969806905,4.495330810546875,6.430010217059537,7.755681584805018,0,0,0
2024-08-27,297.284423828125,303.75573808207105,296.00005649726603,302.9159455268709,16873099,303.0147399902344,302.3231506347656,300.8411865234375,15280637.0,299.500719294507,299.99494955912775,64.60624082475414,-0.018911014567456474,7.755681584805018,-5.631521698745928,0.8397925552001198,1.28436733085897,15813979.4,0.10421437273851875,305.4847119828029,300.44598677538005,0,0,4.939920714328025,-0.4942302646207395,305.4847119828029,287.15758969806905,-2.222991943359375,5.840317888434145,4.939920714328025,0,0,0
2024-08-28,296.3458557128906,300.84117150257583,295.9012507882478,297.4326141493362,14005947,297.284423828125,303.0147399902344,302.3231506347656,16873099.0,298.86974657818376,299.66321375492436,50.74956330507887,-0.0031571385515206662,4.939920714328025,-1.0867584364455638,3.408557353239644,0.4446049246428174,15739965.6,-0.16992444600722134,305.1882869516962,302.1255301664411,0,1,8.842441363435455,-0.7934671767405916,305.4847119828029,287.15758969806905,-5.384521484375,5.404916291803358,8.842441363435455,0,0,0
2024-08-29,292.6409606933594,297.4326604108329,288.59021904739745,295.75310519725997,19185385,296.3458557128906,297.284423828125,303.0147399902344,14005947.0,297.6239894012189,299.0248271129639,48.41382406098526,-0.012501929580282956,8.842441363435455,-3.112144503900595,1.6795552135729395,4.050741645961921,15994398.6,0.369802770208969,303.75573808207105,296.00005649726603,0,0,7.706265098812537,-1.4008377117449982,305.4847119828029,287.15758969806905,-8.200225830078125,5.6459108048180235,7.706265098812537,0,0,0
2024-08-30,295.70367431640625,298.5194354624331,290.81317036362054,293.2337136884681,28684991,292.6409606933594,296.3458557128906,297.284423828125,19185385.0,297.2399263842564,298.7229041314587,47.28574061213175,0.010465772172802978,7.706265098812537,2.4699606279381783,2.81576114602683,2.4205433248475288,16727556.9,0.49514805149857555,300.84117150257583,295.9012507882478,0,0,6.8171154860642105,-1.4829777472022556,305.4847119828029,288.59021904739745,-6.619476318359375,5.89020633969201,6.8171154860642105,1,0,0
2024-09-02,293.33251953125,298.3218581138171,291.5047426277529,298.3218581138171,11713172,295.70367431640625,292.6409606933594,296.3458557128906,28684991.0,296.45844501365514,298.23286916780336,45.391144743794555,-0.00801868556634533,6.8171154860642105,-4.989338582567086,0.0,1.8277769034971243,16675601.6,-0.5916619949436275,297.4326604108329,288.59021904739745,0,0,4.544733339204413,-1.774424154148221,305.4847119828029,288.59021904739745,-9.682220458984375,5.997093436308672,4.544733339204413,0,0,0
2024-09-03,293.5794982910156,297.72904398135114,293.1843106421467,296.39525928439434,13971488,293.33251953125,295.70367431640625,292.6409606933594,11713172.0,295.88265566912725,297.8098354517317,52.57145025664198,0.0008419753805690711,4.544733339204413,-2.815760993378717,1.3337846969567977,0.3951876488688981,16654386.2,0.19280140341147556,298.5194354624331,290.81317036362054,0,0,6.520702224968886,-1.927179782604469,305.4847119828029,288.59021904739745,-3.704925537109375,5.811464685667191,6.520702224968886,0,0,0
2024-09-04,295.35791015625,298.2724456679351,291.7517434429662,293.5795203762291,17937646,293.5794982910156,293.33251953125,295.70367431640625,13971488.0,295.7777065665518,297.5869331521425,57.468052311429105,0.006057684121632656,6.520702224968886,1.778389780020916,2.9145355116850737,1.8277769332628964,17261889.2,0.2838751319830788,298.3218581138171,291.5047426277529,0,0,9.385849925559569,-1.809226585590693,305.4847119828029,288.59021904739745,-0.987945556640625,5.825579659911447,9.385849925559569,0,0,0
2024-09-05,287.10821533203125,295.9012687057995,286.51541878023994,295.4072766044543,26342723,295.35791015625,293.5794982910156,293.33251953125,17937646.0,294.0438083196477,296.6343224412233,31.268434159129,-0.02793117956398905,9.385849925559569,-8.299061272423046,0.49399210134521354,0.5927965517913094,18588678.6,0.4685719073729073,297.72904398135114,293.1843106421467,0,0,8.200286851819556,-2.590514121575552,305.4847119828029,288.59021904739745,-5.532745361328125,5.93849254766153,8.200286851819556,0,0,0
2024-09-06,280.19232177734375,286.86121504706654,278.660928195247,286.86121504706654,30062372,287.10821533203125,295.35791015625,293.5794982910156,26342723.0,291.27351101118694,295.13959510814334,26.666671847170974,-0.02408810749873347,8.200286851819556,-6.668893269722787,0.0,1.5313935820967686,19405746.0,0.1412021452755663,298.2724456679351,291.7517434429662,0,1,8.644862440560871,-3.866084096956399,305.4847119828029,286.51541878023994,-15.5113525390625,6.210190791354852,8.644862440560871,1,1,0
2024-09-09,278.1669616699219,281.0815273530945,272.4366649125336,278.6115666557914,29170063,280.19232177734375,287.10821533203125,295.35791015625,30062372.0,288.65220114293396,293.5966284319414,23.529376137509573,-0.007228463987072886,8.644862440560871,-0.444604985869546,2.4699606973030654,5.73029675738826,20794688.6,-0.029681922637375346,295.9012687057995,286.51541878023994,0,1,5.977322768419981,-4.944427289007422,305.1882869516962,278.660928195247,-15.165557861328125,6.354859075958992,5.977322768419981,0,1,0
2024-09-10,282.3164978027344,284.88526286803716,278.9079400996172,279.1055490088275,19982334,278.1669616699219,280.19232177734375,287.10821533203125,29170063.0,287.3850604748941,292.5711620111044,27.017524591798548,0.014917429833872342,5.977322768419981,3.21094879390688,2.5687650653027845,0.1976089092103166,21105612.1,-0.31497117438519073,286.86121504706654,278.660928195247,0,0,6.026709648488691,-5.186101536210288,303.75573808207105,272.4366649125336,-11.26300048828125,6.485414572424515,6.026709648488691,0,1,0
2024-09-11,284.5888366699219,286.9600228699656,280.9333132214769,283.0080860710727,21650737,282.3164978027344,278.1669616699219,280.19232177734375,19982334.0,286.82581571389966,291.8454960709969,31.370280014076613,0.008048905695816844,6.026709648488691,1.5807505988491926,2.3711862000437236,2.0747728495957745,21870091.1,0.08349390016201319,281.0815273530945,272.4366649125336,0,0,3.4579447494807027,-5.019680357097229,300.84117150257583,272.4366649125336,-10.769073486328125,6.675955245653228,3.4579447494807027,0,0,0
2024-09-12,288.19500732421875,288.98538263517446,285.52743788569376,287.4046018623776,16102095,284.5888366699219,282.3164978027344,278.1669616699219,21650737.0,287.0996540359635,291.5136334576534,34.55725328851905,0.01267151128095545,3.4579447494807027,0.7904054618411465,0.7903753109557101,1.8771639766838462,21561762.1,-0.2562795899280472,284.88526286803716,278.9079400996172,1,0,4.347124496640788,-4.413979421689874,298.5194354624331,272.4366649125336,1.0867919921875,6.563042355800219,4.347124496640788,0,0,0
2024-09-13,286.4660339355469,290.46735792828645,286.12023343164566,289.47937371764607,12330463,288.19500732421875,284.5888366699219,282.3164978027344,16102095.0,286.9729300158802,291.05476077382554,32.312579912846076,-0.005999317631227297,4.347124496640788,-3.0133397820991945,0.9879842106403771,0.3458005039012164,19926309.3,-0.2342323778365486,286.9600228699656,280.9333132214769,0,0,3.7543581599758795,-4.08183075794534,298.5194354624331,272.4366649125336,6.273712158203125,6.6547829066134785,3.7543581599758795,0,0,0
2024-09-16,286.9106140136719,288.6890037160455,284.9346455560696,287.40460612807243,9184637,286.4660339355469,288.19500732421875,284.5888366699219,12330463.0,286.96046681543856,290.6780201592661,37.50000919308945,0.0015519469167679656,3.7543581599758795,-0.49399211440055524,1.2843975879730465,1.9759684576022778,19673455.8,-0.25512634845909676,288.98538263517446,285.52743788569376,0,0,6.866502620300196,-3.7175533438275465,298.3218581138171,272.4366649125336,8.74365234375,6.3689740905542545,6.866502620300196,0,0,0
2024-09-17,280.8839111328125,287.3552260819982,280.488723461698,287.0094255631905,15946216,286.9106140136719,286.4660339355469,288.19500732421875,9184637.0,285.74515567891336,289.7876466114067,33.40402045275134,-0.021005506894813508,6.866502620300196,-6.1255144303780185,0.34580051880766405,0.39518767111451325,19870928.6,0.7361835856985965,290.46735792828645,286.12023343164566,0,0,5.53271790615986,-4.042490932493308,298.2724456679351,272.4366649125336,-1.432586669921875,6.506587083837981,5.53271790615986,0,0,0
2024-09-18,279.45135498046875,282.5634993805315,277.0307814743716,281.476710660429,10450571,280.8839111328125,286.9106140136719,286.4660339355469,15946216.0,284.4863955392245,288.8479837358669,35.11702944589648,-0.00510017162095977,5.53271790615986,-2.025355679960228,1.0867887201025042,2.420573506097128,19122221.1,-0.34463630744748475,288.6890037160455,284.9346455560696,0,1,17.53671794932626,-4.361588196642401,298.2724456679351,272.4366649125336,-5.137481689453125,6.270178265461153,17.53671794932626,0,0,0
2024-09-19,269.42327880859375,281.42727971274485,263.8905617634186,280.5874871892204,44560220,279.45135498046875,280.8839111328125,286.9106140136719,10450571.0,281.47377219309834,287.08210146975114,24.373804476302595,-0.035884872243957755,17.53671794932626,-11.164208380626633,0.8397925235244657,5.532717045175161,20943970.8,3.2639029006166265,287.3552260819982,280.488723461698,0,0,6.47128448830432,-5.608329276652796,295.9012687057995,272.4366649125336,-18.771728515625,6.972353469069276,6.47128448830432,1,1,0
2024-09-20,274.0174255371094,276.0427810988545,269.5714966105502,270.7076724171605,38501362,269.42327880859375,279.45135498046875,280.8839111328125,44560220.0,279.98250286190057,285.8944036576928,31.94831464135183,0.017051780933077687,6.47128448830432,3.30975311994888,2.0253555617451298,1.1361758066103107,21787869.8,-0.13597010966283385,282.5634993805315,277.0307814743716,0,1,7.95329086908464,-5.911900795792235,290.46735792828645,263.8905617634186,-12.4486083984375,6.94765125494357,7.95329086908464,1,0,0
2024-09-23,282.85986328125,283.25508108039537,275.30179021131073,276.6355749062141,19445968,274.0174255371094,269.42327880859375,279.45135498046875,38501362.0,280.55797494577047,285.61853635074345,41.36834215925985,0.032269618352950724,7.95329086908464,6.224288375035883,0.3952177991453709,1.333784694903386,20815460.3,-0.49492778982727936,281.42727971274485,263.8905617634186,0,0,8.743665736367063,-5.060561404972987,290.46735792828645,263.8905617634186,-4.050750732421875,7.191119649935014,8.743665736367063,0,0,0
2024-09-24,288.29376220703125,289.8745428733553,281.13087713698826,282.8598493952745,25346532,282.85986328125,274.0174255371094,269.42327880859375,19445968.0,282.10513239802265,285.86173870131506,44.62805429360207,0.01921056901727436,8.743665736367063,5.433912811756727,1.580780666324074,1.7289722582862623,21351880.1,0.3034338018040552,276.0427810988545,269.5714966105502,1,0,7.2616896876113515,-3.756606303292415,290.46735792828645,263.8905617634186,7.40985107421875,7.349902757892027,7.2616896876113515,0,0,0
2024-09-25,286.3672180175781,291.4553304684609,284.19364078084953,290.46734629738137,19263084,288.29376220703125,282.85986328125,274.0174255371094,25346532.0,282.95754952193374,285.9076913664299,49.37655053558471,-0.006682573270765491,7.2616896876113515,-4.1001282798032435,0.9879841710795176,2.1735772367285904,21113114.8,-0.24001105950115775,283.25508108039537,275.30179021131073,1,0,2.815761194739082,-2.9501418444961587,290.46735792828645,263.8905617634186,6.915863037109375,7.198177026610011,2.815761194739082,0,0,0
2024-09-26,287.0094299316406,288.39260187703735,285.57684068229827,287.10823438864475,18343882,286.3672180175781,288.29376220703125,282.85986328125,19263084.0,283.76792560387514,286.0078494178127,56.41265749382081,0.0022426167300444444,2.815761194739082,-0.0988044570041211,1.2843674883926042,1.4325892493423567,21337293.5,-0.047718319662625186,289.8745428733553,281.13087713698826,0,0,5.582104799220872,-2.239923813937537,291.4553304684609,263.8905617634186,17.586151123046875,6.813568051104263,5.582104799220872,0,0,0
2024-09-27,289.9239807128906,291.3071525873431,285.72504778812225,288.8371920433617,208588855,287.0094299316406,286.3672180175781,288.29376220703125,18343882.0,284.99913662567826,286.36386135372885,60.87752248609724,0.010154895544526754,5.582104799220872,1.0867886695289144,1.3831718744525006,3.112144255239457,40963132.7,10.371031224470372,291.4553304684609,284.19364078084953,0,0,10.867826777049459,-1.3647247280505894,291.4553304684609,263.8905617634186,15.90655517578125,6.594799648151406,10.867826777049459,1,0,0
2024-09-30,281.67431640625,291.0601668046109,280.19234002756144,289.92399094446034,32695169,289.9239807128906,287.0094299316406,286.3672180175781,208588855.0,284.33417258179264,285.9375390857762,49.44775551444055,-0.028454577252821966,10.867826777049459,-8.249674538210343,1.1361758601505585,1.4819763786885574,43314185.9,-0.8432554366339468,288.39260187703735,285.57684068229827,0,0,4.001353969377533,-1.6033665039835796,291.4553304684609,263.8905617634186,-1.185546875,6.944121363053512,4.001353969377533,0,0,0
2024-10-01,280.5381164550781,283.15626846908526,279.15491449970773,281.67429221766037,13883476,281.67431640625,289.9239807128906,287.0094299316406,32695169.0,283.57496135644976,285.44668248298547,46.447155133094505,-0.0040337364288945965,4.001353969377533,-1.1361757625822406,1.4819762514248964,1.3832019553703958,43107911.9,-0.5753661343668235,291.3071525873431,285.72504778812225,0,1,11.114822984914667,-1.8717211265357037,291.4553304684609,263.8905617634186,-7.755645751953125,6.799453100259858,11.114822984914667,0,0,0
2024-10-03,275.3512268066406,282.8598831024067,271.745060117492,271.745060117492,27321529,280.5381164550781,281.67431640625,289.9239807128906,13883476.0,281.9302144464879,284.5289137851359,39.03879220311773,-0.01848907276479861,11.114822984914667,3.6061666891486084,7.508656295766059,0.0,44795007.7,0.9679170403723103,291.0601668046109,280.19234002756144,0,0,8.249675015754462,-2.5986993386479753,291.4553304684609,263.8905617634186,-11.0159912109375,7.346372974219427,8.249675015754462,0,0,0
2024-10-04,273.8692626953125,278.5127708601341,270.2630958443796,275.3512391597874,17451235,275.3512268066406,280.5381164550781,281.67431640625,27321529.0,280.3180240962528,283.55985459515193,39.204079721755356,-0.005382086466492519,8.249675015754462,-1.481976464474883,3.1615317003467,3.6061668509328797,42084109.2,-0.36126433480351705,283.15626846908526,279.15491449970773,0,1,13.732975486341218,-3.2418304988991054,291.4553304684609,263.8905617634186,-13.140167236328125,7.625126582727546,13.732975486341218,0,0,0
2024-10-07,264.1376037597656,275.5488101537841,261.81583466744286,274.06683373113816,21704629,273.8692626953125,275.3512268066406,280.5381164550781,17451235.0,277.0819400289554,281.7941954282986,33.16290752150931,-0.03553395820973759,13.732975486341218,-9.929229971372536,1.4819764226459142,2.321769092322768,40404435.9,0.2437302574860747,282.8598831024067,271.745060117492,0,0,15.758359840307605,-4.712255399343235,291.4553304684609,269.5714966105502,-25.786376953125,8.337884963182214,15.758359840307605,0,0,0
2024-10-08,276.882568359375,278.1175485929137,262.3591887526061,263.7917778838648,29190708,264.1376037597656,273.8692626953125,275.3512268066406,21704629.0,277.0420656950393,281.3476838765783,47.30896385379954,0.04825123124536623,15.758359840307605,13.090790475510175,1.2349802335386926,1.4325891312587373,41378909.9,0.34490702421128683,278.5127708601341,270.2630958443796,0,0,8.002677528649144,-4.305618181538989,291.4553304684609,261.81583466744286,-4.791748046875,8.97301762175417,8.002677528649144,0,0,0
2024-10-09,279.0067138671875,283.15625929711905,275.1535817684699,278.61152624311853,18984175,276.882568359375,264.1376037597656,273.8692626953125,29190708.0,277.43499532946896,281.13486842117914,49.70372015239806,0.007671647660590475,8.002677528649144,0.3951876240689671,4.14954542993155,3.4579444746486274,40742674.2,-0.34965006672671317,275.5488101537841,261.81583466744286,0,0,6.1255135767117395,-3.699873091710174,291.4553304684609,261.81583466744286,-1.531402587890625,9.149443309074835,6.1255135767117395,0,0,0
2024-10-10,283.45263671875,286.12020589106567,279.9946923143539,280.5381016684313,19155691,279.0067138671875,276.882568359375,264.1376037597656,18984175.0,278.63852360732517,281.3455746300492,60.099573444972286,0.015934823897029382,6.1255135767117395,2.9145350503187046,2.667569172315666,0.5434093540773688,40731934.9,0.009034682834518692,278.1175485929137,262.3591887526061,1,0,4.4459291268460674,-2.7070510227240447,291.4553304684609,261.81583466744286,8.101409912109375,8.33435728245951,4.4459291268460674,0,0,0
2024-10-11,282.4646911621094,285.18164785073753,280.73571872389147,283.7490887781746,9677338,283.45263671875,279.0067138671875,276.882568359375,19155691.0,279.40375711828204,281.44731249660015,56.41411847581265,-0.0034853990708186844,4.4459291268460674,-1.2843976160652346,1.432559072562924,1.7289724382179088,39865280.5,-0.49480611271083874,283.15625929711905,275.1535817684699,0,0,4.495346070630092,-2.0435553783181035,291.3071525873431,261.81583466744286,8.595428466796875,8.18968904235535,4.495346070630092,0,0,0
2024-10-14,282.26708984375,285.7250344438266,281.2296883731965,282.66227748215334,11386559,282.4646911621094,283.45263671875,279.0067138671875,9677338.0,279.97642366337567,281.5218377099774,49.48187910583601,-0.0006995611293800774,4.495346070630092,-0.3951876384033426,3.0627569616732444,1.0374014705535046,20145050.9,0.1766209881271068,286.12020589106567,279.9946923143539,0,0,3.6555535970643405,-1.5454140466017066,291.3071525873431,261.81583466744286,18.129486083984375,7.942692985322883,3.6555535970643405,0,0,0
2024-10-15,285.3792419433594,285.9720384930029,282.3164848959386,283.69965674451686,14701531,282.26708984375,282.4646911621094,283.45263671875,11386559.0,281.0569873193724,281.872510822103,47.34475949837272,0.01102555774862779,3.6555535970643405,1.679585198842517,0.5927965496435377,1.3831718485782858,18345687.1,0.2911302703476968,285.18164785073753,280.73571872389147,0,0,6.224288219784228,-0.8155235027305707,291.0601668046109,261.81583466744286,8.496673583984375,7.579256403944116,6.224288219784228,0,0,0
2024-10-16,282.26708984375,287.55278104030265,281.3284928205184,284.68763297327314,11835439,285.3792419433594,282.26708984375,282.4646911621094,14701531.0,281.29900782424795,281.9083816422527,46.34361271844623,-0.010905320507603955,6.224288219784228,-2.420543129523139,2.8651480670295086,0.9385970232315799,18140883.4,-0.1949519407196434,285.7250344438266,281.2296883731965,0,0,6.125483902469227,-0.6093738180047694,286.12020589106567,261.81583466744286,3.2603759765625,7.505156299099322,6.125483902469227,0,0,0
2024-10-17,281.1308898925781,284.44064296735996,278.31515906489074,282.6128661812072,11695551,282.26708984375,285.3792419433594,282.26708984375,11835439.0,281.265384237914,281.8377005741005,44.80345565828434,-0.004025265403064915,6.125483902469227,-1.4819762886290846,1.8277767861527536,2.815730827687389,16578285.6,-0.011819417936250631,285.9720384930029,282.3164848959386,0,0,9.87984161679509,-0.5723163361864749,287.55278104030265,261.81583466744286,-2.321746826171875,7.741565063937189,9.87984161679509,0,0,0
2024-10-18,283.69964599609375,284.34182967100867,274.4619880542136,279.5007133089558,10095514,281.1308898925781,282.26708984375,285.3792419433594,11695551.0,281.75223658954997,282.00696833973626,44.46393314561209,0.009137224673166244,9.87984161679509,4.198932687137926,0.6421836749149179,5.038725254742246,15842713.5,-0.13680732100608173,287.55278104030265,281.3284928205184,0,0,6.273705719682539,-0.2547317501862949,287.55278104030265,261.81583466744286,1.234954833984375,8.04854626519249,6.273705719682539,0,0,0
2024-10-21,278.9079284667969,283.99607123332436,277.7223655136418,282.8598652790838,8393942,283.69964599609375,281.1308898925781,282.26708984375,10095514.0,281.18337496499936,281.7252374421963,47.37824238206878,-0.01689010753775444,6.273705719682539,-3.951936812286931,1.1362059542405518,1.1855629531550562,14511644.8,-0.16854733696570579,284.44064296735996,278.31515906489074,0,0,11.361819290322785,-0.5418624771969576,287.55278104030265,261.81583466744286,-3.359161376953125,7.720394761094854,11.361819290322785,0,0,0
2024-10-22,268.38592529296875,278.7597602971765,267.3979410068537,278.61156868443675,15240897,278.9079284667969,283.69964599609375,281.1308898925781,8393942.0,278.62388503059327,280.51257270135744,40.22256630410389,-0.0377257227202874,11.361819290322785,-10.225643391467997,0.14819161273976533,0.9879842861150223,13116663.7,0.8157019669661763,284.34182967100867,274.4619880542136,0,0,8.29909194016409,-1.8886876707641704,287.55278104030265,262.3591887526061,-16.993316650390625,8.246142284019514,8.29909194016409,0,0,0
2024-10-23,265.4219665527344,271.39928944180224,263.10019750163815,267.7437356038306,13503954,268.38592529296875,278.9079284667969,283.69964599609375,15240897.0,275.9835013350215,279.14069941511895,41.714727200870286,-0.01104364447203754,8.29909194016409,-2.3217690510962257,3.655553837971638,2.3217690510962257,12568641.6,-0.11396592995805954,283.99607123332436,277.7223655136418,0,1,4.742311911369484,-3.15719808009743,287.55278104030265,267.3979410068537,-16.845123291015625,8.045018637965901,4.742311911369484,0,0,0
2024-10-24,268.0895080566406,269.86786748568323,265.12555557431375,265.76773924864113,10700271,265.4219665527344,268.38592529296875,278.9079284667969,13503954.0,274.40470267934535,278.13604565525725,45.27077002214903,0.010050191167490397,4.742311911369484,2.32176880799949,1.7783594290426095,0.6421836743273843,11723099.6,-0.2076194128030946,278.7597602971765,267.3979410068537,0,0,18.32709357125202,-3.7313429759119003,287.55278104030265,263.10019750163815,-13.0413818359375,7.794492701938403,18.32709357125202,0,0,0
2024-10-25,269.0774841308594,272.6836201791388,254.3565266078868,267.7436995237196,40406841,268.0895080566406,265.4219665527344,268.38592529296875,10700271.0,273.3392589696482,277.31254006213015,54.71695364114902,0.0036852470705792673,18.32709357125202,1.333784607139762,3.6061360482794385,13.38717291583282,14796049.9,2.776244639037647,271.39928944180224,263.10019750163815,0,0,10.423252342591468,-3.9732810924819546,287.55278104030265,263.10019750163815,-14.622161865234375,8.122643993717746,10.423252342591468,1,0,0
2024-10-28,266.8051452636719,274.61024526981,264.1869929272185,273.37526490819164,24479817,269.0774841308594,268.0895080566406,265.4219665527344,40406841.0,272.032436228453,276.35732235317937,37.97168282137302,-0.008444923864690201,10.423252342591468,-6.570119644519764,1.2349803616183408,2.618152336453363,16105375.7,-0.39416652244603834,269.86786748568323,265.12555557431375,0,0,13.48597767032686,-4.32488612472639,287.55278104030265,254.3565266078868,-12.102783203125,7.741564886738023,13.48597767032686,1,0,0
2024-10-29,280.24169921875,281.0814917797273,267.5955141094004,267.9413145934362,34271117,266.8051452636719,269.0774841308594,268.0895080566406,24479817.0,273.6742888265124,276.7104475227767,51.16063899962715,0.050360925168063675,13.48597767032686,12.300384625313825,0.8397925609772869,0.3458004840357489,18062334.3,0.3999743952334285,272.6836201791388,254.3565266078868,0,0,12.547411218024251,-3.0361586962642946,287.55278104030265,254.3565266078868,11.85577392578125,8.133229182572146,12.547411218024251,1,0,0
2024-10-30,285.08282470703125,291.2083387183738,278.66092750034954,280.0441294809579,40787587,280.24169921875,266.8051452636719,269.0774841308594,34271117.0,275.9559960026162,277.4715727213453,51.52075385754142,0.01727482206173181,12.547411218024251,5.038695226073344,6.1255140113425455,1.3832019806083622,20957549.1,0.1901446632159669,274.61024526981,264.1869929272185,1,0,4.643538172165847,-1.5155767187291076,287.55278104030265,254.3565266078868,19.660858154296875,8.59193615695161,4.643538172165847,1,0,0
2024-10-31,281.4767150878906,284.98407736925896,280.3405391970931,284.4900852297046,18720310,285.08282470703125,280.24169921875,266.8051452636719,40787587.0,277.06013981967106,277.8356765728494,49.12127081600702,-0.01264934014473329,4.643538172165847,-3.0133701418139935,0.4939921395543365,1.1361758907975172,21660025.0,-0.5410292351935406,281.0814917797273,267.5955141094004,0,0,4.198932957853856,-0.7755367531783577,291.2083387183738,254.3565266078868,13.38720703125,8.606051088760166,4.198932957853856,0,0,0
2024-11-01,285.181640625,286.762421415781,282.5634884579271,283.20567217424525,5265231,281.4767150878906,285.08282470703125,280.24169921875,18720310.0,278.68443998073684,278.5034914866813,52.440036381845864,0.013162458343854544,4.198932957853856,1.975968450754749,1.5807807907809774,0.6421837163181294,21176996.7,-0.7187423178355486,291.2083387183738,278.66092750034954,0,0,8.595475009822962,0.18094849405554214,291.2083387183738,254.3565266078868,16.104156494140625,8.584878723561863,8.595475009822962,0,0,0
2024-11-04,280.7357177734375,285.52744740188166,276.9319723920587,285.52744740188166,15157659,285.181640625,281.4767150878906,285.08282470703125,5265231.0,279.094695539277,278.7064211491137,46.19740344125255,-0.015589793374562566,8.595475009822962,-4.791729628444159,0.0,3.8037453813788034,21853368.4,1.8788212710895307,284.98407736925896,280.3405391970931,0,0,9.929260004493301,0.38827439016330345,291.2083387183738,254.3565266078868,13.930572509765625,8.937730253044622,9.929260004493301,0,0,0
2024-11-05,282.9093017578125,283.7490944175289,273.8198344130356,279.10555628795845,18761867,280.7357177734375,285.181640625,281.4767150878906,15157659.0,279.8576167829841,279.0885012044499,50.534119808931095,0.007742456149199883,9.929260004493301,3.80374546985405,0.8397926597164087,5.285721874922842,22205465.4,0.23778130910584538,286.762421415781,282.5634884579271,0,0,16.89450661580412,0.7691155785341834,291.2083387183738,254.3565266078868,2.6676025390625,9.202371094809555,16.89450661580412,0,0,0
2024-11-06,298.2230529785156,300.643596309297,283.74908969349286,284.0454729092174,52804364,282.9093017578125,280.7357177734375,285.181640625,18761867.0,283.53070402209045,280.82800591118314,61.502706876863805,0.05412954302157447,16.89450661580412,14.177580069298244,2.4205433307813564,0.29638321572451787,26135506.4,1.814451461573627,285.52744740188166,276.9319723920587,0,0,5.8291007075778225,2.7026981109073063,291.2083387183738,254.3565266078868,13.140228271484375,9.971587002904906,5.8291007075778225,1,0,0
2024-11-07,296.7410583496094,298.3712262376181,292.54212553004027,297.3832420447783,24357284,298.2230529785156,282.9093017578125,280.7357177734375,52804364.0,286.17277488759424,282.27464704194915,58.90691220957353,-0.0049694167305470716,5.8291007075778225,-0.6421836951689102,0.9879841928398037,4.198932819569109,27501207.7,-0.5387259280312513,283.7490944175289,273.8198344130356,1,0,8.64486194677852,3.8981278456450923,300.643596309297,254.3565266078868,15.26434326171875,9.682248366532244,8.64486194677852,0,0,0
2024-11-08,294.17230224609375,300.84119574789435,292.1963338011158,296.74106725474223,22935845,296.7410583496094,298.2230529785156,282.9093017578125,24357284.0,287.77268035929416,283.35625206050776,60.75159699529725,-0.00865655773354157,8.64486194677852,-2.5687650086484837,4.100128493152113,1.975968444977923,25754108.1,-0.05835786124594189,300.643596309297,283.74908969349286,0,0,9.287045150168808,4.4164282987864,300.643596309297,254.3565266078868,8.99066162109375,9.85161666846767,9.287045150168808,0,0,0
2024-11-11,296.14825439453125,300.14957821507124,290.86253306490244,293.92529001625707,20155408,294.17230224609375,296.7410583496094,298.2230529785156,22935845.0,289.4477951663416,284.5191613636008,72.23103052222575,0.006716989102476756,9.287045150168808,2.2229643782741846,4.001323820539994,3.062756951354629,25321667.2,-0.1212267086736939,298.3712262376181,292.54212553004027,0,0,13.387205198577874,4.928633802740819,300.84119574789435,264.1869929272185,15.41253662109375,9.703418515599529,13.387205198577874,0,0,1
2024-11-12,286.66363525390625,297.2350792003192,283.84787400174133,296.3952865249875,14292965,296.14825439453125,294.17230224609375,296.7410583496094,20155408.0,288.8909631838546,284.71411353544676,65.4011848375838,-0.03202659141117037,13.387205198577874,-9.731651271081262,0.8397926753316938,2.8157612521649185,23323852.0,-0.2908620356382763,300.84119574789435,292.1963338011158,0,0,9.287046191682236,4.176849648407824,300.84119574789435,267.5955141094004,3.75433349609375,10.0668551769148,9.287046191682236,0,0,0
2024-11-13,278.1669616699219,285.3792649965794,276.0922188048972,284.53947232931887,20001842,286.66363525390625,296.14825439453125,294.17230224609375,14292965.0,286.7461628810681,284.11891791130813,56.73714096382789,-0.02963987244652999,9.287046191682236,-6.372510659396994,0.8397926672605536,2.074742865024689,21245277.5,0.39941866505655055,300.14957821507124,290.86253306490244,0,1,8.842470161822234,2.6272449697599427,300.84119574789435,273.8198344130356,-20.05609130859375,10.391479054079996,8.842470161822234,0,0,0
2024-11-14,277.57415771484375,281.03210222379806,272.18963206197583,278.6115290071767,20541591,278.1669616699219,286.66363525390625,296.14825439453125,20001842.0,284.91176184782324,283.52393971162957,55.71050534113223,-0.002131108423226613,8.842470161822234,-1.0373712923329776,2.420573216621335,5.3845256528679215,21427405.6,0.026984964684752644,297.2350792003192,283.84787400174133,0,1,9.336462397753621,1.3878221361936767,300.84119574789435,273.8198344130356,-19.166900634765625,9.71400595340644,9.336462397753621,0,0,0
2024-11-18,274.708984375,283.2550715029569,273.9186091052033,279.5995180406584,12999925,277.57415771484375,278.1669616699219,286.66363525390625,20541591.0,282.87120635325863,282.72258013557234,55.270073111523054,-0.010322190521738661,9.336462397753621,-4.890533665658381,3.655553462298542,0.7903752697966979,22200875.0,-0.36714127936828267,285.3792649965794,276.0922188048972,0,0,8.101482241945234,0.14862621768628514,300.84119574789435,272.18963206197583,-19.46331787109375,9.636378100203737,8.101482241945234,0,0,0
2024-11-19,275.6475830078125,281.7730969127842,273.67161467083895,276.6355671762993,13160982,274.708984375,277.57415771484375,278.1669616699219,12999925.0,281.4264816841694,282.0793985785033,46.324118315824016,0.0034167016231665404,8.101482241945234,-0.9879841684867756,5.1375297364849075,1.9759683369735512,22001207.3,0.012389071475412461,281.03210222379806,272.18963206197583,0,0,8.101481557289503,-0.6529168943338846,300.84119574789435,272.18963206197583,-20.50067138671875,9.251771283890763,8.101481557289503,0,0,0
2024-11-21,272.1402282714844,275.1041805264613,267.0026989691718,275.1041805264613,14858108,275.6475830078125,274.708984375,277.57415771484375,13160982.0,279.56923100163243,281.1758376415016,39.41841357667067,-0.012724054018745767,8.101481557289503,-2.9639522549769026,0.0,5.1375293023126005,21610831.4,0.12895131989391073,283.2550715029569,273.9186091052033,0,0,7.903873705801004,-1.6066066398691419,300.84119574789435,272.18963206197583,-14.523406982421875,8.934204879552567,7.903873705801004,0,0,0
2024-11-22,277.4753723144531,280.0935244493226,272.1896507435216,272.68364285013416,13268900,272.1402282714844,275.6475830078125,274.708984375,14858108.0,279.15045926419657,280.83943170267895,46.818536520976174,0.019604393208807247,7.903873705801004,4.791729464318962,2.61815213486949,0.4939921066125521,17657285.0,-0.10695897485736405,281.7730969127842,273.67161467083895,0,0,10.91721341845664,-1.6889724384823808,300.84119574789435,267.0026989691718,-0.69158935546875,9.167085989097936,10.91721341845664,0,0,0
2024-11-25,288.8371887207031,295.4072776619371,284.49006424348045,286.5154198058921,49366681,277.4753723144531,272.1402282714844,275.6475830078125,13268900.0,281.0878051554979,281.5665005224993,52.59103838375099,0.04094711653679317,10.91721341845664,2.3217689148110026,6.570088941233962,2.0253555624116757,20158224.7,2.720480296030568,275.1041805264613,267.0026989691718,1,0,7.755682222992959,-0.47869536700142135,300.84119574789435,267.0026989691718,11.263031005859375,9.646963164855277,7.755682222992959,1,0,0
2024-11-26,294.32049560546875,297.3832527436369,289.6275705206439,290.4673631449476,27347402,288.8371887207031,277.4753723144531,272.1402282714844,49366681.0,283.7343432454921,282.7259546209511,59.48928978588099,0.018984075108374743,7.755682222992959,3.853132460521124,3.0627571381681378,0.8397926243036977,20599380.4,-0.44603523173858906,280.0935244493226,272.1896507435216,1,0,10.373834168466772,1.0083886245409985,300.84119574789435,267.0026989691718,19.61151123046875,9.586977965795992,10.373834168466772,0,0,0
2024-11-27,303.6569519042969,304.2497484583863,293.87591428991954,295.2590861488714,39464505,294.32049560546875,288.8371887207031,277.4753723144531,27347402.0,287.7188649772531,284.6287725558007,63.17438244870324,0.031722073176118526,10.373834168466772,8.397865755425471,0.592796554089432,1.3831718589518687,22530290.1,0.4430805895199843,295.4072776619371,284.49006424348045,0,0,5.088112131690195,3.0900924214523684,300.14957821507124,267.0026989691718,28.009368896484375,9.618733263222667,5.088112131690195,1,0,0
2024-11-28,302.0761413574219,305.7810817665481,300.6929696348579,304.2991056028976,27772319,303.6569519042969,294.32049560546875,288.8371887207031,39464505.0,290.59032025328685,286.2148969923117,52.96348281640949,-0.005205909289945132,5.088112131690195,-2.222964245475737,1.4819761636504722,1.3831717225639863,23878225.5,-0.29627094017776223,297.3832527436369,289.6275705206439,1,0,5.53271754473667,4.37542326097514,304.2497484583863,267.0026989691718,29.9359130859375,8.775419371500245,5.53271754473667,0,0,0
2024-11-29,304.29913330078125,306.86789824843237,301.3351807036957,302.02678170336964,23241947,302.0761413574219,303.6569519042969,294.32049560546875,27772319.0,293.33208286278574,287.85891847489984,55.74754549872337,0.007359045085024052,5.53271754473667,2.272351597411614,2.5687649476511183,0.6916009996739376,24202236.0,-0.16312544876068868,304.2497484583863,293.87591428991954,0,0,6.026709577803217,5.473164387885902,305.7810817665481,267.0026989691718,26.823760986328125,8.75424914558302,6.026709577803217,0,0,0
2024-12-02,303.21234130859375,305.6823017789324,299.6555922011292,304.10152104773874,15549685,304.29913330078125,302.0761413574219,303.6569519042969,23241947.0,295.3081345519474,289.25468418705384,57.033025475438635,-0.003571459374198338,6.026709577803217,-0.8891797391449927,1.58078073119367,3.5567491074645545,23703045.4,-0.33096461324862325,305.7810817665481,300.6929696348579,0,0,4.890533995999931,6.053450364893536,306.86789824843237,267.0026989691718,14.375152587890625,8.567238262084784,4.890533995999931,0,0,0
2024-12-03,308.3498840332031,308.9920677521511,304.1015337561512,305.28712689181356,21405136,303.21234130859375,304.29913330078125,302.0761413574219,15549685.0,297.91648444819856,290.9906114457947,59.047615599382496,0.01694371245720716,4.890533995999931,3.062757141389568,0.6421837189479902,1.1855931356623728,24543566.5,0.3765639625497237,306.86789824843237,301.3351807036957,0,0,9.534041124431042,6.9258730024038755,306.86789824843237,267.0026989691718,14.029388427734375,8.253201751072721,9.534041124431042,0,0,0
2024-12-04,309.0908508300781,316.99472411887217,307.46068299444113,312.20299490736403,41441172,308.3498840332031,303.21234130859375,304.29913330078125,21405136.0,300.1513577245745,292.6360877534568,69.10766667516017,0.002403006568976629,9.534041124431042,-3.1121440772859046,4.791729211508141,1.6301678356369962,27371585.5,0.9360387151943346,305.6823017789324,299.6555922011292,1,0,4.742311754730338,7.515269971117675,308.9920677521511,267.0026989691718,5.43389892578125,7.977975745776519,4.742311754730338,1,0,0
2024-12-05,310.72100830078125,311.61018798593284,306.8678762312025,310.22701623671,17911694,309.0908508300781,308.3498840332031,303.21234130859375,41441172.0,302.26528783981587,294.2801714395772,81.41074830613032,0.005274039869912928,4.742311754730338,0.49399206407122165,0.8891796851515892,3.359140005507527,27676944.1,-0.5677802259067384,308.9920677521511,304.1015337561512,0,0,2.716956539078069,7.985116400238667,316.99472411887217,267.0026989691718,8.644866943359375,7.653351857422812,2.716956539078069,0,0,1
2024-12-06,309.98004150390625,312.05481434574284,309.3378578066648,310.72102965092756,8359798,310.72100830078125,309.0908508300781,308.3498840332031,17911694.0,303.80823857263397,295.7074323545162,81.17864336510286,-0.002384669131086703,2.716956539078069,-0.7409881470213122,1.3337846948152787,0.6421836972414781,27186033.9,-0.533277087024823,316.99472411887217,307.46068299444113,0,0,3.8037454374205026,8.100806218117782,316.99472411887217,272.1896507435216,5.680908203125,7.215815170083943,3.8037454374205026,0,0,1
2024-12-09,310.8198547363281,313.2898153903821,309.4860699529616,309.83187047470653,11830104,309.98004150390625,310.72100830078125,309.0908508300781,8359798.0,305.21056180537283,297.0812889346809,86.1522875022227,0.002709249370854483,3.8037454374205026,0.987984261621591,2.4699606540539776,0.34580052174493403,23432376.2,0.41511840357865104,311.61018798593284,306.8678762312025,0,0,4.248320028270484,8.12927287069192,316.99472411887217,284.49006424348045,7.607513427734375,6.82062110148872,4.248320028270484,0,0,1
2024-12-10,311.06683349609375,314.47536091852885,310.22704089025837,313.7343727635362,15811501,310.8198547363281,309.98004150390625,310.72100830078125,11830104.0,306.381816143517,298.3527020766275,85.95782781653924,0.0007946041927571201,4.248320028270484,-2.6675392674424643,0.7409881549926354,0.8397926058353846,22278786.1,0.3365479289108533,312.05481434574284,309.3378578066648,0,0,3.457944621235697,8.02911406688952,316.99472411887217,289.6275705206439,2.716949462890625,6.545395229083381,3.457944621235697,0,0,1
2024-12-11,310.3258361816406,312.6969921774539,309.2390475562182,311.1162114632836,9281006,311.06683349609375,310.8198547363281,309.98004150390625,15811501.0,307.17062015114175,299.4411688134469,91.07327148157971,-0.002382116107091936,3.457944621235697,-0.7903752816429801,1.5807807141703165,1.0867886254224004,19260436.2,-0.4130218250626554,313.2898153903821,309.4860699529616,0,0,3.853131960759697,7.729451337694854,316.99472411887217,293.87591428991954,1.2349853515625,6.213714019365251,3.853131960759697,0,0,1
2024-12-12,309.18963623046875,312.20297567584805,308.34984371508835,309.7824025699072,10978047,310.3258361816406,311.06683349609375,310.8198547363281,9281006.0,307.57442336700717,300.32739312408523,87.49990076651552,-0.0036613127838535098,3.853131960759697,-0.5927663394384695,2.420573105940832,0.8397925153803953,17581009.0,0.18285097542227646,314.47536091852885,310.22704089025837,0,0,8.101482540675477,7.247030242921937,316.99472411887217,299.6555922011292,-1.5313720703125,5.924375323290873,8.101482540675477,0,0,1
2024-12-13,311.8572082519531,312.54880925574923,304.44732671507376,309.23905613909943,15557064,309.18963623046875,310.3258361816406,311.06683349609375,10978047.0,308.4309803439964,301.3755581357096,84.26459579478309,0.00862762430851971,8.101482540675477,2.618152112853693,0.6916010037961087,4.791729424025675,16812520.7,0.4171067039519871,312.6969921774539,309.2390475562182,0,0,3.3097532979277275,7.055422208286814,316.99472411887217,299.6555922011292,1.877166748046875,5.7232516891636465,3.3097532979277275,0,0,1
2024-12-16,312.400634765625,313.5368106333321,310.22705733540437,312.00541694130357,10543307,311.8572082519531,309.18963623046875,310.3258361816406,15557064.0,309.2249112283221,302.37783782933826,81.55162974592537,0.0017425491516387392,3.3097532979277275,0.3952178243214348,1.1361758677070952,1.7783596058991975,16311882.9,-0.3222816978833538,312.20297567584805,308.34984371508835,0,0,8.546057895009938,6.847073398983866,316.99472411887217,299.6555922011292,1.580780029296875,5.4056853373732725,8.546057895009938,0,0,1
2024-12-17,306.867919921875,314.82118122542283,306.2751233304129,311.7584239619413,18053073,312.400634765625,311.8572082519531,309.18963623046875,10543307.0,308.7535129670327,302.78602711047796,56.46123822027789,-0.01771031882793983,8.546057895009938,-4.890504040066276,3.062757263481558,0.5927965914621041,15976676.6,0.7122780357244649,312.54880925574923,304.44732671507376,0,0,8.842470024346426,5.967485856554731,316.99472411887217,304.1015337561512,-4.19891357421875,5.275129889269214,8.842470024346426,0,0,0
2024-12-18,300.1495666503906,306.8678768252951,298.0254068009487,306.47268920344965,16598070,306.867919921875,312.400634765625,311.8572082519531,18053073.0,307.0327237037043,302.54634888683364,46.78748661664787,-0.021893305996908308,8.842470024346426,-6.323122553059022,0.39518762184547995,2.1241598494419236,13492366.4,-0.08059586309765654,313.5368106333321,310.22705733540437,0,1,5.384525682745959,4.4863748168706366,316.99472411887217,304.44732671507376,-10.17626953125,5.543298310173229,5.384525682745959,0,0,0
2024-12-19,294.91326904296875,296.8398501975727,291.4553245148267,291.4553245148267,13349532,300.1495666503906,306.867919921875,312.400634765625,16598070.0,304.60883277155716,301.8524325373914,35.77846748000562,-0.017445627744387293,5.384525682745959,3.4579445281420362,1.926581154603923,0.0,13036150.2,-0.1957178153845598,314.82118122542283,306.2751233304129,0,1,12.596797826321676,2.756400234165767,314.82118122542283,298.0254068009487,-14.2763671875,5.5327131771738935,12.596797826321676,0,0,0
2024-12-20,287.3551940917969,298.47001570325716,285.8732178769355,294.41927468579274,14964305,294.91326904296875,300.1495666503906,306.867919921875,13349532.0,301.1581050356051,300.5345017696101,29.912437033915666,-0.025628127807537426,12.596797826321676,-7.064080593995868,4.050741017464418,1.4819762148613904,13696600.9,0.12096101945746107,306.8678768252951,298.0254068009487,0,0,7.212272241751009,0.6236032659950297,314.82118122542283,291.4553245148267,-24.50201416015625,6.002005194925212,7.212272241751009,0,1,0
2024-12-23,290.8131408691406,291.75170772203506,284.53943548028406,290.4673403861233,10201072,287.3551940917969,294.91326904296875,300.1495666503906,14964305.0,299.0891122023122,299.6507416877492,26.797397760510634,0.012033702012148373,7.212272241751009,0.34580048301734223,0.9385668528944393,5.9279049058392275,13533697.7,-0.318306329629074,296.8398501975727,291.4553245148267,0,0,5.779713255532499,-0.5616294854369812,314.82118122542283,285.8732178769355,-21.587493896484375,6.167843641050289,5.779713255532499,0,1,0
2024-12-24,288.93597412109375,293.77709038224083,287.99737712670833,292.6903017968691,10685518,290.8131408691406,287.3551940917969,294.91326904296875,10201072.0,297.0584845860685,298.6766719089623,24.11173541745555,-0.006454889701464905,5.779713255532499,-3.7543276757753574,1.0867885853717212,0.9385969943854207,13021099.4,0.04748971480644393,298.47001570325716,285.8732178769355,0,0,3.4579447735238205,-1.6181873228937889,314.82118122542283,284.53943548028406,-17.93194580078125,5.899677364700393,3.4579447735238205,0,1,0
2024-12-26,291.6529541015625,292.44332941801366,288.98538464448984,289.47937675499327,9172485,288.93597412109375,290.8131408691406,287.3551940917969,10685518.0,295.97737848916734,298.0381521082896,26.172967184833,0.009403398066763602,3.4579447735238205,2.173577346569232,0.7903753164511613,0.4939921105034273,13010247.3,-0.141596598311846,291.75170772203506,284.53943548028406,0,0,4.742312065702265,-2.0607736191222443,314.82118122542283,284.53943548028406,-8.496612548828125,5.807936866042785,4.742312065702265,0,1,0
2024-12-27,288.540771484375,292.5915127055583,287.849200639856,292.29512950803365,9495184,291.6529541015625,288.93597412109375,290.8131408691406,9172485.0,294.49005708820886,297.1747538697519,24.708718360787472,-0.010670842086186294,4.742312065702265,-3.7543580236586536,0.2963831975246194,0.6915708445189921,12861961.0,0.035181196807626325,293.77709038224083,287.99737712670833,0,0,9.534042263221465,-2.684696781543039,314.82118122542283,284.53943548028406,-6.37249755859375,5.952605117944513,9.534042263221465,0,1,0
2024-12-30,281.4767150878906,288.9854016392942,279.45135937607273,288.5407966533403,25876258,288.540771484375,291.6529541015625,288.93597412109375,9495184.0,291.8873886881452,295.74765943503724,19.81714169478245,-0.024482004259376966,9.534042263221465,-7.064081565449669,0.44460498595390163,2.0253557118178946,13893880.4,1.7251981636164184,292.44332941801366,288.98538464448984,0,0,9.632845992463615,-3.860270746892013,314.82118122542283,284.53943548028406,-5.87847900390625,6.3619120340731525,9.632845992463615,1,1,0
2024-12-31,289.6275634765625,290.4673560804415,280.8345100879779,281.0815061390667,15725947,281.4767150878906,288.540771484375,291.6529541015625,25876258.0,291.4354236458287,295.19128707517586,31.0314977978326,0.028957451724298977,9.632845992463615,8.546057337495824,0.8397926038790047,0.24699605108878586,14412144.4,-0.392263479518561,292.5915127055583,287.849200639856,0,0,4.297737003026896,-3.755863429347187,314.82118122542283,279.45135937607273,-1.185577392578125,6.7465210315155195,4.297737003026896,0,0,0
2025-01-01,290.3685302734375,291.06013122597346,286.76239422294657,289.6275421746702,6954271,289.6275634765625,281.4767150878906,288.540771484375,15725947.0,291.22204497135044,294.7528546386542,32.34266347915634,0.00255834350840356,4.297737003026896,0.740988098767275,0.6916009525359641,2.8651479517236567,13302264.2,-0.5577836425367579,288.9854016392942,279.45135937607273,0,0,6.372479447396984,-3.5308096673037426,314.82118122542283,279.45135937607273,1.43255615234375,6.8065062016434625,6.372479447396984,0,0,0
2025-01-02,293.2336730957031,294.2216572101103,287.84917776271334,290.9119345475521,13361957,290.3685302734375,289.6275634765625,281.4767150878906,6954271.0,291.624370596221,294.6147472256586,36.301949472481816,0.0098672635755932,6.372479447396984,2.3217385481510178,0.9879841144071975,3.0627567848387685,12978652.9,0.9214029766743344,290.4673560804415,280.8345100879779,0,0,5.680909491734724,-2.9903766294376055,306.8678768252951,279.45135937607273,1.580718994140625,6.986459593546125,5.680909491734724,0,0,0
2025-01-03,288.4420166015625,293.67832111619805,287.9974116244633,292.9373329216239,8167968,293.2336730957031,290.3685302734375,289.6275634765625,13361957.0,290.98789979728934,294.0535898961953,30.60558616063055,-0.016340744374800265,5.680909491734724,-4.49531632006142,0.740988194574129,0.4446049770991749,12460496.5,-0.3887146920170451,291.06013122597346,286.76239422294657,0,0,11.855810362045645,-3.065690098905975,298.47001570325716,279.45135937607273,-0.0987548828125,6.813561518621786,11.855810362045645,0,0,0
2025-01-06,278.7597351074219,289.03476472435113,277.1789543623055,289.03476472435113,12638091,288.4420166015625,293.2336730957031,290.3685302734375,8167968.0,288.5422668593159,292.66323946085225,25.799539764367438,-0.03356751422077031,11.855810362045645,-10.27502961692926,0.0,1.5807807451163853,12227875.1,0.5472747934369968,294.2216572101103,287.84917776271334,0,0,7.064110832736674,-4.12097260153638,298.47001570325716,279.45135937607273,-2.71697998046875,7.4239941660587805,7.064110832736674,0,1,0
2025-01-07,283.55145263671875,284.7370456837066,277.6729348509699,278.7597234522281,13247733,278.7597351074219,288.4420166015625,293.2336730957031,12638091.0,287.54410401479646,291.83489520411285,33.045940793024116,0.017189417716480415,7.064110832736674,4.7917291844906345,1.185593046987833,1.0867886012582062,12532541.2,0.0482384562668523,293.67832111619805,287.9974116244633,0,1,6.8170851654530225,-4.290791189316394,294.2216572101103,277.1789543623055,-6.07611083984375,7.318140804467832,6.8170851654530225,0,0,0
2025-01-08,278.7103576660156,283.55147436896715,276.7343892035141,283.55147436896715,10996122,283.55145263671875,278.7597351074219,288.4420166015625,13247733.0,285.7773547450403,290.6417554279222,33.97342013218757,-0.017073074130589783,6.8170851654530225,-4.841116702951524,0.0,1.9759684625014984,12563601.6,-0.16996198519399508,289.03476472435113,277.1789543623055,0,0,4.445928222656221,-4.864400682881865,294.2216572101103,277.1789543623055,-11.658172607421875,7.173470457404018,4.445928222656221,0,0,0
2025-01-09,277.8705139160156,280.6862744872073,276.2403462645511,277.8705139160156,12715512,278.7103576660156,283.55145263671875,278.7597351074219,10996122.0,284.1959865792354,289.48073347229433,36.36360528620076,-0.0030133209150641216,4.445928222656221,0.0,2.8157605711916744,1.6301676514645465,12917904.3,0.15636330699131928,284.7370456837066,277.6729348509699,0,0,10.867826004309848,-5.284746893058923,294.2216572101103,276.7343892035141,-15.3631591796875,7.106427781683323,10.867826004309848,0,0,0
2025-01-10,267.74371337890625,277.6235552010061,266.7557291966963,276.63557101879616,15317565,277.8705139160156,278.7103576660156,283.55145263671875,12715512.0,280.9055319391696,287.50464073653177,34.92785350515963,-0.036444314995473515,10.867826004309848,-8.891857639889906,0.9879841822099706,0.9879841822099706,13500142.4,0.20463611689407402,283.55147436896715,276.7343892035141,0,0,10.472637652805219,-6.599108797362192,294.2216572101103,276.2403462645511,-20.69830322265625,6.982929794396763,10.472637652805219,0,0,0
2025-01-13,256.4806823730469,265.66892258537763,255.1962849325724,261.815790565719,19429753,267.74371337890625,277.8705139160156,278.7103576660156,15317565.0,276.020562025945,284.68428088530584,26.440651700452335,-0.04206646297580896,10.472637652805219,-5.3351081926721236,3.8531320196586307,1.2843974404744642,12855491.9,0.2684622523227418,280.6862744872073,276.2403462645511,0,1,9.682232803246166,-8.663718859360813,294.2216572101103,266.7557291966963,-22.279052734375,7.215813038043493,9.682232803246166,1,1,0
2025-01-14,266.65692138671875,267.7437100036262,258.06147720038,259.83983664558554,18938129,256.4806823730469,267.74371337890625,277.8705139160156,19429753.0,274.1478338980998,283.0454300217979,36.275090767439835,0.039676434574011044,9.682232803246166,6.817084741133215,1.0867886169074268,1.778359445205524,13176710.1,-0.02530263766091112,277.6235552010061,266.7557291966963,0,0,5.829131292722025,-8.897596123698122,294.2216572101103,255.1962849325724,-16.89453125,7.494564434308755,5.829131292722025,0,0,0
2025-01-15,264.631591796875,268.9293293860785,263.1001980933565,268.7317204724351,11376064,266.65692138671875,256.4806823730469,267.74371337890625,18938129.0,272.24458547785486,281.3714447286231,33.210536694881824,-0.007595263529299179,5.829131292722025,-4.100128675560086,0.19760891364342115,1.5313937035185177,13618889.4,-0.3993037010150263,265.66892258537763,255.1962849325724,0,0,6.570088582605877,-9.126859250768234,294.2216572101103,255.1962849325724,-14.078765869140625,7.663934899965769,6.570088582605877,0,0,0
2025-01-16,272.8318176269531,274.7089814861429,268.138892903537,270.1148612081333,17234302,264.631591796875,266.65692138671875,256.4806823730469,11376064.0,272.3620319076745,280.59511499210765,40.81983731659774,0.030987327606646575,6.570088582605877,2.716956418819848,1.87716385918975,1.9759683045962788,14006123.9,0.5149617653346534,267.7437100036262,258.06147720038,1,0,9.73165036902276,-8.233083084433133,294.2216572101103,255.1962849325724,-5.0386962890625,7.794490365458884,9.73165036902276,0,0,0
2025-01-17,278.7597351074219,280.48870745188685,270.7570570828641,272.140259079144,12741720,272.8318176269531,264.631591796875,266.65692138671875,17234302.0,273.641572547624,280.42826227531805,48.39085503922822,0.02172736864794156,9.73165036902276,6.619476028277859,1.728972344464978,1.3832019962799222,14463499.1,-0.2606767596390036,268.9293293860785,263.1001980933565,1,0,7.0146637724404854,-6.786689727694068,293.67832111619805,255.1962849325724,11.016021728515625,7.808605230158976,7.0146637724404854,0,0,0
2025-01-20,282.3658752441406,284.3418436647459,277.3271798923054,279.797140418062,10483849,278.7597351074219,272.8318176269531,264.631591796875,12741720.0,275.3864330869273,280.60440890884735,45.45453503498627,0.012936373810690682,7.0146637724404854,2.5687348260786393,1.9759684206052839,2.469960525756562,14248074.9,-0.17720299928110173,274.7089814861429,268.138892903537,1,0,8.546057027233871,-5.217975821920049,289.03476472435113,255.1962849325724,25.88519287109375,7.621592214443039,8.546057027233871,0,0,0
2025-01-21,275.6475830078125,283.4526519086813,274.9065948814474,282.365863293169,13020489,282.3658752441406,278.7597351074219,272.8318176269531,10483849.0,275.4386630711044,280.1537883723896,41.42692619396301,-0.023792861763197504,8.546057027233871,-6.718280285356514,1.086788615512262,0.7409881263650959,14225350.5,0.24195693776207583,280.48870745188685,270.7570570828641,0,0,12.84379447893167,-4.715125301285241,284.7370456837066,255.1962849325724,8.99066162109375,7.925043644743537,12.84379447893167,0,0,0
2025-01-22,267.1015319824219,275.94397239854015,263.1001779196085,275.64758920168794,21272549,275.6475830078125,282.3658752441406,278.7597351074219,13020489.0,273.7712368533679,278.9672196096653,35.72585441704406,-0.031003540579379596,12.84379447893167,-8.54605721926606,0.2963831968522186,4.001354062813391,15252993.2,0.6337749680522751,284.3418436647459,277.3271798923054,0,1,9.731649699397451,-5.195982756297383,284.3418436647459,255.1962849325724,2.469940185546875,8.3872804327103,9.731649699397451,0,0,0
2025-01-23,270.65826416015625,273.622216546721,263.89056684732356,265.5701217758472,11978782,267.1015319824219,275.6475830078125,282.3658752441406,21272549.0,273.1486423147256,278.2118600233463,40.15314602268465,0.013316030617033014,9.731649699397451,5.088142384309037,2.963952386564756,1.6795549285236575,15179320.2,-0.43689014419475536,283.4526519086813,274.9065948814474,0,1,7.805099448802082,-5.063217708620698,284.3418436647459,255.1962849325724,-2.173553466796875,8.676619018971923,7.805099448802082,0,0,0
2025-01-24,266.9039306640625,273.37524538738035,265.57014593857826,270.65828878582874,10164897,270.65826416015625,267.1015319824219,275.6475830078125,11978782.0,271.899699984593,277.18386644522957,42.974233920569574,-0.013871120868019005,7.805099448802082,-3.754358121766245,2.716956601551601,1.3337847254842359,14664053.4,-0.1514248276661183,275.94397239854015,263.1001779196085,0,0,5.137530075531629,-5.284166460636584,284.3418436647459,255.1962849325724,-11.855804443359375,8.387282525168812,5.137530075531629,0,0,0
2025-01-27,259.79046630859375,263.79179039467544,258.6542603191438,263.79179039467544,13710372,266.9039306640625,270.65826416015625,267.1015319824219,10164897.0,269.47785324939315,275.60264825098994,36.29629707853809,-0.026651778180150076,5.137530075531629,-4.001324086081695,0.0,1.136205989449934,14092115.3,0.3487959592704186,273.622216546721,263.89056684732356,0,1,12.843810039386653,-6.1247950015967945,284.3418436647459,255.1962849325724,-22.575408935546875,8.249669613939881,12.843810039386653,0,0,0
2025-01-28,255.1469268798828,262.5074214388049,249.66361139941824,260.3338440768601,29049716,259.79046630859375,266.9039306640625,270.65826416015625,13710372.0,266.6116679754911,273.74303721725295,36.37919540694219,-0.017874171807348294,12.843810039386653,-5.1869171969772765,2.173577361944808,5.483315480464569,15103274.0,1.1188131146259197,273.37524538738035,265.57014593857826,0,1,8.891858477022168,-7.131369241761831,284.3418436647459,258.06147720038,-20.500656127929688,8.680149962077996,8.891858477022168,1,0,0
2025-01-29,263.9894104003906,264.7797857602155,255.8879272831933,255.8879272831933,14361301,255.1469268798828,259.79046630859375,266.9039306640625,29049716.0,266.08721646047104,272.85634387026545,42.65554584955411,0.03465643748345304,8.891858477022168,8.101483117197319,0.79037535982485,0.0,15401797.7,-0.505630244371408,263.79179039467544,258.6542603191438,0,0,12.448607334304143,-6.769127409794407,284.3418436647459,249.66361139941824,-3.11212158203125,8.997716408818421,12.448607334304143,0,0,0
2025-01-30,275.4006042480469,277.1295766513978,264.6809693170937,265.61956639641005,46735932,263.9894104003906,255.1469268798828,259.79046630859375,14361301.0,267.9498940179862,273.0876402682456,53.99691654012736,0.043225953004512485,12.448607334304143,9.781037851636825,1.7289724033509515,0.9385970793163665,18351960.7,2.2542965292629127,262.5074214388049,249.66361139941824,1,0,12.448607180074077,-5.137746250259397,284.3418436647459,249.66361139941824,4.742340087890625,9.110629360960871,12.448607180074077,1,0,0
2025-01-31,289.1335754394531,290.66496906826546,278.2163618881914,280.48871352980245,50252116,275.4006042480469,263.9894104003906,255.1469268798828,46735932.0,272.1866303022796,274.54636164744625,66.61641741859358,0.0498654359488524,12.448607180074077,8.644861909650672,1.5313936288123386,2.272351641611067,22103000.3,0.07523513171835328,264.7797857602155,255.8879272831933,1,0,29.935939880624574,-2.359731345166665,284.3418436647459,249.66361139941824,22.229644775390625,9.251770041480075,29.935939880624574,1,0,0
2025-02-01,278.4139404296875,296.00007759162673,266.06413771100216,292.3939412279477,61832253,289.1335754394531,275.4006042480469,263.9894104003906,50252116.0,273.43209232776115,274.8979597185591,55.950010239625776,-0.03707502663249296,29.935939880624574,-13.980000798260221,3.6061363636790134,12.34980271868534,27237840.7,0.23044078382689404,277.1295766513978,264.6809693170937,0,0,14.375186744261441,-1.4658673907979392,290.66496906826546,249.66361139941824,18.62347412109375,10.698463404149962,14.375186744261441,1,0,0
2025-02-03,270.8558349609375,274.5113881909679,260.1362014467065,274.5113881909679,41786023,278.4139404296875,289.1335754394531,275.4006042480469,61832253.0,272.9168408543964,274.53049383150255,52.98292841094667,-0.027147008002132655,14.375186744261441,-3.6555532300304208,0.0,10.71963351423102,30114394.1,-0.32420345414229046,290.66496906826546,278.2163618881914,0,1,9.978646718250388,-1.6136529771061419,296.00007759162673,249.66361139941824,15.708908081054688,11.308895936402777,9.978646718250388,0,0,0
2025-02-04,281.0815124511719,282.5634887909847,272.5848420727343,272.6836465255657,29035155,270.8558349609375,278.4139404296875,289.1335754394531,41786023.0,274.5497751737515,275.1260409787452,53.878320537397734,0.037753211008760834,9.978646718250388,8.397865925606197,1.4819763398128316,0.09880445283135941,30890654.7,-0.30514672334335335,296.00007759162673,266.06413771100216,0,0,6.718280763478788,-0.5762658049936817,296.00007759162673,249.66361139941824,17.09210205078125,11.5523643746631,6.718280763478788,0,0,0
2025-02-05,285.4780578613281,288.29378882119636,281.57550805771757,282.2176917827597,18818511,281.0815124511719,270.8558349609375,278.4139404296875,29035155.0,276.73543171126687,276.0671334226164,53.2045371772369,0.015641531781354745,6.718280763478788,3.2603660785684383,2.815730959868233,0.6421837250421163,31574627.6,-0.35187151575391973,274.5113881909679,260.1362014467065,1,0,10.818437870402136,0.668298288650476,296.00007759162673,249.66361139941824,10.07745361328125,11.337123688552817,10.818437870402136,0,0,0
2025-02-06,276.3885498046875,286.46599960590817,275.64756173550603,285.4780155136662,16834939,285.4780578613281,281.0815124511719,270.8558349609375,18818511.0,276.666055329951,276.09635309371373,47.290633239177886,-0.031839603102021496,10.818437870402136,-9.089465708978707,0.9879840922419589,0.7409880691814692,32241631.8,-0.10540536389940736,282.5634887909847,272.5848420727343,0,0,9.089436474791114,0.5697022362372763,296.00007759162673,249.66361139941824,-12.745025634765625,11.60882183840722,9.089436474791114,0,0,0
2025-02-07,273.72100830078125,278.90792530816606,269.81848883337494,277.37656187110156,26682639,276.3885498046875,285.4780578613281,281.0815124511719,16834939.0,276.07704592411704,275.88041265799257,49.09344300667317,-0.00965141828701399,9.089436474791114,-3.6555535703203077,1.531363437064499,3.9025194674063073,33538858.5,0.5849560844859609,288.29378882119636,281.57550805771757,0,1,10.077450324897029,0.19663326612447918,296.00007759162673,249.66361139941824,-4.69293212890625,11.64763465608988,10.077450324897029,0,0,0
2025-02-10,270.1642761230469,278.8091373793956,268.7316870544986,275.5487716150427,21789085,273.72100830078125,276.3885498046875,285.4780578613281,26682639.0,274.894491963903,275.3607638820884,51.51219049140164,-0.01299400509962323,10.077450324897029,-5.384495491995835,3.260365764352912,1.4325890685482818,32812795.4,-0.18339842622013514,286.46599960590817,275.64756173550603,0,0,11.114822407375925,-0.4662719181853845,296.00007759162673,249.66361139941824,-0.691558837890625,11.450038645087405,11.114822407375925,0,0,0
2025-02-11,261.8652038574219,270.70767463297733,259.5928522256014,270.5100657298253,23839025,270.1642761230469,273.72100830078125,276.3885498046875,21789085.0,272.2886343426068,274.1338947889369,45.85275272168904,-0.030718614558222224,11.114822407375925,-8.644861872403453,0.19760890315200186,2.27235163182047,33760567.8,0.0940810502139029,278.90792530816606,269.81848883337494,0,0,11.60881448126537,-1.8452604463300872,296.00007759162673,255.8879272831933,-19.21630859375,11.548836695657297,11.60881448126537,0,0,0
2025-02-12,256.0361022949219,262.556804118831,250.94798963756563,261.7664288102479,27997028,261.8652038574219,270.1642761230469,273.72100830078125,23839025.0,269.03812793306986,272.4886409258446,44.97258133554392,-0.02225993173829155,11.60881448126537,-5.730326515325999,0.7903753085831227,5.088112657356248,31886677.4,0.1744200108855123,278.8091373793956,268.7316870544986,0,1,6.817085797925046,-3.4505129927747475,296.00007759162673,259.5928522256014,-29.44195556640625,11.820530626547532,6.817085797925046,0,0,0
2025-02-13,258.40728759765625,262.3098377335199,255.49275193559484,256.03613125284176,18016813,256.0361022949219,261.8652038574219,270.1642761230469,27997028.0,266.91195986598717,271.2085178960093,49.330784475215665,0.009261136540826831,6.817085797925046,2.3711563448144943,3.9025501358636348,0.5433793172469166,28663147.1,-0.35647408717811047,270.70767463297733,259.5928522256014,0,0,16.10414595754378,-4.29655803002214,296.00007759162673,250.94798963756563,-17.98126220703125,11.940498892432775,16.10414595754378,0,0,0
2025-02-14,247.34185791015625,261.3218287287975,245.21768277125375,259.04947706107544,25683310,258.40728759765625,256.0361022949219,261.8652038574219,18016813.0,262.997939474821,269.038821533659,46.444651759188865,-0.04282166261784781,16.10414595754378,-11.707619150919186,2.2723516677220914,2.124175138902501,25048252.8,0.4255190415752219,262.556804118831,250.94798963756563,0,0,7.311076898056598,-6.040882058838008,296.00007759162673,250.94798963756563,-26.379150390625,12.173380029443999,7.311076898056598,0,0,0
2025-02-17,245.5140686035156,246.99604487275215,239.68496797469555,245.95865846919816,24947159,247.34185791015625,258.40728759765625,256.0361022949219,25683310.0,259.50116530055993,266.9002076309187,41.009608759082454,-0.007389729025584435,7.311076898056598,-0.4445898656825591,1.0373864035539953,5.8291006288200435,23364366.4,-0.02866262175708656,262.3098377335199,255.49275193559484,0,1,9.089451365313067,-7.399042330358782,288.29378882119636,245.21768277125375,-24.65020751953128,12.060467059517887,9.089451365313067,0,0,0
2025-02-18,241.6609344482422,246.7490469027466,237.65959553743355,246.0080587739095,21180375,245.5140686035156,247.34185791015625,258.40728759765625,24947159.0,255.9331191300964,264.6057282506754,32.27817574361656,-0.015694148108049588,9.089451365313067,-4.347124325667323,0.7409881288371025,4.0013389108086415,22578888.4,-0.15099049955948896,261.3218287287975,245.21768277125375,0,0,13.584782130500344,-8.672609120578983,288.29378882119636,239.68496797469555,-20.204269409179688,11.820527347447095,13.584782130500344,0,0,0
2025-02-19,250.3551788330078,250.94797535615183,237.3631932256515,237.80778308028857,21516255,241.6609344482422,245.5140686035156,247.34185791015625,21180375.0,254.8175310706787,263.31022375816013,28.493175632367468,0.035977037019310654,13.584782130500344,12.54739575271924,0.5927965231440169,0.444589854637087,22848662.8,0.01585807616720669,246.99604487275215,239.68496797469555,0,0,10.571443256788712,-8.492692687481423,288.29378882119636,237.65959553743355,-5.6809234619140625,11.901682701048971,10.571443256788712,0,1,0
2025-02-20,257.1228942871094,257.81449530423976,247.24305204745104,248.9720244393912,18922988,250.3551788330078,241.6609344482422,245.5140686035156,21516255.0,255.27860371396486,262.7477392607919,37.65046058640685,0.027032456391148818,10.571443256788712,8.150869847718184,0.691601017130381,1.7289723919401467,23057467.7,-0.12052594654599513,246.7490469027466,237.65959553743355,1,0,8.002678254593945,-7.469135546827033,286.46599960590817,237.3631932256515,-1.284393310546875,10.51850437077498,8.002678254593945,0,0,0
2025-02-21,253.02276611328125,259.3458591246186,251.34318087002464,256.3819064489087,16594628,257.1228942871094,250.3551788330078,241.6609344482422,18922988.0,254.82743619382813,261.8636507928364,39.22392506460807,-0.015946180853307568,8.002678254593945,-3.359140335627444,2.9639526757098906,1.6795852432566107,22048666.6,-0.12304399284087697,250.94797535615183,237.3631932256515,1,0,7.85448658779012,-7.036214599008247,278.90792530816606,237.3631932256515,5.680908203125,10.063325192941589,7.85448658779012,0,0,0
2025-02-24,253.2697601318359,255.34453301831687,247.49004643052675,247.98403853917057,15409569,253.02276611328125,257.1228942871094,250.3551788330078,16594628.0,254.5159009814297,261.0823880054727,30.88936583811008,0.0009761731023210096,7.85448658779012,5.28572159266534,2.0747728864809574,0.49399210864382326,21410715.0,-0.07141220640800139,257.81449530423976,247.24305204745104,0,0,3.16153125835055,-6.566487024042999,278.8091373793956,237.3631932256515,7.7556915283203125,9.911599469337284,3.16153125835055,0,0,0
2025-02-25,253.56613159179688,255.44329548751816,252.2817642291676,253.26974840069292,14770656,253.2697601318359,253.02276611328125,257.1228942871094,15409569.0,254.32594710350315,260.3990919678658,26.76257870510082,0.0011701809951836228,3.16153125835055,0.2963831911039563,1.8771638957212815,0.9879841715253121,20503878.1,-0.04146209410529267,259.3458591246186,251.34318087002464,0,0,6.421897362898051,-6.073144864362632,270.70767463297733,237.3631932256515,11.905197143554688,9.657545933256696,6.421897362898051,0,1,0
2025-02-27,249.41661071777344,255.2951137502608,248.87321638736276,254.0107463380353,11087361,253.56613159179688,253.2697601318359,253.02276611328125,14770656.0,253.34407982635722,259.40068458149375,28.837225673859436,-0.016364649521504515,6.421897362898051,-4.594135620261852,1.2843674122255209,0.5433943304106776,18812911.4,-0.2493657018347729,255.34453301831687,247.49004643052675,0,0,7.360479212217598,-6.056604755136533,262.556804118831,237.3631932256515,-0.938568115234375,9.343507325577832,7.360479212217598,0,1,0
2025-02-28,243.2911071777344,247.934629863094,240.5741506508764,246.996047896177,17754591,249.41661071777344,253.56613159179688,253.2697601318359,11087361.0,251.33348529663266,257.93617754478834,27.352949192577626,-0.024559324747501776,7.360479212217598,-3.7049407184426,0.9385819669169848,2.716956526858013,18786689.2,0.6013360618455554,255.44329548751816,252.2817642291676,0,1,14.365282999816884,-6.602692248155677,262.3098377335199,237.3631932256515,-13.831787109374972,9.220010378251152,14.365282999816884,0,1,0
2025-03-03,254.29725646972656,255.78909204318117,241.4238090433643,244.526078691217,24644079,243.2911071777344,249.41661071777344,253.56613159179688,17754591.0,251.92623953125144,257.6053665379645,39.36987654119058,0.04523860086654019,14.365282999816884,9.771177778509553,1.4918355734546083,3.1022696478527223,18682766.1,0.3880398033387533,255.2951137502608,248.87321638736276,0,0,13.831779209102336,-5.679127006713088,261.3218287287975,237.3631932256515,1.2744903564453125,9.526284140745428,13.831779209102336,0,0,0
2025-03-04,261.529296875,263.2977970875547,249.4660178784524,250.8393153540527,24998454,254.29725646972656,243.2911071777344,249.41661071777344,24644079.0,253.84685100000118,257.96208747769504,49.771694706851605,0.028439317457341184,13.831779209102336,10.689981520947299,1.7685002125547271,1.3732974756003102,18687895.6,0.014379721798489564,247.934629863094,240.5741506508764,1,0,12.320164572533088,-4.1152364776938555,259.3458591246186,237.3631932256515,8.259536743164091,9.720352483725886,12.320164572533088,0,0,0
2025-03-05,271.61663818359375,272.48603898054785,260.16587440801476,261.8158213409684,28499877,261.529296875,254.29725646972656,243.2911071777344,24998454.0,257.40080843671973,259.20341026914036,60.010168140975225,0.0385705977461297,12.320164572533088,9.800816842625352,0.8694007969540962,1.6499469329536396,19419845.8,0.1400655816555696,255.78909204318117,241.4238090433643,1,0,9.059829023857958,-1.8026018324206348,263.2977970875547,237.3631932256515,18.050506591796875,9.771163204530723,9.059829023857958,0,0,0
2025-03-06,269.6703186035156,277.6235799180369,268.56375089417895,272.8911268216696,22586087,271.61663818359375,261.529296875,254.29725646972656,28499877.0,259.85471047007894,260.1549473904472,57.27598375522435,-0.007165686141666128,9.059829023857958,-3.2208082181539908,4.732453096367294,1.106567709336673,19526829.0,-0.20750229904500994,263.2977970875547,249.4660178784524,1,0,5.661160511760556,-0.3002369203682633,272.48603898054785,237.3631932256515,20.253707885742188,9.931359149240217,5.661160511760556,0,0,0
2025-03-07,273.6617431640625,276.36884046620946,270.7076799544489,272.48603951423325,25542382,269.6703186035156,271.61663818359375,261.529296875,22586087.0,262.6161170088757,261.3828379153213,68.71312216330594,0.01480112672843048,5.661160511760556,1.175703649829245,2.7070973021469626,1.7783595597843487,20188768.4,0.13089009176312838,272.48603898054785,260.16587440801476,0,0,11.776785601749793,1.2332790935543585,277.6235799180369,240.5741506508764,30.370635986328097,9.185431617398558,11.776785601749793,0,0,0
2025-03-10,269.0577392578125,280.06389834566653,268.28711274391674,275.25241984151967,20986855,273.6617431640625,269.6703186035156,271.61663818359375,25542382.0,263.90444145866303,262.08055621918413,66.10354559003414,-0.016823703061373374,11.776785601749793,-6.194680583707168,4.811478504146862,0.7706265138957633,20627991.1,-0.17835169014385577,277.6235799180369,268.56375089417895,0,0,9.388173155108063,1.8238852394788978,277.6235799180369,240.5741506508764,14.760482788085938,9.5044108105195,9.388173155108063,0,0,0
2025-03-11,275.3661804199219,276.67754987154603,267.28937671643797,270.1704239317,20980143,269.0577392578125,273.6617431640625,269.6703186035156,20986855.0,266.19678925091483,263.28834023743303,72.30475249568278,0.023446421498638292,9.388173155108063,5.195756488221889,1.3113694516241594,2.881047215262015,21185048.5,-0.0003198192392332988,276.36884046620946,270.7076799544489,0,0,6.23890364680409,2.9084490134817997,280.06389834566653,240.5741506508764,13.836883544921875,9.525748081219144,6.23890364680409,0,0,1
2025-03-12,275.0184631347656,278.5651090015789,272.3262053547748,276.9557148281683,15308721,275.3661804199219,269.0577392578125,273.6617431640625,20980143.0,267.961124027685,264.35471504628146,68.34801742611735,-0.0012627450641397031,6.23890364680409,-1.9372516934026862,1.6093941734105783,2.6922577799908254,21238855.0,-0.2703233242976466,280.06389834566653,268.28711274391674,0,0,6.338224837484347,3.606408981403547,280.06389834566653,240.5741506508764,3.401824951171875,9.001042475240839,6.338224837484347,0,0,0
2025-03-13,278.2372741699219,283.92975856660445,277.5915337291201,281.14809344413095,38015489,275.0184631347656,275.3661804199219,269.0577392578125,15308721.0,270.0163540561324,265.6167658757033,66.58351054344222,0.011703981610787118,6.338224837484347,-2.910819274209075,2.7816651224734983,0.6457404408017737,23931667.8,1.4832570271546524,276.67754987154603,267.28937671643797,1,0,6.616421650810025,4.3995881804290775,280.06389834566653,240.5741506508764,8.56695556640625,8.698669731004813,6.616421650810025,1,0,0
2025-03-17,278.0981750488281,281.5256109212779,274.9091892704679,279.1611804142402,13883681,278.2372741699219,275.0184631347656,275.3661804199219,38015489.0,271.63271825467154,266.7514394368965,71.00127233812196,-0.0004999298584588141,6.616421650810025,-1.0630053654120957,2.364430507037696,3.188985778360234,23544576.8,-0.6347888356769527,278.5651090015789,272.3262053547748,0,0,0.0,4.881278817775069,283.92975856660445,240.5741506508764,4.436431884765625,8.599651402163104,0.0,0,0,1
2025-03-18,278.0981750488281,278.0981750488281,278.0981750488281,278.0981750488281,0,278.0981750488281,278.2372741699219,275.0184631347656,13883681.0,272.9258096135029,267.78296085616296,70.88079829684358,0.0,0.0,0.0,0.0,0.0,21080168.9,-1.0,283.92975856660445,277.5915337291201,0,0,8.176125035203711,5.142848757339948,283.92975856660445,241.4238090433643,9.040435791015625,8.03861664589238,8.176125035203711,0,0,1
2025-03-19,288.102294921875,291.07271922641786,282.89659419121415,284.1284701643319,21095205,278.0981750488281,278.0981750488281,278.2372741699219,0.0,275.96110667517735,269.630173043955,74.96813018505013,0.03597333880846354,8.176125035203711,3.9738247575431274,2.9704243045428598,1.2318759731177238,20689844.0,inf,281.5256109212779,274.9091892704679,1,0,6.636279871067586,6.330933631222365,283.92975856660445,249.4660178784524,12.736114501953125,8.396801915667607,6.636279871067586,0,0,1
2025-03-20,295.10614013671875,295.8313740477965,289.1950941767289,292.88080804052265,27889890,288.102294921875,278.0981750488281,278.0981750488281,21095205.0,279.7901133674856,271.946170052388,81.72231200219176,0.024310272213357464,6.636279871067586,2.225332096196098,0.725233911077737,3.685713863793751,20628845.3,0.32209618252109906,278.0981750488281,278.0981750488281,1,0,8.1960134025976,7.84394331509759,291.07271922641786,260.16587440801476,20.087677001953125,8.412114951965432,8.1960134025976,0,0,1
2025-03-21,293.8047180175781,299.03030717356074,290.83429377096314,299.03030717356074,41751586,295.10614013671875,288.102294921875,278.0981750488281,27889890.0,282.5930342975041,273.9333107764962,87.5897145213757,-0.004410013693844861,8.1960134025976,-5.225589155982618,0.0,2.970424246614982,22545395.2,0.49701508324342614,291.07271922641786,282.89659419121415,0,0,8.494037925111456,8.65972352100789,295.8313740477965,267.28937671643797,15.56744384765625,8.471795965564002,8.494037925111456,1,0,1
2025-03-24,300.12310791015625,302.9047729931034,294.41073506799194,294.9571238213965,29935092,293.8047180175781,295.10614013671875,288.102294921875,41751586.0,286.09904902003456,276.31420142501076,86.65893591491616,0.021505406499973567,8.494037925111456,5.165984088759728,2.7816650829471428,0.5463887534045853,22984666.2,-0.2830190450729225,295.8313740477965,289.1950941767289,0,0,5.811724597986881,9.784847595023791,299.03030717356074,267.28937671643797,22.024932861328125,8.052421317370758,5.811724597986881,0,0,1
2025-03-25,298.066650390625,302.50740063732644,296.69567603933956,302.01067255746216,19364944,300.12310791015625,293.8047180175781,295.10614013671875,29935092.0,288.49256929415264,278.29169678552114,81.86727310668489,-0.006852046594648997,5.811724597986881,-3.944022166837158,0.49672807986428325,1.3709743512854402,22822475.1,-0.3531022386702536,299.03030717356074,290.83429377096314,0,0,6.964137332923997,10.200872508631505,302.9047729931034,267.28937671643797,19.968475341796875,7.479560273719654,6.964137332923997,0,0,1
2025-03-26,297.5798645019531,303.5008546837003,296.5367173507763,299.0998512030386,23869923,298.066650390625,300.12310791015625,293.8047180175781,19364944.0,290.3100283357128,280.045166577924,77.19981865998939,-0.0016331444260333505,6.964137332923997,-1.519986701085486,4.4010034806617,1.043147151176811,23111453.1,0.23263578763770254,302.9047729931034,294.41073506799194,0,0,5.334854696716377,10.264861757788765,302.9047729931034,267.28937671643797,9.477569580078125,7.096986899461862,5.334854696716377,0,0,1
2025-03-27,298.6825866699219,300.023758541547,294.68890384483063,295.0564777709916,14453677,297.5798645019531,298.066650390625,300.12310791015625,23869923.0,291.98454000255464,281.73947749537837,80.94098042661771,0.0037056343506787215,5.334854696716377,3.6261088989302834,1.3411718716251357,0.36757392616095785,23025948.7,-0.39448162442752743,302.50740063732644,296.69567603933956,0,0,7.4608348503218735,10.245062507176272,303.5008546837003,272.3262053547748,3.576446533203125,6.830917304666035,7.4608348503218735,0,0,1
2025-03-28,299.34820556640625,304.5737641451472,297.11292929482534,302.01066069359933,20850848,298.6825866699219,297.5798645019531,298.066650390625,14453677.0,293.457273115325,283.3402709563809,79.48573870762073,0.0022285159101691487,7.4608348503218735,-2.662455127193084,2.5631034515478746,2.235276271580915,21309484.6,0.44259817069386576,303.5008546837003,296.5367173507763,0,0,15.696595425991859,10.117002158944103,303.5008546837003,274.9091892704679,5.543487548828125,6.959465471706129,15.696595425991859,0,0,1
2025-04-01,290.0892028808594,303.7988859583522,288.1022905323603,300.02376462335457,33171384,299.34820556640625,298.6825866699219,297.5798645019531,20850848.0,292.78365906843186,283.95381022224257,71.81124491636731,-0.03093054347203328,15.696595425991859,-9.934561742495191,3.775121334997607,1.986912348499061,23238254.9,0.5908889652833305,300.023758541547,294.68890384483063,0,0,16.193322613190787,8.829848846189293,304.5737641451472,274.9091892704679,-10.033905029296875,7.239451887723419,16.193322613190787,0,0,1
2025-04-02,280.552001953125,288.84736661067814,272.65404399748735,288.0029228459198,52653587,290.0892028808594,299.34820556640625,298.6825866699219,33171384.0,290.3373276453705,283.64455492505004,55.04053392658509,-0.032876786978008776,16.193322613190787,-7.450920892794784,0.8444437647583527,7.897957955637651,28503613.6,0.5873195703863305,304.5737641451472,297.11292929482534,0,1,5.613020765357021,6.692772720320477,304.5737641451472,278.0981750488281,-17.5146484375,7.725533991872185,5.613020765357021,1,0,0
2025-04-03,285.6186218261719,286.3637138831097,280.7506931177527,281.14806948454486,20968721,280.552001953125,290.0892028808594,299.34820556640625,52653587.0,289.3935864815308,283.8240155524247,59.43744722195958,0.018059467898195347,5.613020765357021,4.4705523416270125,0.7450920569378354,0.39737636679217303,28490965.2,-0.6017608259053652,303.7988859583522,288.1022905323603,0,1,9.636536872546571,5.569570929106078,304.5737641451472,272.65404399748735,-11.96124267578125,7.680828071768823,9.636536872546571,0,0,0
2025-04-04,278.167724609375,286.11537388392856,276.478837011382,285.22126940411647,19699594,285.6186218261719,280.552001953125,290.0892028808594,20968721.0,287.14841410709965,283.30980728487475,49.94241840670544,-0.026086874760328116,9.636536872546571,-7.05354479474147,0.8941044798120856,1.6888875979930162,27671935.6,-0.06052476925035155,288.84736661067814,272.65404399748735,0,0,18.18023562039781,3.8386068222249037,304.5737641451472,272.65404399748735,-20.514862060546875,7.916421788558982,18.18023562039781,0,0,0
2025-04-07,270.3194274902344,272.7037162132229,254.52348059282508,255.31823339452924,24954083,278.167724609375,285.6186218261719,280.552001953125,19699594.0,283.7826167837266,282.12886366718016,44.288847283452824,-0.028214262205156326,18.18023562039781,15.00119409570513,2.384288722988515,0.7947528017041634,25992185.3,0.26673082704141016,286.3637138831097,280.7506931177527,0,1,11.325394058777078,1.6537531165464543,304.5737641451472,272.65404399748735,-29.028778076171875,8.742408500672395,11.325394058777078,0,0,0
2025-04-08,279.6082458496094,286.1153715120562,274.7899774532791,280.6017020006929,26787606,270.3194274902344,278.167724609375,285.6186218261719,24954083.0,282.9477425969032,281.89971659285555,50.97562148993543,0.03436237804147679,11.325394058777078,-0.9934561510835351,5.513669511363275,4.818268396330268,25677436.7,0.07347587166396785,286.11537388392856,276.478837011382,0,0,6.159410107125211,1.0480260040476423,304.5737641451472,254.52348059282508,-10.48095703125,9.551365219156471,6.159410107125211,0,0,0
2025-04-09,278.3167419433594,280.9493947490269,274.7899846419017,279.1611857574465,11389916,279.6082458496094,270.3194274902344,278.167724609375,26787606.0,282.02154246619443,281.57399162471955,42.87572980594349,-0.0046189764623202345,6.159410107125211,-0.8444438140871284,1.7882089915804045,3.5267573014576783,24879933.9,-0.5748064981992045,272.7037162132229,254.52348059282508,1,0,4.321540423155909,0.4475508414748788,304.5737641451472,254.52348059282508,-2.235260009765625,9.407314152865151,4.321540423155909,0,0,0
2025-04-11,283.135009765625,285.12192211485745,280.80038169170155,281.14809741639255,13883110,278.3167419433594,279.6082458496094,270.3194274902344,11389916.0,282.24423592608053,281.7159023648019,40.99806775258054,0.017312173851353085,4.321540423155909,1.9869123492324547,1.9869123492324547,0.34771572469099965,23881252.6,0.21889485400945885,286.1153715120562,274.7899774532791,0,0,6.5568164915463285,0.5283335612786573,304.5737641451472,254.52348059282508,-2.483612060546875,9.24197562087146,6.5568164915463285,0,0,0
2025-04-15,291.778076171875,292.2251132376026,285.6682967460563,288.00292470443924,19512440,283.135009765625,278.3167419433594,279.6082458496094,13883110.0,284.15100397523946,282.63064543817217,48.627562173961024,0.03052630762053976,6.5568164915463285,3.7751514674357622,0.4470370657276135,2.334627958382953,24387128.9,0.4054804723149208,280.9493947490269,274.7899846419017,1,0,4.023515732740975,1.5203585370672954,304.5737641451472,254.52348059282508,13.6103515625,9.12489012722494,4.023515732740975,0,0,0
2025-04-16,291.6787414550781,293.4172897757019,289.3937740429609,291.57938977318145,12479078,291.778076171875,283.135009765625,278.3167419433594,19512440.0,285.6565514712072,283.45319962152723,43.7555148842636,-0.00034044612981254385,4.023515732740975,0.0993516818966782,1.7385483206237495,2.1856157302205474,23549951.9,-0.3604552787862513,285.12192211485745,280.80038169170155,1,0,5.414347965271759,2.2033518496799616,304.5737641451472,254.52348059282508,21.35931396484375,8.80556711348419,5.414347965271759,0,0,0
2025-04-17,293.21856689453125,294.6590903914567,289.2447424261849,291.08264230637,13609937,291.6787414550781,291.778076171875,283.135009765625,12479078.0,287.168954555872,284.34096028270943,46.38730939578817,0.0052791829523519684,5.414347965271759,2.135924588161231,1.4405234969254366,1.8378998801850912,21593807.2,0.09062039679534006,292.2251132376026,285.6682967460563,0,0,6.4078042580410965,2.827994273162574,303.7988859583522,254.52348059282508,13.610321044921875,8.777183068290254,6.4078042580410965,0,0,0
2025-04-21,297.9871826171875,299.6263791917473,293.2185749337062,295.5532029364431,14064356,293.21856689453125,291.6787414550781,291.778076171875,13609937.0,289.3326001681351,285.5815259494802,50.285317530386195,0.01626300739806652,6.4078042580410965,2.4339796807444145,1.6391965745597759,2.334628002736906,17734884.1,0.03338876587011397,293.4172897757019,289.3937740429609,0,0,4.967280750546308,3.751074218654935,294.6590903914567,254.52348059282508,19.670440673828125,8.737444991512904,4.967280750546308,0,0,0
2025-04-22,301.36492919921875,302.7557617457966,297.78848099525027,299.0303011828869,11962358,297.9871826171875,293.21856689453125,291.6787414550781,14064356.0,291.7390659743519,287.0163807903655,51.82088740889347,0.011335207616532061,4.967280750546308,2.3346280163318625,1.3908325465778262,1.2418201876366197,16834247.8,-0.14945568783952856,294.6590903914567,289.2447424261849,1,0,8.444377337149035,4.722685183986414,299.6263791917473,254.52348059282508,18.22991943359375,8.711189709643614,8.444377337149035,0,0,0
2025-04-23,303.84857177734375,308.2694334866551,299.82505614950605,303.60020773801585,21918666,301.36492919921875,297.9871826171875,293.21856689453125,11962358.0,294.1609671349503,288.54657997099986,52.98144753090663,0.00824131256654348,8.444377337149035,0.24836403932789608,4.420861709311339,3.7751515885098,17056155.0,0.8323031295334917,299.6263791917473,293.2185749337062,1,0,5.116293062785701,5.6143871639504255,302.7557617457966,254.52348059282508,12.07049560546875,8.781442744416982,5.116293062785701,0,0,0
2025-04-24,303.6995544433594,306.580571188803,301.4642781260173,303.0041230174806,17241517,303.84857177734375,301.36492919921875,297.9871826171875,21918666.0,296.0686845966321,289.9241231048507,60.254495354960824,-0.0004904328926501611,5.116293062785701,0.6954314258787804,2.881016745443617,1.5398448914633036,16284898.4,-0.2133865719747725,302.7557617457966,297.78848099525027,0,0,14.007707511369915,6.144561491781417,308.2694334866551,254.52348059282508,12.02081298828125,8.025706861330828,14.007707511369915,0,0,0
2025-04-25,295.6525573730469,305.7857919489767,291.77808443760676,304.79233579538305,20307004,303.6995544433594,303.84857177734375,301.36492919921875,17241517.0,295.9854591519151,290.4448898565049,61.63861456702044,-0.026496571867092644,14.007707511369915,-9.139778422336178,0.9934561535936268,3.87447293544011,15636838.2,0.1777968261145466,308.2694334866551,299.82505614950605,0,0,11.921473231265907,5.540569295410194,308.2694334866551,274.7899774532791,2.433990478515625,7.869591496915051,11.921473231265907,0,0,0
2025-04-28,303.05377197265625,305.8354672506762,293.91399401941027,294.0630063712262,29913417,295.6525573730469,303.6995544433594,303.84857177734375,20307004.0,297.39912171606335,291.5911518670641,62.971183523010815,0.02503348750090706,11.921473231265907,8.990765601430041,2.7816952780199244,0.14901235181594075,17489188.3,0.47305909823034464,306.580571188803,301.4642781260173,0,0,13.56070122482896,5.807969848999221,308.2694334866551,274.7899846419017,5.06658935546875,8.320195244479972,13.56070122482896,1,0,0
2025-04-29,315.02496337890625,317.3595914850266,303.79889026019765,304.54398240143547,57882724,303.05377197265625,295.6525573730469,303.6995544433594,29913417.0,300.9242900486319,293.72149836814066,75.69252985064466,0.039501872318982834,13.56070122482896,10.480980977470779,2.3346281061203626,0.7450921412378193,21889149.7,0.9350087621216927,305.7857919489767,291.77808443760676,0,0,7.7986369261248,7.202791680491259,308.2694334866551,280.80038169170155,13.6600341796875,8.600492698214428,7.7986369261248,1,0,1
2025-04-30,312.0445861816406,318.3530388665139,310.5544019403891,316.9125153061537,24863436,315.02496337890625,303.05377197265625,295.6525573730469,57882724.0,303.14834927523367,295.3872336239134,81.20355696586175,-0.009460765157461082,7.7986369261248,-4.8679291245130685,1.440523560360191,1.4901842412515407,22424249.3,-0.5704515219428857,305.8354672506762,293.91399401941027,1,0,7.103205790211234,7.761115651320267,317.3595914850266,285.6682967460563,8.196014404296875,7.858949934337785,7.103205790211234,0,0,1
2025-05-02,309.1138916015625,315.6707086070949,308.5675028168837,308.76617586682266,15451259,312.0445861816406,315.02496337890625,303.05377197265625,24863436.0,304.34145774049944,296.6351116218815,74.38422850190642,-0.009391909713736157,7.103205790211234,0.3477157347398361,6.556817005532423,0.19867304993897505,22721467.4,-0.37855495917780635,317.3595914850266,303.79889026019765,0,0,3.6757697154853304,7.706346118617944,318.3530388665139,289.2447424261849,5.414337158203125,7.557365058011653,3.6757697154853304,0,0,1
2025-05-05,313.2367248535156,314.82626082247975,311.1504911069944,311.8955832501454,10955241,309.1138916015625,312.0445861816406,315.02496337890625,15451259.0,306.1205111631027,298.1443491883937,77.5686289626992,0.013337586449422068,3.6757697154853304,1.341141603370204,1.5895359689641282,0.7450921431509983,22455997.8,-0.29098068966418855,318.3530388665139,310.5544019403891,0,0,10.033883025728755,7.9761619747090435,318.3530388665139,289.2447424261849,17.58416748046875,7.379962172894518,10.033883025728755,0,0,1
2025-05-06,308.4681396484375,317.2105417850753,307.17665875934654,313.58443284151105,17029890,313.2367248535156,309.1138916015625,312.0445861816406,10955241.0,306.5900368601697,299.0828755938522,70.01570169101811,-0.015223582762551646,10.033883025728755,-5.116293193073545,3.6261089435642475,1.2914808890909626,22752551.2,0.5544970667464093,315.6707086070949,308.5675028168837,0,0,10.13326509113142,7.507161266317496,318.3530388665139,291.77808443760676,5.41436767578125,7.787986644506865,10.13326509113142,0,0,1
2025-05-07,307.9217529296875,313.13739783761883,303.0041327464874,303.0041327464874,19274367,308.4681396484375,313.2367248535156,309.1138916015625,17029890.0,306.85638007407323,299.8864098971099,64.62648270522851,-0.001771290608400311,10.13326509113142,4.917620183200086,5.215644907931335,0.0,23483752.1,0.131796329864726,314.82626082247975,311.1504911069944,0,0,8.841783837381229,6.969970176963329,318.3530388665139,291.77808443760676,-7.10321044921875,8.043447258762942,8.841783837381229,0,0,0
2025-05-08,305.1400451660156,311.64720102743524,302.805417190054,308.4681292749077,17110997,307.9217529296875,308.4681396484375,313.2367248535156,19274367.0,306.5131130924617,300.364013103374,61.6308748970334,-0.009033813743932084,8.841783837381229,-3.328084108892085,3.179071752527534,2.3346279759616095,23002985.2,-0.11224078072187793,317.2105417850753,307.17665875934654,0,0,16.69005015730835,6.149099989087688,318.3530388665139,291.77808443760676,-6.904541015625,8.387609266237247,16.69005015730835,0,0,0
2025-05-09,313.7831115722656,319.69415710728686,303.0041069499785,303.0041069499785,44244945,305.1400451660156,307.9217529296875,308.4681396484375,17110997.0,307.9671127884225,301.5839311460005,65.825679131801,0.028324916847762838,16.69005015730835,10.779004622287118,5.9110455350212305,0.0,25703328.0,1.5857607829631437,313.13739783761883,303.0041327464874,0,0,8.742401692359692,6.3831816424220165,318.3530388665139,291.77808443760676,4.669219970703125,9.193016565668431,8.742401692359692,1,0,0
2025-05-12,320.6876220703125,322.87323765233975,314.13083595998006,322.87323765233975,39927141,313.7831115722656,305.1400451660156,307.9217529296875,44244945.0,310.51121464480053,303.32063032093794,66.91337038664044,0.02200408576309476,8.742401692359692,-2.1856155820272534,0.0,6.556786110332439,27665341.7,-0.09758863978698584,311.64720102743524,302.805417190054,1,0,14.852182242811296,7.190584323862595,319.69415710728686,291.77808443760676,7.450897216796875,9.359773525262616,14.852182242811296,0,0,0
2025-05-13,333.55291748046875,335.53982987052365,320.68764762771235,321.58178245753874,57985762,320.6876220703125,313.7831115722656,305.1400451660156,39927141.0,315.1195552119342,306.06902006271343,71.01166509023133,0.040117842176444984,14.852182242811296,11.971135022930014,1.986912390054897,0.8941348298263847,30472576.2,0.45228935875974696,319.69415710728686,303.0041069499785,1,0,11.424746321251575,9.050535149220764,322.87323765233975,293.91399401941027,25.08477783203125,10.06583791756726,11.424746321251575,1,0,1
2025-05-14,342.0966491699219,343.73584583939555,332.311099518144,336.7816524264598,43684324,333.55291748046875,320.6876220703125,313.7831115722656,57985762.0,320.51497400353173,309.34425907245964,73.13701259646167,0.02561432157148924,11.424746321251575,5.314996743462075,1.6391966694736766,4.470552908315824,29052736.2,-0.24663706238783234,322.87323765233975,314.13083595998006,1,0,10.133264747990893,11.170714931072098,335.53982987052365,302.805417190054,34.174896240234375,10.278721416431726,10.133264747990893,1,0,1
2025-05-15,348.1070251464844,348.7031048936383,338.5698401456474,344.2325522667968,35959338,342.0966491699219,333.55291748046875,320.6876220703125,43684324.0,326.0333842321223,312.868146897371,75.08415720745631,0.01756923369798069,10.133264747990893,3.8744728796875734,0.5960797471539081,5.662712121149411,30162326.4,-0.17683656956669402,335.53982987052365,320.68764762771235,1,0,21.408967303465317,13.165237334751282,343.73584583939555,302.805417190054,42.96697998046875,10.637076536803525,21.408967303465317,0,0,1
2025-05-16,361.5186767578125,368.72123364282226,347.31226633935694,349.29917858349756,68855818,348.1070251464844,342.0966491699219,333.55291748046875,35959338.0,333.13044273726035,317.2909223392293,85.0793466074486,0.038527379921977856,21.408967303465317,12.219498174314936,7.202556885009756,1.9869122441406262,35502782.3,0.9148244052768713,343.73584583939555,332.311099518144,1,0,10.878357432603423,15.839520398031027,348.7031048936383,302.805417190054,47.735565185546875,11.165737950524626,10.878357432603423,1,0,1
2025-05-19,361.36968994140625,371.0558878161243,360.1775303835209,370.4598080371817,52003735,361.5186767578125,348.1070251464844,342.0966491699219,68855818.0,338.77829217808954,321.29808303033633,83.65827400981868,-0.0004121137467707481,10.878357432603423,-9.090118095775438,0.5960797789426238,1.1921595578853612,39607631.7,-0.2447445036525454,348.7031048936383,338.5698401456474,1,0,12.418202108581909,17.480209147753214,368.72123364282226,302.805417190054,40.68206787109375,11.09122967919159,12.418202108581909,0,0,1
2025-05-20,361.4193420410156,368.5722385827093,356.1540364741274,366.98270264923553,67088831,361.36968994140625,361.5186767578125,348.1070251464844,52003735.0,343.30650215067476,324.94547021312536,81.05053579882902,0.0001373997349292111,12.418202108581909,-5.563360608219909,1.589535933473769,5.26530556688823,44613525.8,0.29007716464980837,368.72123364282226,347.31226633935694,0,0,19.769771733396624,18.3610319375494,371.0558878161243,302.805417190054,27.866424560546875,11.009622599459659,19.769771733396624,1,0,1
2025-05-21,380.49371337890625,381.3878178689629,361.61804613556626,364.4990629670271,88688170,361.4193420410156,361.36968994140625,361.5186767578125,67088831.0,350.74394439632107,329.9953105009236,87.69148297957078,0.05277628814820323,19.769771733396624,15.99465041187915,0.894104490056634,2.8810168314608404,51554906.1,0.3219513394114737,371.0558878161243,360.1775303835209,0,0,7.699285181041091,20.74863389539746,371.0558878161243,302.805417190054,38.397064208984375,11.864703657121932,7.699285181041091,1,0,1
2025-05-22,380.8910827636719,384.2191669377616,376.5198817567205,380.4937063662901,43486783,380.49371337890625,361.4193420410156,361.36968994140625,88688170.0,356.77337206979126,334.6221988884462,90.65842939887284,0.0010443520373486503,7.699285181041091,0.39737639738177677,3.3280841740897245,3.97382460956959,54192484.7,-0.5096664752469242,368.5722385827093,356.1540364741274,1,0,8.742401853113563,22.151173181345087,381.3878178689629,302.805417190054,32.7840576171875,11.907280756466921,8.742401853113563,0,0,1
2025-05-23,381.2884521484375,387.34854063014984,378.6061387770363,386.6034485295592,37666187,380.8910827636719,380.49371337890625,361.4193420410156,43486783.0,361.6763880855205,338.8645855484454,90.24678492311502,0.001043262504027087,8.742401853113563,-5.314996381121716,0.7450921005906253,2.6823133714012215,53534608.9,-0.1338474726907254,381.3878178689629,361.61804613556626,0,0,7.252217548840747,22.811802537075096,384.2191669377616,303.0041069499785,19.769775390625,12.269183052011796,7.252217548840747,0,0,1
2025-05-26,382.0335388183594,383.27535896835775,376.023141419517,382.3812545239339,26722908,381.2884521484375,380.8910827636719,380.49371337890625,37666187.0,365.74781823208826,342.7890358457103,95.68169371206365,0.0019541286019115756,7.252217548840747,-0.34771570557450104,0.8941044444238742,6.010397398842372,52214185.6,-0.2905332307727352,384.2191669377616,376.5198817567205,0,0,5.314966524305362,22.958782386377948,387.34854063014984,314.13083595998006,20.663848876953125,12.07049266080551,5.314966524305362,0,0,1
2025-05-27,382.8780212402344,386.2557663256805,380.94079980137514,381.9839167055395,16859142,382.0335388183594,381.2884521484375,380.8910827636719,26722908.0,369.1738588337175,346.4334890633943,96.37369521488479,0.0022104928915063216,5.314966524305362,0.8941045346948613,3.377745085446122,1.0431169041643784,48101523.6,-0.3691127477593382,387.34854063014984,378.6061387770363,0,0,9.338482303009982,22.740369770323184,387.34854063014984,320.68764762771235,21.45867919921875,11.726328477460791,9.338482303009982,0,0,1
2025-05-28,387.8949890136719,390.9250183246151,381.5865360216051,382.9277079676158,27549144,382.8780212402344,382.0335388183594,381.2884521484375,16859142.0,372.91808486970837,350.2027163316013,99.82061218205696,0.013103305740001403,9.338482303009982,4.967281046056087,3.0300293109432346,1.341171946010661,46488005.6,0.6340774637285813,383.27535896835775,376.023141419517,0,0,6.507156018148521,22.715368538107043,387.34854063014984,332.311099518144,7.401275634765625,11.761806939291416,6.507156018148521,0,0,1
2025-05-29,384.2688293457031,389.5341651677785,383.02700914963,388.9877460907808,18562683,387.8949890136719,382.8780212402344,382.0335388183594,27549144.0,375.18823376490735,353.29963569651966,95.16230205968986,-0.009348302428936361,6.507156018148521,-4.7189167450776495,0.5464190769977222,1.2418201960731494,44748340.1,-0.32619746733328625,386.2557663256805,380.94079980137514,0,0,6.308452791080867,21.888598068387694,390.9250183246151,338.5698401456474,3.37774658203125,11.034457357922857,6.308452791080867,0,0,1
2025-05-30,382.083251953125,387.4479092483733,381.13945645729245,384.26883735303096,23144580,384.2688293457031,387.8949890136719,382.8780212402344,18562683.0,376.5672374025509,355.9163280834838,91.86993798840686,-0.005687626020303371,6.308452791080867,-2.1855853999059605,3.1790718953423607,0.9437954958325463,40177216.3,0.24683376858830153,390.9250183246151,381.5865360216051,0,0,5.464008907194966,20.650909319067125,390.9250183246151,347.31226633935694,0.7947998046875,10.860603864974369,5.464008907194966,0,0,1
2025-06-02,384.9642639160156,386.7028122046686,381.2388032974736,382.4806235036542,11943152,382.083251953125,384.2688293457031,387.8949890136719,23144580.0,378.24664270524386,358.55704952280485,90.58825060027785,0.007540272828404637,5.464008907194966,2.48364041236141,1.7385482886529644,1.2418202061805914,36171158.0,-0.4839762916414988,389.5341651677785,383.02700914963,0,0,6.2587618900250845,19.689593182439012,390.9250183246151,356.1540364741274,2.93072509765625,10.190020055287489,6.2587618900250845,0,0,1
2025-06-03,383.4740905761719,389.2361243695957,382.9773624795706,384.96427486597565,18630318,384.9642639160156,382.083251953125,384.2688293457031,11943152.0,379.2921322794295,360.8222350731109,86.76084153310074,-0.003870939407946805,6.2587618900250845,-1.4901842898037785,4.271849503620047,0.4967280966012595,31325306.7,0.5599163436921843,387.4479092483733,381.13945645729245,0,0,7.1528660446019785,18.469897206318592,390.9250183246151,356.1540364741274,0.5960693359375,9.821021167342739,7.1528660446019785,0,0,1
2025-06-04,388.0439758300781,388.73937694000966,381.5865108954077,384.4675276488394,20648850,383.4740905761719,384.9642639160156,382.083251953125,18630318.0,381.04250098955924,363.29693877828976,86.41307856174554,0.011917063932637362,7.1528660446019785,3.5764481812387316,0.695401109931538,2.881016753431709,24521374.7,0.10834662081452384,386.7028122046686,381.2388032974736,0,0,5.165984011580633,17.745562211269487,390.9250183246151,361.61804613556626,0.14898681640625,9.608135545672102,5.165984011580633,0,0,1
2025-06-05,390.9249877929687,392.1171472780643,386.95116326648366,391.12369114644304,20746844,388.0439758300781,383.4740905761719,384.9642639160156,20648850.0,383.01899835024113,365.808579597806,83.1838957274941,0.007424447079039664,5.165984011580633,-0.1987033534743432,0.993456131621258,3.973824526485032,22247380.8,0.004745736445371129,389.2361243695957,382.9773624795706,0,0,7.599933701897896,17.210418752435146,390.9250183246151,376.023141419517,6.656158447265568,8.447922453394625,7.599933701897896,0,0,1
2025-06-06,388.1433410644531,394.2530904986112,386.6531567967133,392.2661781416247,17366507,390.9249877929687,388.0439758300781,383.4740905761719,20746844.0,384.04386689308353,367.83901245841025,78.51854982105192,-0.007115551104112883,7.599933701897896,-4.122837077171596,1.9869123569864655,1.490184267739835,20217412.8,-0.16293258868674199,388.73937694000966,381.5865108954077,0,0,3.4770966924684785,16.20485443467328,392.1171472780643,376.023141419517,6.060089111328125,8.213749329772801,3.4770966924684785,0,0,1
2025-06-09,389.88189697265625,392.71322288222177,389.2361261897533,391.42174195217007,13744521,388.1433410644531,390.9249877929687,388.0439758300781,17366507.0,385.2114729089981,369.8429110506144,79.26459855274287,0.004479159434850111,3.4770966924684785,-1.5398449795138163,1.291480930051705,0.6457707829029573,18919574.1,-0.20856157199602665,392.1171472780643,386.95116326648366,0,0,7.103205427775265,15.368561858383657,394.2530904986112,376.023141419517,4.917633056640625,7.575098942907557,7.103205427775265,0,0,1
2025-06-10,394.7994689941406,399.220361000523,392.1171555727477,393.90536452034297,26456073,389.88189697265625,388.1433410644531,390.9249877929687,13744521.0,387.1290721260266,372.11168904548043,70.74929599409359,0.012612978596000968,7.103205427775265,0.894104473797654,4.42089200638236,1.7882089475952512,19879267.2,0.9248450346141563,394.2530904986112,386.6531567967133,0,0,7.599933545950478,15.017383080546153,394.2530904986112,380.94079980137514,11.32537841796875,6.670344206791746,7.599933545950478,0,0,1
2025-06-11,390.3289184570313,395.64391496648386,388.0439814205334,395.64391496648386,18042738,394.7994689941406,389.88189697265625,388.1433410644531,26456073.0,387.76904139222756,373.7678008101669,62.2422860997391,-0.011323598150978387,7.599933545950478,-5.3149965094525555,0.0,2.2849370364979222,18928626.6,-0.318011482656553,392.71322288222177,389.2361261897533,0,0,10.083574455054759,14.001240582060689,399.220361000523,381.13945645729245,2.284942626953182,6.66324766142813,10.083574455054759,0,0,0
2025-06-12,384.8649291992187,393.1602946057068,383.076720150652,390.2295866627963,15555771,390.3289184570313,394.7994689941406,389.88189697265625,18042738.0,387.18821895362584,374.776630663717,54.100272899027296,-0.01399842286708286,10.083574455054759,-5.3646574635776005,2.9307079429104874,1.7882090485666708,18627935.4,-0.1378375610176238,399.220361000523,392.1171555727477,0,0,18.13057454796899,12.41158828990882,399.220361000523,381.13945645729245,-6.06005859375,6.75904570442393,18.13057454796899,0,0,0
2025-06-13,391.6204223632813,395.1471795317634,377.0166049837944,377.1656173411616,35564550,384.8649291992187,390.3289184570313,394.7994689941406,15555771.0,388.07465963555694,376.3078844545865,59.659702751885135,0.017552893629769306,18.13057454796899,14.454805022119729,3.5267571684821064,0.14901235736715535,19869932.4,1.2862608352874312,395.64391496648386,388.0439814205334,0,0,10.232586298177353,11.766775180970455,399.220361000523,381.13945645729245,3.477081298828182,7.536071204361662,10.232586298177353,1,0,0
2025-06-16,401.207275390625,401.85301582961904,391.6204295314417,393.5576508484238,32061745,391.6204223632813,384.8649291992187,390.3289184570313,35564550.0,390.7011827865706,378.5714654487718,65.70214465843215,0.024479961922033278,10.232586298177353,7.649624542201195,0.6457404389940393,1.937221316982118,21881791.7,-0.09849147535959257,393.1602946057068,383.076720150652,0,0,6.954193476052012,12.129717337798809,399.220361000523,377.0166049837944,11.32537841796875,7.887329759638233,6.954193476052012,0,0,0
2025-06-17,399.12103271484375,404.833405927315,397.879212451263,403.14451824169424,24371681,401.207275390625,391.6204223632813,384.8649291992187,32061745.0,392.38515277222524,380.4396079275056,60.125462087493155,-0.005199912373847204,6.954193476052012,-4.023485526850493,1.6888876856207844,1.2418202635807347,22455928.0,-0.23985169865208522,395.1471795317634,377.0166049837944,1,0,6.4574648586849435,11.94554484471962,401.85301582961904,377.0166049837944,4.321563720703125,7.71702341485552,6.4574648586849435,0,0,0
2025-06-18,397.8791809082031,402.34973350267734,395.8922686439924,399.02164939654926,18879759,399.12103271484375,401.207275390625,391.6204223632813,24371681.0,393.4839583994208,382.02502365302354,62.827752198053794,-0.003111466710219446,6.4574648586849435,-1.1424684883461396,3.328084106128074,1.98691226421073,22279018.9,-0.22534030377305525,401.85301582961904,391.6204295314417,0,0,10.28224660198265,11.45893474639729,404.833405927315,377.0166049837944,7.550262451171818,7.713474046322408,10.28224660198265,0,0,0
2025-06-19,395.9419250488281,401.15756968607286,390.8753230840902,398.37590467335895,18220823,397.8791809082031,399.12103271484375,401.207275390625,18879759.0,393.9755517293023,383.2901965071876,63.12322312955759,-0.0048689550806679804,10.28224660198265,-2.4339796245308207,2.7816650127139155,5.066601964737913,22026416.8,-0.03490171670093878,404.833405927315,397.879212451263,0,0,12.169838376813175,10.685355222114708,404.833405927315,377.0166049837944,11.076995849609432,7.997316461386821,12.169838376813175,0,0,0
2025-06-20,405.5784912109375,407.3170395504822,395.14720117366903,396.389021416201,122552435,395.9419250488281,397.8791809082031,399.12103271484375,18220823.0,396.2961396256294,385.3164051166194,67.30611272376044,0.024338332347404235,12.169838376813175,9.18946979473651,1.7385483395447068,1.2418202425319578,32545009.6,5.725954969212971,402.34973350267734,395.8922686439924,0,0,13.262645775391832,10.979734509009972,404.833405927315,377.0166049837944,13.958068847656193,8.476304280645264,13.262645775391832,1,0,0
2025-06-23,418.1456909179687,419.63587515525154,406.3732293798597,408.3104810154777,43017721,405.5784912109375,395.9419250488281,397.8791809082031,122552435.0,400.6660498840973,388.3008856440148,74.54290389046369,0.030985863351651766,13.262645775391832,9.835209902490988,1.4901842372828469,1.9372516356179972,35472329.6,-0.6489851792826475,401.15756968607286,390.8753230840902,1,0,11.424745293073727,12.365164240082493,407.3170395504822,377.0166049837944,16.938415527343693,8.976581701028604,11.424745293073727,0,0,1
2025-06-24,415.7613830566406,423.7090319561702,412.28428666309645,423.6096802813512,33807025,418.1456909179687,405.5784912109375,395.9419250488281,43017721.0,403.685116518606,390.797294499708,70.24672973864664,-0.0057020983669441305,11.424745293073727,-7.848297224710564,0.09935167481899043,3.4770963935441728,36207424.8,-0.21411399269617282,407.3170395504822,395.14720117366903,1,0,15.299218464486557,12.887822018897964,419.63587515525154,377.0166049837944,16.640350341796875,9.2817159330623,15.299218464486557,0,0,1
2025-06-25,403.3928527832031,417.6489544297447,402.34973596525816,417.5496027523511,29028317,415.7613830566406,418.1456909179687,405.5784912109375,33807025.0,403.62666377152544,391.942345252753,57.99872113498687,-0.029749107967904975,15.299218464486557,-14.156749969147995,0.0993516773935994,1.0431168179449628,37305982.7,-0.1413525147510022,419.63587515525154,406.3732293798597,0,0,7.003853879177541,11.684318518772443,423.7090319561702,377.0166049837944,5.513671875,10.00551839398415,7.003853879177541,0,0,0
2025-06-26,407.4163818359375,411.19150315900634,404.1876492798288,406.2739133027358,25730795,403.3928527832031,415.7613830566406,418.1456909179687,29028317.0,404.3846073844079,393.3490758512243,62.1706280272929,0.009974219981772281,7.003853879177541,1.1424685332016793,3.775121323068845,2.0862640229070166,38323485.1,-0.11359673383751456,423.7090319561702,412.28428666309645,0,1,7.252218181390958,11.035531533183587,423.7090319561702,377.0166049837944,11.474456787109375,9.96294126378984,7.252218181390958,0,0,0
2025-06-27,411.78759765625,414.07253480439306,406.8203166230021,407.81377282965167,41398277,407.4163818359375,403.3928527832031,415.7613830566406,25730795.0,405.86520543877634,395.02530510622665,63.38796652327599,0.010729111580183748,7.252218181390958,3.9738248265983316,2.284937148143058,0.9934562066495687,38906857.8,0.6089000359297099,417.6489544297447,402.34973596525816,0,0,8.692741801306,10.83990033254969,423.7090319561702,377.0166049837944,6.2091064453125,10.232592798712874,8.692741801306,0,0,0
2025-06-30,418.7417907714844,420.23197508027965,411.53923327897365,413.9235221094707,20350621,411.78759765625,407.4163818359375,403.3928527832031,41398277.0,408.440522505318,397.1813492576137,64.27725472097787,0.016887815841990284,8.692741801306,4.818268662013679,1.4901843087952784,2.3842888304970415,37735745.4,-0.5084186474717294,411.19150315900634,404.1876492798288,1,0,11.822122022283281,11.259173247704268,423.7090319561702,390.8753230840902,0.5960998535156818,10.346131111107926,11.822122022283281,0,0,0
2025-07-01,429.4214172363281,433.146877767586,421.3247557453027,422.0201568537456,35405785,418.7417907714844,411.78759765625,407.4163818359375,20350621.0,412.63670145152,400.1122645284059,71.70434394234053,0.025504085573039514,11.822122022283281,7.401260382582507,3.725460531257852,0.6954011084429226,38839155.8,0.7397889233945245,414.07253480439306,406.8203166230021,1,0,10.083573432015612,12.524436923114138,423.7090319561702,390.8753230840902,13.6600341796875,10.647716002274555,10.083573432015612,0,0,1
2025-07-02,424.1560974121094,429.9181307110113,419.8345572789957,428.2292432003636,22843521,429.4214172363281,418.7417907714844,411.78759765625,35405785.0,414.94058064363793,402.2980675178335,71.86287665059253,-0.012261428081778769,10.083573432015612,-4.073145788254237,1.688887510647703,4.321540133113672,39235532.0,-0.35480823260944505,420.23197508027965,411.53923327897365,0,0,6.606507322681637,12.642513125804442,433.146877767586,390.8753230840902,20.76324462890625,10.64771592920033,6.606507322681637,0,0,1
2025-07-03,423.4606628417969,427.8815546162099,421.27504729352825,424.901186314684,13499244,424.1560974121094,429.4214172363281,418.7417907714844,22843521.0,416.64459708326973,404.221939820012,68.99818165065915,-0.0016395722578445016,6.606507322681637,-1.4405234728871505,2.980368301525857,2.185615548268629,38763374.1,-0.40905589816911325,433.146877767586,421.3247557453027,0,0,6.606477364141028,12.422657263257747,433.146877767586,390.8753230840902,16.044281005859375,9.824568270251234,6.606477364141028,0,0,0
2025-07-04,424.7521667480469,429.5704351611594,422.9639577970184,427.1861464538295,16618426,423.4606628417969,424.1560974121094,429.4214172363281,13499244.0,418.2661110162252,406.08832408619696,65.59206976344697,0.00304987929122591,6.606477364141028,-2.433979705782633,2.3842887073299153,1.78820895102848,28169973.2,0.23106345807217066,429.9181307110113,419.8345572789957,0,0,11.226072095258644,12.177786930028219,433.146877767586,395.14720117366903,12.964569091796875,9.56556048924864,11.226072095258644,0,0,0
2025-07-07,414.37054443359375,424.6528211088437,413.42674901358504,424.6528211088437,22221724,424.7521667480469,423.4606628417969,424.1560974121094,16618426.0,417.4869976996989,406.8412532086876,59.09895414906163,-0.024441599424756433,11.226072095258644,-10.282276675249932,0.0,0.943795420008712,26090373.5,0.33717380936076613,427.8815546162099,421.27504729352825,0,0,7.053544721391859,10.645744491011328,433.146877767586,402.34973596525816,-4.371246337890625,9.870694676334827,7.053544721391859,0,0,0
2025-07-08,419.2384948730469,420.57966673775616,413.5261220163643,415.26467027709384,15970711,414.37054443359375,424.7521667480469,423.4606628417969,22221724.0,417.83729713436855,407.9682751781748,62.21589699230432,0.011747819686621641,7.053544721391859,3.973824595953033,1.3411718647092812,1.7385482607295444,24306742.1,-0.2813018917884139,429.5704351611594,422.9639577970184,0,1,7.450921245064649,9.869021956193762,433.146877767586,402.34973596525816,-10.18292236328125,9.913271809385321,7.450921245064649,0,0,0
2025-07-09,414.9169616699219,421.2254143876518,413.7744931425872,421.17575370650184,14956297,419.2384948730469,414.37054443359375,424.7521667480469,15970711.0,417.25323004147924,408.59997395015176,60.56416135944594,-0.010308054379485454,7.450921245064649,-6.258792036579962,0.04966068114998734,1.1424685273346995,22899540.1,-0.06351714710760215,424.6528211088437,413.42674901358504,0,0,8.941104911979494,8.653256091327478,433.146877767586,402.34973596525816,-9.2391357421875,9.711034283891179,8.941104911979494,0,0,0
2025-07-10,410.7940979003906,416.754834508377,407.8137295963975,415.711717729129,17914452,414.9169616699219,419.2384948730469,414.37054443359375,14956297.0,415.96140361326155,408.7994397638098,53.09366936828359,-0.009936599730553053,8.941104911979494,-4.917619828738395,1.0431167792479528,2.9803683039931457,22117905.8,0.1977865911595631,420.57966673775616,413.5261220163643,0,0,8.047000719531638,7.161963849451752,433.146877767586,404.1876492798288,-12.66656494140625,9.480410464974486,8.047000719531638,0,0,0
2025-07-11,406.62158203125,410.4960851939736,402.449084474442,408.31046958002054,15186245,410.7940979003906,414.9169616699219,419.2384948730469,17914452.0,414.0934392968593,408.60145269721346,42.40837506875492,-0.0101571952724413,8.047000719531638,-1.6888875487705377,2.1856156139530754,4.172497556808025,19496702.6,-0.1522908431695259,421.2254143876518,413.7744931425872,0,1,5.16598444958754,5.491986599645827,433.146877767586,406.8203166230021,-18.130584716796875,9.107864389555901,5.16598444958754,0,0,0
2025-07-14,404.63470458984375,407.66476423892254,402.498779789335,402.8464955284591,17844425,406.62158203125,410.7940979003906,414.9169616699219,15186245.0,412.2016923554562,408.2408392329071,42.63160383707352,-0.004886305914902356,5.16598444958754,1.7882090613846344,3.030059649078794,0.34771573912411213,19246083.0,0.17503866163096937,416.754834508377,407.8137295963975,0,1,5.066632311273395,3.9608531225491106,433.146877767586,402.449084474442,-9.73583984375,8.660810043592603,5.066632311273395,0,0,0
2025-07-15,406.2738952636719,410.1980287745957,405.1313964633223,405.8268278793721,11971127,404.63470458984375,406.62158203125,410.7940979003906,17844425.0,411.01613293709937,408.0620261447948,52.22394032680422,0.004051038270406648,5.066632311273395,0.4470673842997712,3.9241335109238094,0.6954314160498143,16902617.2,-0.329139100867638,410.4960851939736,402.449084474442,0,0,4.768577496361786,2.9541067923045716,433.146877767586,402.449084474442,-12.964599609375,7.929911032648805,4.768577496361786,0,0,0
2025-07-16,403.4922180175781,407.61505506599786,402.8464775696361,406.7209505751646,9173824,406.2738952636719,404.63470458984375,406.62158203125,11971127.0,409.5113499531951,407.64658904232056,46.911640449783626,-0.006846802805994812,4.768577496361786,-3.2287325575864543,0.8941044908332856,0.6457404479420461,15535647.5,-0.23367081478627705,407.66476423892254,402.498779789335,0,0,5.61305156775893,1.8647609108745655,429.9181307110113,402.449084474442,-11.42474365234375,7.770248433876252,5.61305156775893,0,0,0
2025-07-17,401.5549926757813,406.02554540331425,400.4124938355553,403.4922140003199,7922270,403.4922180175781,406.2738952636719,404.63470458984375,9173824.0,407.9200784977124,407.0928075544533,41.626008219599605,-0.004801146726731709,5.61305156775893,-1.9372213245385979,2.5333314029943494,1.1424988402259828,14977950.1,-0.1364266417145129,410.1980287745957,405.1313964633223,0,0,12.716256711941071,0.8272709432590659,429.5704351611594,402.449084474442,-9.239105224609318,7.653165104331107,12.716256711941071,0,0,0
2025-07-18,392.1668090820313,404.28698604971527,391.5707293377742,401.6046423594962,21172393,401.5549926757813,403.4922180175781,406.2738952636719,7922270.0,404.76942461457617,405.7358986024149,29.085200746853346,-0.02337957132892654,12.716256711941071,-9.437833277464904,2.6823436902190565,0.5960797442571106,15433346.8,1.6725159581786535,407.61505506599786,402.8464775696361,0,0,9.78554901472819,-0.9664739878387536,429.5704351611594,400.4124938355553,-14.454772949218693,7.940559026519326,9.78554901472819,0,1,0
2025-07-21,397.3327941894531,398.32625032662605,388.54070131189786,392.017797792003,12980473,392.1668090820313,401.5549926757813,403.4922180175781,21172393.0,403.2820985295516,404.97198001941837,22.34592058407364,0.01317292791685798,9.78554901472819,5.314996397450102,0.9934561371729274,3.4770964801051605,14509221.7,-0.38691516825707895,406.02554540331425,400.4124938355553,0,1,4.917620175160437,-1.6898814898667638,424.6528211088437,391.5707293377742,-7.301910400390625,7.795089525979677,4.917620175160437,0,1,0
2025-07-22,400.4621887207031,402.0517246583826,397.1341044832222,400.3628370399963,12447434,397.3327941894531,392.1668090820313,401.5549926757813,12980473.0,402.7181165677819,404.56199899226243,28.80003713533641,0.007876003634771367,4.917620175160437,0.09935168070683176,1.5895359376795,3.228732556774105,14156894.0,-0.04106468231165383,404.28698604971527,391.5707293377742,0,0,8.245674195774086,-1.8438824244805119,421.2254143876518,388.54070131189786,-5.81170654296875,7.426092864775735,8.245674195774086,0,1,0
2025-07-23,397.5811767578125,402.2504026294655,394.0047284336914,400.859570036162,10413255,400.4621887207031,397.3327941894531,392.1668090820313,12447434.0,401.6907286057881,403.9273787891306,27.716045716820332,-0.007194217192125318,8.245674195774086,-3.2783932783494834,1.3908325933035144,3.5764483241210883,13702589.8,-0.16342155339004005,398.32625032662605,388.54070131189786,0,0,5.8613853571422965,-2.236650183342533,421.2254143876518,388.54070131189786,-5.911041259765625,7.543176212853767,5.8613853571422965,0,1,0
2025-07-24,395.6439208984375,399.2700298663231,393.4086445091808,398.0779006494454,6767566,397.5811767578125,400.4621887207031,397.3327941894531,10413255.0,400.48136706431796,403.174337162704,25.21153459322825,-0.004872604571405814,5.8613853571422965,-2.4339797510078824,1.1921292168777313,2.2352763892566827,12587901.2,-0.35010080901696927,402.0517246583826,397.1341044832222,0,0,7.152896571016299,-2.692970098386013,416.754834508377,388.54070131189786,-5.911071777343807,7.489955355211001,7.152896571016299,0,1,0
2025-07-25,392.6138916015625,398.07790055173774,390.92500398072144,396.3890129308967,9202508,395.6439208984375,397.5811767578125,400.4621887207031,6767566.0,398.9078719717669,402.21429665714567,28.82015662321298,-0.00765847555548016,7.152896571016299,-3.7751213293341834,1.688887620841058,1.688887620841058,11989527.5,0.3597958261507903,402.2504026294655,394.0047284336914,0,0,12.964621398705617,-3.306424685378772,410.4960851939736,388.54070131189786,0.44708251953119316,7.199014246336548,12.964621398705617,0,1,0
2025-07-28,386.7028198242187,393.7563647978826,380.791743399177,392.6138962492605,19856033,392.6138916015625,395.6439208984375,397.5811767578125,9202508.0,396.4668615422573,400.80416239960687,18.957361427113,-0.01505568677978042,12.964621398705617,-5.911076425041813,1.1424685486221051,5.911076425041699,12190688.3,1.157676255212166,399.2700298663231,393.4086445091808,0,0,12.666565923942528,-4.3373008573495895,410.1980287745957,388.54070131189786,-10.629974365234432,7.6212340090018165,12.666565923942528,1,1,0
2025-07-29,385.7093505859375,388.1929909631811,375.5264250392386,387.4478988500081,25307639,386.7028198242187,392.6138916015625,395.6439208984375,19856033.0,394.31535935099333,399.4319067801824,20.242925553447478,-0.0025690767880430787,12.666565923942528,-1.7385482640705732,0.7450921131730297,10.182925546698925,13524339.5,0.27455665489677616,398.07790055173774,390.92500398072144,0,1,7.351569306710189,-5.1165474291890405,410.1980287745957,380.791743399177,-14.752838134765625,7.993780057493093,7.351569306710189,1,1,0
2025-07-30,383.9707946777344,389.83217978776514,382.48061048105495,388.3916865883668,11335944,385.7093505859375,386.7028198242187,392.6138916015625,25307639.0,392.24644641634154,398.02635113450526,21.276612432010538,-0.004507424840912044,7.351569306710189,-4.420891910632406,1.440493199398361,1.4901841966794223,13740551.5,-0.5520742175909812,393.7563647978826,380.791743399177,0,0,9.388172521834406,-5.779904718163721,407.61505506599786,375.5264250392386,-13.610382080078125,7.880241799973858,9.388172521834406,0,1,0
2025-07-31,380.5930480957031,385.70934108319955,376.32116856136514,376.5198719137994,9702316,383.9707946777344,385.7093505859375,386.7028198242187,11335944.0,389.91576675221387,396.44150540370504,21.645040642297843,-0.00879688410902757,9.388172521834406,4.073176181903705,5.116292987496422,0.19870335243427917,13918556.1,-0.14411045079262919,388.1929909631811,375.5264250392386,0,0,7.252217516809026,-6.525738651491167,406.02554540331425,375.5264250392386,-15.050872802734375,7.976039785852627,7.252217516809026,0,1,0
2025-08-01,374.7316589355469,380.9904203367451,373.7382028199361,380.59304395407577,8702605,380.5930480957031,383.9707946777344,385.7093505859375,9702316.0,386.8789451888805,394.4678829975088,19.960084246153215,-0.015400673211146909,7.252217516809026,-5.8613850185288925,0.3973763826693357,0.9934561156107975,12671577.3,-0.10303838794778486,389.83217978776514,382.48061048105495,0,1,13.709683571339212,-7.588937808628316,404.28698604971527,375.5264250392386,-17.882232666015625,8.125056433511304,13.709683571339212,0,1,0
2025-08-04,387.0008544921875,387.69628596636335,373.98660239502414,376.5199036034637,13454379,374.7316589355469,380.5930480957031,383.9707946777344,8702605.0,386.90332704954193,393.78906222429777,34.046074818909474,0.03274128370016083,13.709683571339212,10.480950888723783,0.695431474175848,2.533301208439582,12718967.9,0.546017428114915,385.70934108319955,376.32116856136514,0,0,6.854841329983742,-6.885735174755837,402.2504026294655,373.7382028199361,0.29803466796880684,8.74241723780172,6.854841329983742,0,0,0
2025-08-05,384.1198120117187,387.6962601936724,380.84141886368866,387.4478961576739,13482710,387.0008544921875,374.7316589355469,380.5930480957031,13454379.0,386.3466240419773,392.9100394776996,33.990158964749256,-0.007444537775631588,6.854841329983742,-3.328084145955188,0.2483640359985202,3.278393148030034,12822495.5,0.002105708483461033,380.9904203367451,373.7382028199361,0,0,6.358113264302062,-6.563415435722334,402.2504026294655,373.7382028199361,-1.5895385742188068,8.89143608306043,6.358113264302062,0,0,0
2025-08-06,387.1498718261719,390.92499304994874,384.5668797856467,389.43480883247753,16852693,384.1198120117187,387.0008544921875,374.7316589355469,13482710.0,386.50727359881625,392.3863878730153,38.306466996147755,0.007888319528701393,6.358113264302062,-2.284937006305654,1.49018421747121,2.5829920405251983,13466439.3,0.24994848958406735,387.69628596636335,373.98660239502414,0,0,6.755489584195459,-5.879114274199026,402.2504026294655,373.7382028199361,3.1790771484375,8.944654775670655,6.755489584195459,0,0,0
2025-08-07,385.2126159667969,387.74591698140136,380.9904273972059,383.4740677322594,11520396,387.1498718261719,384.1198120117187,387.0008544921875,16852693.0,386.2483420724124,391.7342267906318,43.57799380331,-0.005003891258537729,6.755489584195459,1.7385482345374612,2.53330101460449,2.483640335053508,13941722.3,-0.31640622658942397,387.6962601936724,380.84141886368866,0,0,3.7751213475771124,-5.485884718219381,399.2700298663231,373.7382028199361,4.61956787109375,8.518885695117396,3.7751213475771124,0,0,0
2025-08-08,382.083251953125,384.8649171231422,381.0897957755651,382.77865308669107,7139111,385.2126159667969,387.1498718261719,384.1198120117187,11520396.0,385.41532404855496,390.8568654417675,35.367044289189025,-0.008123731892367703,3.7751213475771124,-0.6954011335660653,2.086264036451155,0.9934561775598922,13735382.6,-0.38030680542578577,390.92499304994874,384.5668797856467,0,0,6.805180824210197,-5.44154139321256,398.07790055173774,373.7382028199361,7.351593017578125,8.089569433178033,6.805180824210197,0,0,0
2025-08-11,381.3878173828125,385.8583701452734,379.0531893210632,381.4871690633313,8910936,382.083251953125,385.2126159667969,387.1498718261719,7139111.0,384.6098227154065,389.99604289095345,30.800015482149192,-0.00182011267638027,6.805180824210197,-0.09935168051879373,4.371201081942104,2.3346280617492994,12640872.9,0.2481856634530546,387.74591698140136,380.9904273972059,0,0,5.762064337540721,-5.386220175546953,393.7563647978826,373.7382028199361,-5.613037109375,8.224395193824446,5.762064337540721,0,0,0
2025-08-12,377.861083984375,382.8283651454214,377.0663008078807,381.4871931683632,9329093,381.3878173828125,382.083251953125,385.2126159667969,8910936.0,383.2600749692002,388.8928648085372,30.404769413648438,-0.009247105538501277,5.762064337540721,-3.6261091839882056,1.3411719770581954,0.7947831764943203,11043018.3,0.046926271269370545,384.8649171231422,381.0897957755651,0,0,7.7489462530261335,-5.632789839336965,390.92499304994874,373.7382028199361,-6.258728027343693,8.04699448966492,7.7489462530261335,0,0,0
2025-08-13,386.3054504394531,387.34856732501834,379.5996210719922,379.69897275582633,10930440,377.861083984375,381.3878173828125,382.083251953125,9329093.0,383.8691500632508,388.65764532043863,41.78323527911219,0.02234780667550118,7.7489462530261335,6.606477683626792,1.0431168855652118,0.09935168383412929,11002467.9,0.1716508775290373,385.8583701452734,379.0531893210632,0,0,5.426908730821253,-4.788495257187833,390.92499304994874,373.7382028199361,-0.84442138671875,8.181820267942337,5.426908730821253,0,0,0
2025-08-14,383.2683410644531,386.35520574469433,380.9282970138731,386.205847696404,8046552,386.3054504394531,377.861083984375,381.3878173828125,10930440.0,383.7489882634913,388.1677085698945,41.77803003495147,-0.007861937675342268,5.426908730821253,-2.937506631950896,0.14935804829030985,2.3400440505800475,10836891.5,-0.2638400649928091,382.8283651454214,377.0663008078807,0,0,8.613325612130154,-4.418720306403202,390.92499304994874,373.7382028199361,-1.94427490234375,8.058535422214119,8.613325612130154,0,0,0
2025-08-18,380.8785400390625,388.09780648424737,379.4844808721172,386.3552249285131,11778056,383.2683410644531,386.3054504394531,377.861083984375,8046552.0,383.17489861860554,387.5050568852734,44.53750389258309,-0.006235320712254522,8.613325612130154,-5.47668488945061,1.7425815557342617,1.3940591669452829,11144436.6,0.4637394998503708,387.34856732501834,379.5996210719922,0,0,6.173729505569554,-4.3301582666678655,390.92499304994874,373.7382028199361,-1.2047119140625,7.747728580315871,6.173729505569554,0,0,0
2025-08-19,378.43890380859375,382.0734552689266,375.899725763357,380.8785300781035,11111204,380.8785400390625,383.2683410644531,386.3054504394531,11778056.0,382.2276996566032,386.6808611510298,43.3612550855487,-0.006405286657049647,6.173729505569554,-2.439626269509745,1.194925190823085,2.5391780452367243,10910119.1,-0.056618171963183084,386.35520574469433,380.9282970138731,0,0,13.144025110979896,-4.453161494426581,390.92499304994874,373.98660239502414,-2.94891357421875,7.283954550432087,13.144025110979896,0,0,0
2025-08-20,370.273681640625,382.6708861070648,369.5268609960849,382.272587840952,20289349,378.43890380859375,380.8785400390625,383.2683410644531,11111204.0,379.8368960534076,385.1892993773566,38.80668705349775,-0.021576064420952168,13.144025110979896,-11.998906200326985,0.3982982661128176,0.7468206445400938,11590783.0,0.8260261444214327,388.09780648424737,379.4844808721172,0,0,5.874983202059809,-5.352403323948977,390.92499304994874,375.899725763357,-7.58740234375,7.697701393594209,5.874983202059809,1,0,0
2025-08-21,372.6137390136719,375.8001556443125,369.9251724422527,371.4188137845498,12680853,370.273681640625,378.43890380859375,380.8785400390625,20289349.0,378.39226464546044,384.0460666170216,43.36679036737793,0.006319804752739744,5.874983202059809,1.1949252291220773,3.186416630640622,1.49364134229711,11173599.0,-0.3749995132914319,382.0734552689266,375.899725763357,0,1,6.32308739231155,-5.653801971561165,390.92499304994874,369.5268609960849,-13.69171142578125,7.4467592993245955,6.32308739231155,0,0,0
2025-08-22,373.2609558105469,378.3393421566636,372.016254764352,372.2153886988177,15246732,372.6137390136719,370.273681640625,378.43890380859375,12680853.0,377.36600287847773,383.06560199825117,48.661354156713124,0.001736964392639484,6.32308739231155,1.0455671117291558,5.078386346116702,0.19913393446569216,11546232.6,0.2023427761523613,382.6708861070648,369.5268609960849,0,0,8.513743037544259,-5.699599119773438,388.09780648424737,369.5268609960849,-10.00738525390625,7.38039286186049,8.513743037544259,0,0,0
2025-08-25,370.4728088378906,378.4388955680221,369.9251525304778,376.24823995016146,8577673,373.2609558105469,372.6137390136719,370.273681640625,15246732.0,375.98736407036034,381.92080262003657,31.817910193218168,-0.007469698957936033,8.513743037544259,-5.775431112270837,2.190655617860614,0.547656307412808,11690088.8,-0.4374090788767062,375.8001556443125,369.9251724422527,0,0,7.766922255823204,-5.933438549676225,388.09780648424737,369.5268609960849,-10.405731201171875,7.009254252303707,7.766922255823204,0,0,0
2025-08-26,364.2991027832031,370.4728016462858,362.7058793904626,370.42302576047246,15718869,370.4728088378906,373.2609558105469,372.6137390136719,8577673.0,373.6497118129289,380.31882990759715,29.668611053894693,-0.016664397244303464,7.766922255823204,-6.123922977269331,0.049775885813346576,1.5932233927405264,12370882.1,0.8325330191533298,378.3393421566636,372.016254764352,0,1,6.5222213279633365,-6.669118094668249,388.09780648424737,369.5268609960849,-14.139801025390625,7.074402889863669,6.5222213279633365,0,1,0
2025-08-28,362.3075866699219,366.19104785711414,359.6688265291508,362.5067206044238,12218065,364.2991027832031,370.4728088378906,373.2609558105469,15718869.0,371.38128678432753,378.68144415871757,23.96290723738754,-0.0054667060612181295,6.5222213279633365,-0.19913393450190142,3.684327252690366,2.638760140771069,12659779.3,-0.22271347894050142,378.4388955680221,369.9251525304778,0,1,9.360145746898809,-7.300157374390039,388.09780648424737,362.7058793904626,-7.966094970703125,7.0861248944109025,9.360145746898809,0,1,0
2025-08-29,367.83404541015625,369.4272688196348,360.06712307273597,360.7641374224891,12739664,362.3075866699219,364.2991027832031,370.4728088378906,12218065.0,370.6718385094933,377.69531699975744,33.060094822370175,0.015253499908819856,9.360145746898809,7.069907987667136,1.5932234094785258,0.6970143497531467,12840701.7,0.04269080251250923,370.4728016462858,362.7058793904626,0,0,7.667370621748887,-7.023478490264154,388.09780648424737,359.6688265291508,-4.779693603515625,7.272171763175428,7.667370621748887,0,0,0
2025-09-01,372.3149719238281,373.6592551352009,365.991884513452,368.381734839541,8821349,367.83404541015625,362.3075866699219,364.2991027832031,12739664.0,371.00046519236025,377.2061947201275,40.722734426400564,0.012181924347637318,7.667370621748887,3.9332370842871,1.3442832113727832,2.389850326089004,12918181.4,-0.30756815878346555,366.19104785711414,359.6688265291508,0,0,5.177968545616636,-6.205729527767232,388.09780648424737,359.6688265291508,-0.94598388671875,7.550189568473412,5.177968545616636,0,0,0
2025-09-02,375.0035400390625,377.3435841007971,372.16561555518047,375.7005543971432,12169182,372.3149719238281,367.83404541015625,362.3075866699219,8821349.0,371.8010801617007,377.0059533854852,44.157814955770306,0.007221219445841864,5.177968545616636,-0.6970143580807076,1.6430297036538946,2.837924483882034,12957294.0,0.3795148565145763,369.4272688196348,360.06712307273597,1,0,4.0826254431114535,-5.204873223784489,388.09780648424737,359.6688265291508,4.530731201171875,7.433960120002443,4.0826254431114535,0,0,0
2025-09-03,377.0946350097656,379.5840370618813,375.50141161876985,376.14865007467824,9919255,375.0035400390625,372.3149719238281,367.83404541015625,12169182.0,372.8597911313137,377.01401535132885,49.27970503326004,0.005576200615293736,4.0826254431114535,0.945984935087381,2.489402052115679,0.6472384559083935,12838099.1,-0.18488728330301907,373.6592551352009,365.991884513452,1,0,9.459728389458348,-4.154224220015124,382.6708861070648,359.6688265291508,12.7955322265625,7.314000198971781,9.459728389458348,0,0,0
2025-09-04,370.9209289550781,379.88277690298605,370.4230485135277,379.88277690298605,9288078,377.0946350097656,375.0035400390625,372.3149719238281,9919255.0,372.47201869606664,376.46009840621514,34.897344362837615,-0.01637176846742361,9.459728389458348,-8.961847947907927,0.0,0.49788044155042144,11737972.0,-0.0636314924860788,377.3435841007971,372.16561555518047,0,0,6.970326098604062,-3.9880797101484973,382.6708861070648,359.6688265291508,8.61334228515625,7.436198923002654,6.970326098604062,0,0,0
2025-09-05,369.2281188964844,373.90820714654546,366.9378810479414,372.4145658397017,7325669,370.9209289550781,377.0946350097656,375.0035400390625,9288078.0,371.8232387361502,375.80264572351234,35.843372752515805,-0.00456380302767645,6.970326098604062,-3.1864469432173337,1.493641306843756,2.290237848542972,11202453.6,-0.21128257105506654,379.5840370618813,375.50141161876985,0,1,3.6345210422609853,-3.979406987362154,379.88277690298605,359.6688265291508,1.394073486328125,7.5464430207014255,3.6345210422609853,0,0,0
2025-09-08,370.3234558105469,372.9124401105854,369.2779190683244,370.0745155968549,6897641,369.2281188964844,370.9209289550781,377.0946350097656,7325669.0,371.52328215102955,375.3045375496064,39.07214547007888,0.0029665587695111295,3.6345210422609853,0.24894021369198072,2.5889843000385326,0.7965965285304719,10367544.5,-0.058428520316710975,379.88277690298605,370.4230485135277,0,0,4.082625564684065,-3.781255398576832,379.88277690298605,359.6688265291508,-1.99151611328125,7.190814122853628,4.082625564684065,0,0,0
2025-09-09,370.3732604980469,372.41455808628416,368.3319325216001,370.32345422259624,10598912,370.3234558105469,369.2281188964844,370.9209289550781,6897641.0,371.29327782043305,374.8562396358282,41.21477116422605,0.00013448969196661054,4.082625564684065,0.049806275450634985,2.041297588237285,1.9915217009961452,10569668.4,0.5365995417853726,373.90820714654546,366.9378810479414,0,0,15.882398250907329,-3.5629618153951697,379.88277690298605,359.6688265291508,-4.630279541015625,7.041449555647522,15.882398250907329,0,0,0
2025-09-10,386.4049987792969,387.3509837741323,371.468585523225,372.11585440822313,23174318,370.3732604980469,370.3234558105469,369.2281188964844,10598912.0,374.31562201220584,375.906126830689,64.99999148680652,0.04328535558882374,15.882398250907329,14.289144371073746,0.9459849948354417,0.647268884998141,11315213.3,1.1864808387879813,372.9124401105854,369.2779190683244,0,0,8.41419173635802,-1.5905048184831685,379.88277690298605,359.6688265291508,9.31036376953125,7.237047637070909,8.41419173635802,1,0,0
2025-09-11,383.5173034667969,390.83615213862737,382.42196040226935,387.948451614481,19042696,386.4049987792969,370.3732604980469,370.3234558105469,23174318.0,376.15595830312407,376.5980519794261,60.036653415104986,-0.007473234874348367,8.41419173635802,-4.431148147684098,2.887700524146396,1.0953430645275262,11997676.4,-0.17828451305449422,372.41455808628416,368.3319325216001,1,0,14.488338766403444,-0.44209367630202223,387.3509837741323,359.6688265291508,12.59637451171875,7.418419675235067,14.488338766403444,1,0,0
2025-09-12,397.6072998046875,398.1549865113875,383.66664774498406,384.3636925032531,26356961,383.5173034667969,386.4049987792969,370.3732604980469,19042696.0,380.4462266034368,378.5079835999044,67.9647308221143,0.0367388803856421,14.488338766403444,13.243607301434395,0.5476867067000057,0.697044758269044,13359406.1,0.3840981865172872,387.3509837741323,371.468585523225,0,0,7.368624257955673,1.9382430035324205,390.83615213862737,360.06712307273597,28.379180908203125,8.00165191624163,7.368624257955673,1,0,0
2025-09-15,396.7609252929687,401.39120719647934,394.02258293852367,398.3043424647357,18486916,397.6072998046875,383.5173034667969,386.4049987792969,26356961.0,383.7091663413432,380.16734193563747,69.96978367298297,-0.0021286694488118485,7.368624257955673,-1.5434171717670324,3.086864731743617,2.738342354445024,14325962.8,-0.29859455344643104,390.83615213862737,382.42196040226935,1,0,7.069877843061022,3.541824405705711,398.1549865113875,365.991884513452,26.437469482421818,7.91985771769959,7.069877843061022,0,0,0
2025-09-16,401.1920471191406,401.5903453881819,394.5204675451209,396.7609294952146,12467341,396.7609252929687,397.6072998046875,383.5173034667969,18486916.0,387.2057424969027,382.07867877050137,78.78791053874872,0.01116824148673401,7.069877843061022,4.4311176239260135,0.39829826904127685,2.2404619500937315,14355778.7,-0.3256127198284452,398.1549865113875,383.66664774498406,0,0,11.600607886851947,5.127063726401332,401.39120719647934,366.9378810479414,30.81878662109375,7.870068831073719,11.600607886851947,0,0,1
2025-09-17,410.45263671875,414.88375429200426,403.2831464051523,403.781026832813,31367478,401.1920471191406,396.7609252929687,397.6072998046875,12467341.0,391.8551213412722,384.6581294930694,83.74043414676498,0.023082684878993343,11.600607886851947,6.671609885937016,4.431117573254255,0.4978804276606752,16500601.0,1.5159717697622934,401.39120719647934,394.02258293852367,1,0,6.77116191827929,7.196991848202799,401.5903453881819,366.9378810479414,24.047637939453125,8.232810728137192,6.77116191827929,1,0,1
2025-09-18,408.1623840332031,413.240770666018,406.46960874773873,413.240770666018,12000897,410.45263671875,401.1920471191406,396.7609252929687,31367478.0,395.1165738796584,386.79487990580884,79.60529234094543,-0.005579822080948649,6.77116191827929,-5.078386632814897,0.0,1.6927752854643927,16771882.9,-0.6174095666855971,401.5903453881819,394.5204675451209,1,0,5.177968447752221,8.321693973849563,414.88375429200426,366.9378810479414,24.64508056640625,8.047883311807226,5.177968447752221,0,0,1
2025-09-19,407.1665954589844,411.69732544781976,406.51935700006754,407.2661776191736,16150731,408.1623840332031,410.45263671875,401.1920471191406,12000897.0,397.5265781955236,388.6468540470066,76.96455656989798,-0.0024396872744102405,5.177968447752221,-0.09958216018924304,4.4311478286461465,0.6472384589168314,17654389.1,0.3457936519245186,414.88375429200426,403.2831464051523,0,0,6.024341169040554,8.87972414851697,414.88375429200426,366.9378810479414,9.559295654296875,7.870068870807464,6.024341169040554,0,0,1
2025-09-22,404.6772155761719,409.6560199764403,403.63167880739974,408.0627964907123,10884230,407.1665954589844,408.1623840332031,410.45263671875,16150731.0,398.95670567165325,390.1041596405671,73.02938135124748,-0.006113909909545301,6.024341169040554,-3.3855809145404123,1.5932234857280037,1.0455367687721377,18053048.0,-0.32608437351844943,413.240770666018,406.46960874773873,0,0,5.3771331170307235,8.852546031086149,414.88375429200426,368.3319325216001,7.916290283203182,7.930524058194886,5.3771331170307235,0,0,1
2025-09-23,402.7355041503906,405.9717270431687,400.594593926138,404.67721965313103,11906108,404.6772155761719,407.1665954589844,408.1623840332031,10884230.0,399.71246536740074,391.25246368691467,69.9458172657375,-0.004798173336783229,5.3771331170307235,-1.9417155027404078,1.2945073900376656,2.14091022425265,18183767.6,0.09388610861769742,411.69732544781976,406.51935700006754,0,1,9.90783288541246,8.460001680486073,414.88375429200426,368.3319325216001,1.54345703125,8.022988892046262,9.90783288541246,0,0,0
2025-09-24,393.7736511230469,403.23337945834527,393.3255465729328,402.7354990196453,10835672,402.7355041503906,404.6772155761719,407.1665954589844,11906108.0,398.52470251853,391.48166254474484,67.03788005649879,-0.022252453371970904,9.90783288541246,-8.961847896598442,0.49788043869995136,0.448104550114067,16949903.0,-0.08990645809697007,409.6560199764403,403.63167880739974,0,1,13.940651844578156,7.043039973785142,414.88375429200426,371.468585523225,-16.678985595703125,8.054996356042986,13.940651844578156,0,0,0
2025-09-25,401.44097900390625,404.7270080287682,390.78635618419,393.77363872231393,23804019,393.7736511230469,402.7355041503906,404.6772155761719,10835672.0,399.10795781560523,392.3870549501231,72.05183047463771,0.019471409168673626,13.940651844578156,7.667340281592317,3.286029024861932,2.9872825381239068,17426035.3,1.1968198188354169,405.9717270431687,400.594593926138,0,0,11.700189861889271,6.720902865482117,414.88375429200426,382.42196040226935,-6.721405029296875,8.552876766469707,11.700189861889271,0,0,1
2025-09-26,394.2217102050781,404.4282588080028,392.7280689461135,401.9388567097285,11687034,401.44097900390625,393.7736511230469,402.7355041503906,23804019.0,398.1307082934998,392.5538417914826,65.09435198784891,-0.017983387786521643,11.700189861889271,-7.717146504650373,2.4894020982742973,1.493641258964601,15959042.6,-0.5090310589989027,403.23337945834527,393.3255465729328,0,0,9.06143012035011,5.576866502017197,414.88375429200426,383.66664774498406,-12.94488525390625,9.128995967871727,9.06143012035011,0,0,0
2025-09-29,398.2545776367187,406.4197986510677,397.3583685307176,399.3001144094393,23390892,394.2217102050781,401.44097900390625,393.7736511230469,11687034.0,398.15548216214364,393.0720905046859,66.76648827484546,0.010229947583410892,9.06143012035011,-1.0455367727205953,7.11968424162842,0.8962091060010948,16449440.2,1.001439544028023,404.7270080287682,390.78635618419,0,0,4.530699738691567,5.083391657457753,414.88375429200426,390.78635618419,-6.422637939453182,9.484624864705015,4.530699738691567,0,0,0
2025-09-30,402.2376098632813,404.6772057271114,400.14650598841985,403.2831466066071,14681751,398.2545776367187,394.2217102050781,401.44097900390625,23390892.0,398.9719077023712,393.90531953728544,61.134473530024074,0.010001221455377296,4.530699738691567,-1.0455367433257834,1.3940591205043233,2.09110387486146,16670881.2,-0.37233043528224574,404.4282588080028,392.7280689461135,0,0,9.609086336341193,5.066588165085761,414.88375429200426,390.78635618419,-0.49789428710931816,8.673789256689604,9.609086336341193,0,0,0
2025-10-01,404.77679443359375,407.26619661338214,397.65711027704094,400.29587050997463,13156495,402.2376098632813,398.2545776367187,394.2217102050781,14681751.0,400.1328850486157,394.8936354369498,65.0246409538044,0.006312648315445868,9.609086336341193,4.480923923619116,2.489402179788385,2.6387602329336914,14849782.9,-0.10388788094826018,406.4197986510677,397.3583685307176,0,0,8.663101534055784,5.239249611665912,414.88375429200426,390.78635618419,11.003143310546875,8.759138870974116,8.663101534055784,0,0,0
2025-10-03,410.9007263183594,412.0458452673873,403.3827437333315,405.0755190180912,16002501,404.77679443359375,402.2376098632813,398.2545776367187,13156495.0,402.2864533025645,396.34882551707796,60.58685739256476,0.015129157523308345,8.663101534055784,5.8252073002681755,1.1451189490279035,1.6927752847597048,15249943.3,0.21631946806501268,404.6772057271114,400.14650598841985,0,0,7.368624170864621,5.937627785486541,413.240770666018,390.78635618419,9.459747314453125,8.343050497234998,7.368624170864621,0,0,0
2025-10-06,411.4981689453125,413.1411682609187,405.77254409005405,410.9505126361802,14684188,410.9007263183594,404.77679443359375,402.2376098632813,16002501.0,404.12879643111415,397.72603855600835,61.78343140862409,0.0014539828934014842,7.368624170864621,0.5476563091323214,1.6429993156061755,5.177968546126124,15103289.0,-0.08238168521283018,407.26619661338214,397.65711027704094,0,0,6.422639317887729,6.402757875105806,412.0458452673873,390.78635618419,17.276458740234375,8.343050491014209,6.422639317887729,0,0,0
2025-10-07,408.5606689453125,413.78841346341665,407.3657741455289,411.4981756393407,11933246,411.4981689453125,410.9007263183594,404.77679443359375,14684188.0,405.01517093395387,398.711004955036,56.03588307552935,-0.007138549382926684,6.422639317887729,-2.9375066940281727,2.290237824075973,1.194894799783583,15208190.6,-0.1873404235903272,412.0458452673873,403.3827437333315,0,0,8.862265757812054,6.304165978917865,413.1411682609187,390.78635618419,10.306091308593807,8.296819167787545,8.862265757812054,0,0,0
2025-10-08,401.9388732910156,410.2534827198984,401.39121696208633,408.6602592336353,8668516,408.5606689453125,411.4981689453125,410.9007263183594,11933246.0,404.39991140536625,399.00444753103415,42.710985815399,-0.016207618984448113,8.862265757812054,-6.7213859426196905,1.5932234862630708,0.5476563289292926,14884431.4,-0.27358272845460485,413.1411682609187,405.77254409005405,0,0,6.970326044924207,5.395463874332108,413.78841346341665,390.78635618419,-0.29873657226568184,8.101223301427552,6.970326044924207,0,0,0
2025-10-09,407.6147155761719,408.2619540598443,401.2916280149201,401.9886727746965,9035150,401.9388732910156,408.5606689453125,411.4981689453125,8668516.0,405.0428722395274,399.7871991715012,49.55680878618062,0.014121157873293821,6.970326044924207,5.626042801475364,0.6472384836724245,0.6970447597764178,14704379.2,0.04229489799638131,413.78841346341665,407.3657741455289,0,0,7.119683815792484,5.255673068026226,413.78841346341665,390.78635618419,2.837921142578125,8.115449310473618,7.119683815792484,0,0,0
2025-10-10,411.7471008300781,413.7386224785912,406.6189386627987,407.2661771209237,13813014,407.6147155761719,401.9388732910156,408.5606689453125,9035150.0,406.3837179576376,400.87446295864453,53.52761615745689,0.010137968763137106,7.119683815792484,4.4809237091544105,1.9915216485130713,0.6472384581250026,13705278.7,0.5288084868541199,410.2534827198984,401.39121696208633,0,0,6.621803637130483,5.509254998993072,413.78841346341665,390.78635618419,0.84637451171875,8.254143265333637,6.621803637130483,0,0,0
2025-10-13,407.66448974609375,411.2492349174471,404.6274312803166,411.1994590297628,7858503,411.7471008300781,407.6147155761719,401.9388732910156,13813014.0,406.63987231532883,401.4917381211399,52.245505067165354,-0.009915336564007005,6.621803637130483,-3.5349692836690565,0.049775887684290865,3.037058465777136,13322425.6,-0.43107977737516234,408.2619540598443,401.2916280149201,0,0,12.49678628983662,5.148134194188913,413.78841346341665,392.7280689461135,-3.83367919921875,8.29681915591149,12.49678628983662,0,0,0
2025-10-14,400.6941528320313,412.3943426113271,399.89755632149047,408.2619412350048,10789648,407.66448974609375,411.7471008300781,407.6147155761719,7858503.0,405.45072841866937,401.4192303675846,48.57338703863979,-0.017098219465727316,12.49678628983662,-7.56778840297352,4.132401376322264,0.7965965105408372,12062301.2,0.3729902501786917,413.7386224785912,406.6189386627987,0,0,7.219266458684501,4.031498051084782,413.78841346341665,397.3583685307176,-7.866516113281193,8.80536581111191,7.219266458684501,0,0,0
2025-10-15,406.3700256347656,408.5109054724575,401.291639013773,401.291639013773,10892830,400.6941528320313,407.66448974609375,411.7471008300781,10789648.0,405.63458786188863,401.86930266460104,59.226842471400154,0.014165100145880016,7.219266458684501,5.078386620992603,2.140879837691898,0.0,11683409.1,0.009563055254443897,411.2492349174471,404.6274312803166,0,0,3.634551549694038,3.7652851972875965,413.78841346341665,397.65711027704094,4.43115234375,8.613325352059913,3.634551549694038,0,0,0
2025-10-16,410.0543212890625,410.95053039831953,407.3159788486255,407.3657851259235,11479498,406.3700256347656,400.6941528320313,407.66448974609375,10892830.0,406.51853454732344,402.6133952668248,56.70024043209409,0.009066356822311938,3.634551549694038,2.6885361631390197,0.896209109257029,0.049806277297989254,11515709.4,0.05385818010562904,412.3943426113271,399.89755632149047,0,0,10.30613119158403,3.905139280498645,413.78841346341665,397.65711027704094,2.439605712890625,7.877175330996762,10.30613119158403,0,0,0
2025-10-17,411.0500793457031,418.2195698411208,407.9134386495368,408.61048342122285,19566580,410.0543212890625,406.3700256347656,400.6941528320313,11479498.0,407.4248435069994,403.3803665467228,64.49400612739689,0.0024283564516778267,10.30613119158403,2.4395959244802725,7.169490495417676,0.6970447716860804,11872117.3,0.7044804572464753,408.5109054724575,401.291639013773,0,0,5.028580276561684,4.044476960276597,413.78841346341665,399.89755632149047,-0.697021484375,7.777599711689244,5.028580276561684,1,0,0
2025-10-20,414.7344055175781,415.7799422837669,410.7513620072052,414.7344055175781,10580573,411.0500793457031,410.0543212890625,406.3700256347656,19566580.0,408.8867559091152,404.41255190770966,64.27954549661402,0.008963205110529504,5.028580276561684,0.0,1.045536766188775,3.9830435103729087,11461755.8,-0.45925281781486593,410.95053039831953,407.3159788486255,0,0,2.539178024967839,4.474204001405553,418.2195698411208,399.89755632149047,7.069915771484375,7.4895390085615,2.539178024967839,0,0,0
2025-10-21,415.9293212890625,417.37315629588767,414.83397827091983,416.37739544088697,2915071,414.7344055175781,411.0500793457031,410.0543212890625,10580573.0,410.2952689851047,405.4595309423781,62.466004332328964,0.002881159015474477,2.539178024967839,-0.4480741518244713,0.9957608550006967,1.095343018142671,10559938.3,-0.7244883618306872,418.2195698411208,407.9134386495368,0,0,4.480923834495002,4.835738042726632,418.2195698411208,399.89755632149047,15.235168457031193,7.347287457581233,4.480923834495002,0,0,0
2025-10-23,416.8752746582031,420.7089600164685,416.2280361819735,419.7131991643585,21980966,415.9293212890625,414.7344055175781,411.0500793457031,2915071.0,411.6112701197244,406.4973258256349,61.344530120123395,0.002274312775566889,4.480923834495002,-2.837924506155389,0.9957608521099814,0.6472384762296315,11891183.3,6.540456476017222,415.7799422837669,410.7513620072052,1,0,3.78390954999702,5.113944294089492,418.2195698411208,399.89755632149047,10.5052490234375,6.980990136020791,3.78390954999702,1,0,0
2025-10-24,420.2608642578125,421.90389400868776,418.11998445869074,420.2110883694509,18720794,416.8752746582031,415.9293212890625,414.7344055175781,21980966.0,413.34118894734206,407.7485565921965,59.251959359467,0.008121349011128709,3.78390954999702,0.0497758883615802,1.6430297508752574,2.0911039107601823,12859747.7,-0.14831795836452322,417.37315629588767,414.83397827091983,1,0,10.35590664715562,5.592632355145554,420.7089600164685,399.89755632149047,10.20654296875,6.6324764228737365,10.35590664715562,0,0,0
2025-10-27,413.3901062011719,423.1983565422036,412.842449895048,423.1983565422036,12158324,420.2608642578125,416.8752746582031,415.9293212890625,18720794.0,413.35097239810807,408.261424738467,51.663740572941855,-0.016348793430419728,10.35590664715562,-9.808250341031737,0.0,0.5476563061238835,12694278.7,-0.3505444266947224,420.7089600164685,416.2280361819735,0,0,5.924759085785922,5.0895476596410845,421.90389400868776,399.89755632149047,2.34002685546875,6.845853742608808,5.924759085785922,0,0,0
2025-10-28,411.7969055175781,415.0331284227572,409.1083693369713,415.0331284227572,12247991,413.3901062011719,420.2608642578125,416.8752746582031,12158324.0,413.0401590220021,408.58283208202255,52.91481201118593,-0.003853988423270227,5.924759085785922,-3.2362229051790905,0.0,2.6885361806068317,13133227.5,0.007374947402289944,421.90389400868776,418.11998445869074,0,1,8.015863006690495,4.457326939979566,423.1983565422036,399.89755632149047,-2.9375,6.81029086888725,8.015863006690495,0,0,0
2025-10-29,405.4738464355469,413.141187053205,405.1253240465145,411.7969037744863,14498733,411.7969055175781,413.3901062011719,420.2608642578125,12247991.0,411.5268965047111,408.300197023252,53.20110408438265,-0.015354799896040827,8.015863006690495,-6.323057338939407,1.3442832787187058,0.3485223890323823,13504136.0,0.18376417814154178,423.1983565422036,412.842449895048,0,0,6.323087749278841,3.226699481459093,423.1983565422036,399.89755632149047,-10.455474853515625,6.749833529521425,6.323087749278841,0,0,0
2025-10-30,408.1623840332031,408.90920470308146,402.5861169538026,406.0712800799016,11172780,405.4738464355469,411.7969055175781,413.3901062011719,14498733.0,410.8539940104095,408.2876685696112,50.52430942261105,0.006630606687190177,6.323087749278841,2.0911039533015128,0.746820669878332,3.485163126098996,13532131.0,-0.22939611343970534,415.0331284227572,409.1083693369713,0,1,19.019038174097716,2.566325440798323,423.1983565422036,401.291639013773,-8.712890625,6.703602222689613,19.019038174097716,0,0,0
2025-10-31,424.293701171875,425.43882006339146,406.41978188929374,412.0458245731689,51342361,408.1623840332031,405.4738464355469,411.7969055175781,11172780.0,413.54193544270265,409.74276244254423,59.76745898815677,0.03952181232202823,19.019038174097716,12.247876598706114,1.1451188915164607,5.626042683875141,17518417.3,3.5953076136825395,413.141187053205,405.1253240465145,0,0,14.538114534068086,3.7991730001584187,423.1983565422036,402.5861169538026,4.0328369140625,7.5535561054257006,14.538114534068086,1,0,0
2025-11-03,420.5097961425781,429.1729277205269,414.6348131864588,426.1856451609873,27222212,424.293701171875,408.1623840332031,405.4738464355469,51342361.0,414.93550758267776,410.72158368800183,60.04672551433632,-0.008918126804253634,14.538114534068086,-5.675849018409167,2.987282559539608,5.874982956119311,18283980.5,-0.46979041341710015,408.90920470308146,402.5861169538026,1,0,7.866504549848514,4.213923894675929,425.43882006339146,402.5861169538026,7.11968994140625,8.119006883778386,7.866504549848514,0,0,0
2025-11-04,413.3901062011719,420.6093722833624,412.7428677335139,418.21955234758946,12831686,420.5097961425781,424.293701171875,408.1623840332031,27222212.0,414.6264273063766,410.96417664374457,59.90676678981232,-0.016931091752716898,7.866504549848514,-4.829446146417581,2.389819935772948,0.647238467657985,18509091.8,-0.5286317658535611,425.43882006339146,406.41978188929374,0,0,7.517982138048524,3.6622506626320614,429.1729277205269,402.5861169538026,1.59320068359375,7.788272473779236,7.517982138048524,0,0,0
2025-11-06,407.0670166015625,413.24074592488046,405.72276378683193,409.25770259066473,12786294,413.3901062011719,420.5097961425781,424.293701171875,12831686.0,413.11454516541386,410.6098893671826,50.538429875396595,-0.015295696497710343,7.517982138048524,-2.190685989102235,3.983043334215722,1.3442528147305666,19496214.1,-0.0035374930465100762,429.1729277205269,414.6348131864588,0,1,10.654653118279327,2.5046557982312834,429.1729277205269,402.5861169538026,1.593170166015625,7.809609308019524,10.654653118279327,0,0,0
2025-11-07,412.4939270019531,414.2365084678637,403.5818553495844,406.27042176655857,10141248,407.0670166015625,413.3901062011719,420.5097961425781,12786294.0,412.9904215327217,410.7811655157981,51.83520042093838,0.013331736984484088,10.654653118279327,6.223505235394555,1.7425814659105754,2.688566416974197,18312242.3,-0.2068657266914088,420.6093722833624,412.7428677335139,0,0,6.372863360202871,2.209256016923632,429.1729277205269,402.5861169538026,4.33154296875,8.311045134347044,6.372863360202871,0,0,0
2025-11-10,415.0829162597656,418.6178551207863,412.24499176058345,414.18673757271057,9288444,412.4939270019531,407.0670166015625,413.3901062011719,10141248.0,413.40892047813054,411.17223376524964,52.96269658568432,0.006276429998932409,6.372863360202871,0.8961786870550554,3.5349388610206915,1.9417458121271238,17369007.3,-0.08409260872034685,413.24074592488046,405.72276378683193,0,0,10.704429587667732,2.2366867128808963,429.1729277205269,402.5861169538026,-9.210784912109375,8.030097432105533,10.704429587667732,0,0,0
2025-11-11,425.4886169433594,426.0860795561272,415.38164996845944,415.38164996845944,24889361,415.0829162597656,412.4939270019531,407.0670166015625,9288444.0,415.8248597711763,412.47372314507777,57.19041120711186,0.02506896881557452,10.704429587667732,10.106966974899933,0.5974626127677993,0.0,18642111.0,1.6796050016558208,414.2365084678637,403.5818553495844,1,0,7.567788740467677,3.351136626098537,429.1729277205269,402.5861169538026,4.97882080078125,8.43551524004168,7.567788740467677,0,0,0
2025-11-12,422.9494323730469,427.57971437200206,420.0119256315344,426.3350132761426,15221773,425.4886169433594,415.0829162597656,412.4939270019531,24889361.0,417.24977429155047,413.4260603476204,54.6108567953488,-0.00596769095388161,7.567788740467677,-3.385580903095729,1.2447010958594547,2.937506741512493,18939489.2,-0.38842250711056825,418.6178551207863,412.24499176058345,1,0,6.173729322897543,3.823713943930045,429.1729277205269,402.5861169538026,9.559326171875,8.794701719720239,6.173729322897543,0,0,0
2025-11-13,418.0203857421875,423.39751855357974,417.2237892306822,421.3561906120078,9091428,422.9494323730469,425.4886169433594,415.0829162597656,15221773.0,417.4038965816779,413.84372629258104,50.71472081450326,-0.011653985686194024,6.173729322897543,-3.335804869820322,2.0413279415719217,0.7965965115052995,18398758.7,-0.4027352792608325,426.0860795561272,415.38164996845944,0,0,9.95760855724751,3.5601702890968454,429.1729277205269,402.5861169538026,10.953369140625,8.915616397463278,9.95760855724751,0,0,0
2025-11-14,425.04052734375,426.8826910044827,416.9250824472352,417.02463422224,14719899,418.0203857421875,422.9494323730469,425.4886169433594,9091428.0,418.93122273409233,414.8616172972327,52.853750654128774,0.016793778105099744,9.95760855724751,8.015893121509976,1.8421636607326946,0.09955177500484069,18753470.6,0.6190964719733798,427.57971437200206,420.0119256315344,0,0,7.069908412763539,4.069605436859604,429.1729277205269,402.5861169538026,12.546600341796875,9.35659489798117,7.069908412763539,0,0,0
2025-11-17,422.7502746582031,427.679303230227,420.60939481746345,426.1358860024919,12996079,425.04052734375,418.0203857421875,422.9494323730469,14719899.0,419.6950331189145,415.5787679664118,55.91195729861134,-0.005388316026849416,7.069908412763539,-3.3856113442887477,1.5434172277351195,2.1408798407396716,14918842.4,-0.11710814048384433,423.39751855357974,417.2237892306822,0,0,9.111236468209313,4.116265152502706,429.1729277205269,403.5818553495844,7.6673583984375,9.121880738381735,9.111236468209313,0,0,0
2025-11-18,419.1157531738281,427.629527029468,418.5182905612587,422.7502743503268,13340937,422.7502746582031,425.04052734375,418.0203857421875,12996079.0,419.5791771298973,415.90031207617693,54.506438413411374,-0.008597324951032936,9.111236468209313,-3.6345211764986516,4.879252679141246,0.5974626125694158,13530714.9,0.026535541989241462,426.8826910044827,416.9250824472352,0,0,9.161012018416272,3.678865053720358,429.1729277205269,403.5818553495844,-6.37286376953125,9.349486265697692,9.161012018416272,0,0,0
2025-11-19,421.406005859375,422.4515426015139,413.2905305830976,418.21955896908855,9661756,419.1157531738281,422.7502746582031,425.04052734375,13340937.0,419.9445428757929,416.4008296928313,60.32256163799052,0.005464487240585791,9.161012018416272,3.1864468902864473,1.0455367421388928,4.929028385990932,13213721.9,-0.27578130381696575,427.679303230227,420.60939481746345,0,0,4.978804351590156,3.5437131829615964,427.679303230227,403.5818553495844,-1.543426513671875,9.431282623678104,4.978804351590156,0,0,0
2025-11-20,421.2068481445313,425.38905595515104,420.4102516035609,423.1983698851673,10463382,421.406005859375,419.1157531738281,422.7502746582031,9661756.0,420.1970039295406,416.83774046116764,58.73332012087362,-0.00047260293416451216,4.978804351590156,-1.991521740636017,2.1906860699837125,0.7965965409704268,12981430.7,0.08296897582592644,427.629527029468,418.5182905612587,0,0,7.816729061523176,3.3592634683729443,427.679303230227,403.5818553495844,3.186462402343807,9.335262380986055,7.816729061523176,0,0,0
2025-11-21,414.5850524902344,421.555378717899,413.7386496563758,419.713214994374,8395038,421.2068481445313,421.406005859375,419.1157531738281,10463382.0,419.0746136416794,416.6329506456282,42.5515914434366,-0.015721006634784707,7.816729061523176,-5.128162504139652,1.8421637235249477,0.8464028338585763,12806809.7,-0.19767451862122587,422.4515426015139,413.2905305830976,0,0,14.289174532562242,2.44166299605115,427.679303230227,403.5818553495844,-10.455474853515625,8.535097444373589,14.289174532562242,0,0,0
2025-11-24,402.0882263183594,413.58928257597734,399.3001080434151,412.2449993266181,23696864,414.5850524902344,421.2068481445313,421.406005859375,8395038.0,415.67733617701543,415.3107029795129,37.53371426494436,-0.03014297330984783,14.289174532562242,-10.15677300825871,1.3442832493592505,2.7881182749442814,14247651.7,1.8227226606955202,425.38905595515104,420.4102516035609,0,1,6.3728634569406495,0.3666331975025514,427.679303230227,412.24499176058345,-20.66204833984375,8.5173160156946,6.3728634569406495,1,0,0
2025-11-25,408.5108947753906,410.65177455702246,404.2789111000818,404.7767915324711,14107503,402.0882263183594,414.5850524902344,421.2068481445313,23696864.0,414.2440478966905,414.6925385973199,46.66668334555061,0.015973281575138776,6.3728634569406495,3.7341032429195025,2.1408797816318383,0.4978804323893087,13169465.9,-0.4046679341198903,421.555378717899,413.7386496563758,0,1,7.966086614665073,-0.44849070062940655,427.679303230227,399.3001080434151,-10.6048583984375,8.410627366201181,7.966086614665073,0,0,0
2025-11-26,413.5394592285156,414.7343843759989,406.7682977613338,408.51087920829184,8339381,408.5108947753906,402.0882263183594,414.5850524902344,14107503.0,414.10313016305554,414.58771320015586,54.5013780746686,0.01230949900587075,7.966086614665073,5.028580020223785,1.194925147483275,1.7425814469580132,12481226.7,-0.4088690961114806,413.58928257597734,399.3001080434151,0,0,5.277520404804363,-0.4845830371003217,427.679303230227,399.3001080434151,-7.866546630859375,8.442634828816649,5.277520404804363,0,0,0
2025-11-27,411.2990112304687,415.5309948871433,410.25347448233896,413.53947316635526,5251173,413.5394592285156,408.5108947753906,402.0882263183594,8339381.0,413.5423063765382,414.28874029382064,49.130433430798185,-0.005417736924613226,5.277520404804363,-2.2404619358865716,1.9915217207880573,1.0455367481297344,12097201.2,-0.3703162141170909,410.65177455702246,404.2789111000818,0,0,6.5720279622477165,-0.7464339172824452,427.679303230227,399.3001080434151,-9.907836914062614,8.058553920711294,6.5720279622477165,0,0,0
2025-11-28,410.0045471191406,413.4897102397648,406.9176822775171,412.24500912525616,6690232,411.2990112304687,413.5394592285156,408.5108947753906,5251173.0,412.8347545250587,413.8992681870315,46.23339173106262,-0.003147258019063681,6.5720279622477165,-2.2404620061155356,1.2447011145086435,3.0868648416235374,11294234.5,0.27404524665250984,414.7343843759989,406.7682977613338,0,0,5.675849232887401,-1.0645136619727964,427.679303230227,399.3001080434151,-4.58050537109375,8.072779963714497,5.675849232887401,0,0,0
2025-12-01,415.4812316894531,417.4229775818122,411.7471283489248,414.1369484092208,9650320,410.0045471191406,411.2990112304687,413.5394592285156,6690232.0,413.3640499579376,414.043083050888,41.99204288597278,0.013357619101529217,5.675849232887401,1.3442832802323323,1.9417458923590516,2.3898200602960173,10959658.6,0.4424492304601695,415.5309948871433,410.25347448233896,0,0,7.617564504372353,-0.6790330929504194,427.679303230227,399.3001080434151,13.39300537109375,7.71359565265876,7.617564504372353,0,0,0
2025-12-02,411.2990112304687,416.87527812631726,409.2577136219449,416.27781553243886,11215451,415.4812316894531,410.0045471191406,411.2990112304687,9650320.0,412.95104221244384,413.79362197630445,40.91614060719118,-0.010065967220657446,7.617564504372353,-4.978804301970172,0.5974625938783902,2.0412976085237915,10747110.0,0.16218436279833215,413.4897102397648,406.9176822775171,0,0,9.260594192040514,-0.8425797638606127,427.629527029468,399.3001080434151,2.788116455078068,7.717151064366236,9.260594192040514,0,0,0
2025-12-03,402.2376098632813,410.9505173516956,401.6899231596551,410.25347259733854,12294040,411.2990112304687,415.4812316894531,410.0045471191406,11215451.0,410.80835574261135,412.74307542057505,38.43911899724779,-0.022031177123617907,9.260594192040514,-8.015862734057237,0.6970447543570799,0.5476867036261979,11010338.4,0.09616991773224282,417.4229775818122,411.7471283489248,0,1,7.717146925332372,-1.9347196779636988,425.38905595515104,399.3001080434151,-11.301849365234318,7.937641412162163,7.717146925332372,0,0,0
2025-12-04,405.4240417480469,407.76408592562854,400.04693900029616,404.07975846405645,10865110,402.2376098632813,411.2990112304687,415.4812316894531,12294040.0,409.73149294369847,412.0777087230725,34.77588234764701,0.007921765162259842,7.717146925332372,1.3442832839904213,2.3400441775816603,4.0328194637602905,11050511.2,-0.11622949006185113,416.87527812631726,409.2577136219449,0,1,5.327326566742045,-2.346215779374006,425.38905595515104,399.3001080434151,-5.874969482421818,7.777608438453939,5.327326566742045,0,0,0
2025-12-05,405.1750793457031,408.95898876714847,403.6316622004064,407.2661831854217,11774958,405.4240417480469,402.2376098632813,411.2990112304687,10865110.0,408.8202102240994,411.4501969614934,35.91378976348831,-0.0006140790301194521,5.327326566742045,-2.091103839718585,1.692805581726759,1.5434171452967007,11388503.2,0.0837403394903502,410.9505173516956,401.6899231596551,0,0,21.35908277891599,-2.629986737394006,421.555378717899,399.3001080434151,-4.8294677734375,7.6531383065952605,21.35908277891599,0,0,0
2025-12-08,384.7619934082031,404.7270170492327,383.3679342703167,404.7270170492327,25593778,405.1750793457031,405.4240417480469,402.2376098632813,11774958.0,404.00856686092015,409.023996638467,28.301873699890336,-0.05038090193124434,21.35908277891599,-19.965023641029575,0.0,1.3940591378864156,11578194.6,1.1735770097863618,407.76408592562854,400.04693900029616,0,0,10.405712959374227,-5.015429777546842,417.4229775818122,399.3001080434151,-30.71923828125,8.527984471645738,10.405712959374227,1,1,0
2025-12-09,387.799072265625,389.3424894162111,378.93677645683687,383.417700248072,19270896,384.7619934082031,405.1750793457031,405.4240417480469,25593778.0,400.76666794186116,407.0944580591177,28.97195476466534,0.007893396201946956,10.405712959374227,4.381372017553019,1.5434171505860945,4.480923791235114,12094533.9,-0.2470476222775707,408.95898876714847,403.6316622004064,0,1,5.675849088131542,-6.327790117256541,417.4229775818122,383.3679342703167,-23.499938964843693,8.616891681714163,5.675849088131542,1,1,0
2025-12-10,385.7079772949219,389.79060292075246,384.1147538326209,388.34673751062127,8372979,387.799072265625,384.7619934082031,405.1750793457031,19270896.0,397.75492981247334,405.15023253509986,28.30188186514421,-0.005392212411665653,5.675849088131542,-2.638760215699392,1.4438654101311954,1.593223462300955,12097893.7,-0.5655116918279254,404.7270170492327,383.3679342703167,0,0,4.829446211998004,-7.395302722626525,417.4229775818122,378.93677645683687,-16.529632568359432,8.666680591467118,4.829446211998004,0,1,0
2025-12-11,385.8573303222656,388.346732453377,383.517286241379,384.3636890435988,7666925,385.7079772949219,387.799072265625,384.7619934082031,8372979.0,395.3754099144318,403.3963323339331,30.93190298129548,0.00038721788538365054,4.829446211998004,1.4936412786668143,2.489402131111376,0.8464028022198136,12339468.9,-0.0843253040524764,389.3424894162111,378.93677645683687,0,0,6.074147216871722,-8.02092241950129,417.4229775818122,378.93677645683687,-19.56671142578125,8.453303245072464,6.074147216871722,0,0,0
2025-12-12,387.799072265625,392.4293541055928,386.35520688872106,386.35520688872106,12661065,385.8573303222656,385.7079772949219,387.799072265625,7666925.0,393.8601423846705,401.97839960045053,38.97002668053695,0.005032279526056005,6.074147216871722,1.4438653769039433,4.630281839967779,0.0,12936552.2,0.6513876162868426,389.79060292075246,384.1147538326209,0,0,4.381341828527923,-8.118257215780034,417.4229775818122,378.93677645683687,-17.376007080078125,7.8665155796659985,4.381341828527923,0,0,0
2025-12-15,389.0935668945313,390.7365662817029,386.35522445317497,387.4007612300449,9087687,387.799072265625,385.8573303222656,385.7079772949219,12661065.0,392.9068272866427,400.80705117263966,33.72286555868287,0.0033380549915797975,4.381341828527923,1.6928056644864,1.6429993871715851,1.0455367768699375,12880288.9,-0.2822336035712636,388.346732453377,383.517286241379,0,0,6.422669883971082,-7.900223885996979,417.4229775818122,378.93677645683687,4.331573486328182,7.724264034779375,6.422669883971082,0,0,0
2025-12-16,386.355224609375,389.5416716067985,383.1190017228274,389.0935670518384,8700626,389.0935668945313,387.799072265625,385.8573303222656,9087687.0,391.59650675118917,399.4932487577974,26.302106750166942,-0.007037747519219595,6.422669883971082,-2.73834244246342,0.44810455496008217,3.23622288654758,12628806.4,-0.04259180581373456,392.4293541055928,386.35520688872106,0,0,3.385580840827515,-7.896742006608235,416.87527812631726,378.93677645683687,-1.44384765625,7.614019982586947,3.385580840827515,0,1,0
2025-12-17,383.96539306640625,386.7535113145678,383.3679304737403,386.3552130488603,6612962,386.355224609375,389.0935668945313,387.799072265625,8700626.0,390.0702840142326,398.08162551312546,26.233780707200992,-0.006185581016498465,3.385580840827515,-2.389819982454071,0.3982982657074672,0.5974625926659769,12060698.6,-0.2399441143660238,390.7365662817029,386.35522445317497,0,0,6.3230573160911945,-8.011341498892875,410.9505173516956,378.93677645683687,-1.742584228515625,7.478881442302886,6.3230573160911945,0,1,0
2025-12-18,381.8245239257813,385.160298583608,378.8372412675168,382.4219561468656,7510229,383.96539306640625,386.355224609375,389.0935668945313,6612962.0,388.42113199654233,396.60370718700324,25.85325289673733,-0.005575682546616112,6.3230573160911945,-0.5974322210843184,2.7383424367423572,2.987282658264519,11725210.5,0.13568307212411024,389.5416716067985,383.1190017228274,0,0,9.957608649295992,-8.18257519046091,408.95898876714847,378.93677645683687,-4.032806396484318,7.4610978247202775,9.957608649295992,0,1,0
2025-12-19,391.1846618652344,391.8319003497966,381.87429170050063,381.87429170050063,11595429,381.8245239257813,383.96539306640625,386.355224609375,7510229.0,388.9738379702808,396.11106670320606,30.479993801849403,0.024514239795850434,9.957608649295992,9.31037016473374,0.6472384845622514,0.0,11707257.6,0.543951456074109,386.7535113145678,383.3679304737403,0,0,6.372863624121692,-7.13722873292528,408.95898876714847,378.8372412675168,3.385589599609375,7.766937783035177,6.372863624121692,0,0,0
2025-12-22,397.2588195800781,397.6073115813247,391.23444795720303,391.3340301239352,9321669,391.1846618652344,381.8245239257813,383.96539306640625,11595429.0,390.6308342922403,396.21540787383077,39.052820783957465,0.015527596828263102,6.372863624121692,5.924789456142946,0.34849200124659774,0.09958216673214793,10080046.7,-0.19609106312496072,385.160298583608,378.8372412675168,1,0,6.721385758621238,-5.584573581590462,404.7270170492327,378.8372412675168,8.165252685546818,7.678030577302986,6.721385758621238,0,0,0
2025-12-23,397.7068786621094,400.79374338445143,394.0723576258302,397.30858039849966,7734965,397.2588195800781,391.1846618652344,381.8245239257813,9321669.0,392.04604316621413,396.3509961273106,45.91926318433964,0.0011278769908869002,6.721385758621238,0.39829826360971765,3.0868647223420567,3.236222772669464,8926453.6,-0.17021672835626322,391.8319003497966,381.87429170050063,1,0,6.024341165791327,-4.30495296109649,397.6073115813247,378.8372412675168,11.351654052734375,7.4966585463444675,6.024341165791327,0,0,0
2025-12-24,398.3043518066406,401.9388729392341,395.9145317734428,397.308590927124,8097208,397.7068786621094,397.2588195800781,391.1846618652344,7734965.0,393.29770489429944,396.52857391634063,43.273752822568554,0.001502295224415473,6.024341165791327,0.9957608795166379,3.634521132593477,1.3940591536812121,8898876.5,0.04683188611713174,397.6073115813247,391.23444795720303,0,0,10.355906826441185,-3.2308690220411904,400.79374338445143,378.8372412675168,14.338958740234375,7.375743849234392,10.355906826441185,0,0,0
2025-12-26,396.7609252929687,405.8223247734737,395.46641794703254,401.2916250332213,13284184,398.3043518066406,397.7068786621094,397.2588195800781,8097208.0,393.99034897403334,396.54969676876135,42.240606353632316,-0.0038749928457251226,10.355906826441185,-4.530699740252601,4.53069974025243,1.2945073459361538,9460602.4,0.6405882126283529,400.79374338445143,394.0723576258302,0,0,10.953369140625,-2.559347794728012,401.9388729392341,378.8372412675168,14.936401367187386,7.7349281534986165,10.953369140625,0,0,0
2025-12-29,391.58294677734375,401.7397194084796,390.7863502678546,399.3000932173296,15690096,396.7609252929687,398.3043518066406,397.7068786621094,13284184.0,393.50886853469547,396.09817404226885,58.748392278553254,-0.013050626171923319,10.953369140625,-7.717146439985868,2.439626191149955,0.7965965094891772,9763505.5,0.18111101141026054,401.9388729392341,395.9145317734428,0,0,7.418430313468093,-2.5893055075733855,405.8223247734737,378.8372412675168,0.398284912109375,6.991662893620689,7.418430313468093,1,0,0
2025-12-30,391.6327209472656,395.3170481609764,387.8986178475083,394.12212301377053,37726382,391.58294677734375,396.7609252929687,398.3043518066406,15690096.0,393.13363901720953,395.69222376090494,55.32499506163838,0.0001271101572004607,7.418430313468093,-2.4894020665049084,1.194925147205879,3.7341030997573057,12627375.0,1.4044710752566458,405.8223247734737,395.46641794703254,0,1,5.576236374307939,-2.5585847436954055,405.8223247734737,378.8372412675168,-5.6260986328125,6.778285561770251,5.576236374307939,1,0,0
2025-12-31,397.9060363769531,399.5988115662219,394.022575191914,394.2217091263055,9409818,391.6327209472656,391.58294677734375,396.7609252929687,37726382.0,394.08811848915826,395.89347945327296,65.17966191295048,0.01601836387550515,5.576236374307939,3.684327250647641,1.6927751892687866,0.1991339343915115,12698294.2,-0.750577248568389,401.7397194084796,390.7863502678546,0,0,6.123923102241804,-1.8053609641146977,405.8223247734737,378.8372412675168,0.19915771484375,6.771170367925707,6.123923102241804,0,0,0
2026-01-01,396.01409912109375,399.0511575346954,392.9272344324536,398.20475474113465,6084786,397.9060363769531,391.6327209472656,391.58294677734375,9409818.0,394.4733146155454,395.9044448776203,62.114021773550704,-0.004754733738361994,6.123923102241804,-2.1906556200409,0.8464027935607419,3.086864688640162,12645476.6,-0.35335773763105727,395.3170481609764,387.8986178475083,0,0,6.621803548532796,-1.4311302620748734,405.8223247734737,378.8372412675168,-2.290252685546875,6.863633002943122,6.621803548532796,0,0,0
2026-01-02,401.44097900390625,403.8806052319912,397.2588016834584,397.9558160427617,10950368,396.01409912109375,397.9060363769531,391.6327209472656,6084786.0,395.8668474932176,396.4077661618281,65.02191700170577,0.013703754222025966,6.621803548532796,3.4851629611445674,2.439626228084933,0.6970143593032958,12989490.5,0.7996307511882916,399.5988115662219,394.022575191914,0,0,15.73304003817151,-0.540918668610459,405.8223247734737,378.8372412675168,4.680053710937557,6.902751312347484,15.73304003817151,0,0,0
2026-01-05,412.04583740234375,416.8255078292685,401.09246779109696,401.1422740677106,26097635,401.44097900390625,396.01409912109375,397.9060363769531,10950368.0,399.1026454750429,397.829409001875,70.97360354451388,0.026416980211515284,15.73304003817151,10.903563334633134,4.779670426924724,0.049806276613651335,14439711.1,1.3832655669654206,399.0511575346954,392.9272344324536,1,0,5.476684711018663,1.2732364731679127,405.8223247734737,381.87429170050063,20.462890625,7.713586898750598,5.476684711018663,1,0,1
2026-01-06,411.3488159179687,413.9378002226377,408.461115511619,412.9420393660888,9927677,412.04583740234375,401.44097900390625,396.01409912109375,26097635.0,401.55187956362806,399.0584459942471,73.72401478959813,-0.0016916115177119107,5.476684711018663,-1.5932234481201135,0.995760856548884,2.8877004063496656,14500311.9,-0.6195947640466273,403.8806052319912,397.2588016834584,1,0,6.671609999604357,2.4934335693809544,416.8255078292685,387.8986178475083,19.716094970703068,7.6460165292539966,6.671609999604357,0,0,1
2026-01-07,413.8880004882813,414.4854630892953,407.81385308969095,411.3488224192345,8279218,411.3488159179687,412.04583740234375,401.44097900390625,9927677.0,404.01910374855873,400.4065873118866,78.32235299011194,0.006172825767460033,6.671609999604357,2.539178069046784,0.5974626010140014,3.5349693295435713,14554737.2,-0.16604680027361884,416.8255078292685,401.09246779109696,0,0,8.862296073918856,3.612516436672138,416.8255078292685,387.8986178475083,15.981964111328182,7.880732897738056,8.862296073918856,0,0,1
2026-01-08,413.8880004882813,421.1570730888995,412.29477701498064,413.9378067648217,22238704,413.8880004882813,411.3488159179687,412.04583740234375,8279218.0,405.99288309650325,401.6321703279225,81.63064028612365,0.0,8.862296073918856,-0.04980627654038017,7.219266324077807,1.593223473300668,15968886.8,1.6860875024670205,413.9378002226377,408.461115511619,0,0,8.663101180431113,4.360712768580754,416.8255078292685,387.8986178475083,17.873901367187557,8.062107094725746,8.663101180431113,0,0,1
2026-01-09,416.8752746582031,422.7502576080101,414.087156427579,415.2322753298636,22963210,413.8880004882813,413.8880004882813,411.3488159179687,22238704.0,408.16936140884326,403.0179070852207,78.98875615188484,0.007217590668000984,8.663101180431113,1.6429993283394992,5.874982949806963,1.1451189022846506,16936789.4,0.032578607098687096,414.4854630892953,407.81385308969095,0,0,9.160981633080326,5.151454323622545,421.1570730888995,387.8986178475083,15.434295654296875,7.969642275521112,9.160981633080326,0,0,1
2026-01-12,415.9293212890625,418.02039477399614,408.8594131409158,417.72167867277983,14594852,416.8752746582031,413.8880004882813,413.8880004882813,22963210.0,409.72135338488715,404.1916720128427,73.82466492153522,-0.0022691520141514543,9.160981633080326,-1.7923573837173308,0.2987161012163142,7.069908148146681,16827265.0,-0.36442457304531906,421.1570730888995,412.29477701498064,0,0,12.895115577929744,5.529681372044479,422.7502576080101,387.8986178475083,3.88348388671875,8.168793561875301,12.895115577929744,0,0,1
2026-01-13,411.9462890625,420.55961461465586,407.6644990367261,417.97063024366406,13393010,415.9293212890625,416.8752746582031,413.8880004882813,14594852.0,410.16634052040973,404.89663719917513,66.66671429296025,-0.00957622370603295,12.895115577929744,-6.024341181164061,2.5889843709917955,4.281790025773887,14393927.8,-0.08234698097658,422.7502576080101,414.087156427579,0,0,9.758444301299335,5.269703321234601,422.7502576080101,387.8986178475083,0.5974731445313068,8.60977426325448,9.758444301299335,0,0,0
2026-01-14,415.8297424316406,419.016158960048,409.2577146587487,409.2577146587487,17676239,411.9462890625,415.9293212890625,416.8752746582031,13393010.0,411.2990209026559,405.890555856672,69.04764431872906,0.009427086666998541,9.758444301299335,6.572027772891943,3.186416528407392,0.0,15220569.9,0.31981078189294276,418.02039477399614,408.8594131409158,0,0,0.0,5.408465045983917,422.7502576080101,392.9272344324536,1.9417419433593182,8.876495915790766,0.0,0,0,0
2026-01-15,415.8297424316406,415.8297424316406,415.8297424316406,415.8297424316406,0,415.8297424316406,411.9462890625,415.9293212890625,17676239.0,412.20516520845285,406.7941182725782,71.44459384976327,0.0,0.0,0.0,0.0,0.0,14612091.3,-1.0,420.55961461465586,407.6644990367261,0,0,10.853787348443973,5.411046935874651,422.7502576080101,392.9272344324536,1.9417419433593182,8.136788285330681,10.853787348443973,0,0,1
2026-01-16,408.5108947753906,415.4812208288403,404.62743348039635,414.7841760682113,18888193,415.8297424316406,415.8297424316406,411.9462890625,0.0,411.4663111218404,406.95018886374294,68.16243723965133,-0.01760058723421687,10.853787348443973,-6.273281292820684,0.6970447606290122,3.8834612949942766,15405873.8,inf,419.016158960048,409.2577146587487,0,0,7.169460107207328,4.516122258097482,422.7502576080101,397.2588016834584,-8.3643798828125,8.129675300174894,7.169460107207328,0,0,0
2026-01-19,411.0500793457031,413.1411832725509,405.9717231653436,408.26196103537984,8012134,408.5108947753906,415.8297424316406,415.8297424316406,18888193.0,411.38306476661296,407.32290618028475,69.77692569743351,0.006215708326967828,7.169460107207328,2.7881183103232843,2.0911039268477793,2.2902378700362647,13597323.7,-0.5758125724361245,415.8297424316406,415.8297424316406,0,1,9.360146039827612,4.060158586328214,422.7502576080101,401.09246779109696,-4.879241943359375,8.11189171401341,9.360146039827612,0,0,0
2026-01-20,407.6147155761719,413.6390566454295,404.2789106056019,412.1454153500886,32732305,411.0500793457031,408.5108947753906,415.8297424316406,8012134.0,410.6293949285248,407.34943430718357,60.49519074067474,-0.008357530972867289,9.360146039827612,-4.530699773916751,1.4936412953408649,3.3358049705699955,15877786.5,3.085341683002306,415.4812208288403,404.62743348039635,0,0,12.44701109251264,3.2799606213412176,422.7502576080101,404.62743348039635,-4.331573486328125,8.382170975836244,12.44701109251264,1,0,0
2026-01-21,400.943115234375,407.76408339071406,395.3170722982014,404.77680072851103,19150437,407.6147155761719,411.0500793457031,408.5108947753906,32732305.0,408.69213898969485,406.767041664201,54.82927669386773,-0.01636741777677586,12.44701109251264,-3.8336854941360343,2.987282662203029,5.626042936173576,16964908.4,-0.41493771978478144,413.1411832725509,405.9717231653436,0,0,12.24784675097095,1.92509732549388,422.7502576080101,404.2789106056019,-14.886627197265625,8.833820117998446,12.24784675097095,0,0,0
2026-01-22,415.531005859375,416.5267667460624,404.2789199950914,404.2789199950914,19763144,400.943115234375,407.6147155761719,411.0500793457031,19150437.0,410.05991236363093,407.56376568194406,61.70391183243374,0.03638394094003217,12.24784675097095,11.252085864283572,0.9957608866873784,0.0,16717352.4,0.03199441349562937,413.6390566454295,404.2789106056019,0,0,10.455488698093518,2.4961466816868665,422.7502576080101,395.3170722982014,-0.298736572265625,9.23568034674403,10.455488698093518,0,0,0
2026-01-23,408.958984375,417.2237870953523,406.7682983972588,417.2237870953523,12715222,415.531005859375,400.943115234375,407.6147155761719,19763144.0,409.83972676590474,407.69060374494916,47.25177391676693,-0.015815959318807415,10.455488698093518,-8.264802720352293,0.0,2.190685977741225,15692553.6,-0.3566194730959811,407.76408339071406,395.3170722982014,0,0,7.617564412862407,2.149123020955585,422.7502576080101,395.3170722982014,0.448089599609375,8.858712393881316,7.617564412862407,0,0,0
2026-01-27,414.1867370605469,417.4727357050885,409.8551712922261,414.6846174847629,15482165,408.958984375,415.531005859375,400.943115234375,12715222.0,410.7091288248332,408.2811613190944,52.33798669610577,0.012783073328334504,7.617564412862407,-0.49788042421602086,2.7881182203256003,4.331565768320786,15781284.9,0.21760870553420153,416.5267667460624,404.2789199950914,0,0,40.0295997758995,2.4279675057388204,420.55961461465586,395.3170722982014,3.13665771484375,9.01163237258444,40.0295997758995,0,0,0
2026-01-28,451.0796813964844,455.5606053838667,415.5310056079672,416.228050383511,71986647,414.1867370605469,408.958984375,415.531005859375,15482165.0,418.78323933916346,412.17193587158437,69.5652355395584,0.08907321513422684,40.0295997758995,34.85163101297337,4.480923987382312,0.6970447755438158,21640648.6,3.6496499036149013,417.2237870953523,406.7682983972588,0,0,17.624978973853956,6.611303467579091,420.55961461465586,395.3170722982014,43.4649658203125,11.394345928034094,17.624978973853956,1,0,0
2026-01-29,442.6156921386719,454.0171658799798,436.39218690612586,452.3243603014436,42412510,451.0796813964844,414.1867370605469,408.958984375,71986647.0,423.54972989906514,414.93955007768324,63.876863947770374,-0.01876384507413209,17.624978973853956,-9.708668162771744,1.6928055785361948,6.223505232546017,24114275.7,-0.41082809427142786,417.4727357050885,409.8551712922261,1,0,12.596398978612399,8.610179821381905,455.5606053838667,395.3170722982014,41.672576904296875,12.02025184945803,12.596398978612399,1,0,0
2026-01-30,447.09661865234375,450.0341252954324,437.43772631682,444.9557389168396,36684903,442.6156921386719,451.0796813964844,414.1867370605469,42412510.0,428.2591076497209,417.86291994810693,64.39071047859804,0.010123740737750353,12.596398978612399,2.140879735504143,2.937506643088625,7.518012600019631,27782766.0,-0.13504522604297642,455.5606053838667,415.5310056079672,0,0,21.01055958560289,10.39618770161394,455.5606053838667,395.3170722982014,31.56561279296875,12.301201692185263,21.01055958560289,0,0,0
2026-02-02,437.2385864257813,439.4790482927439,418.46848870714103,430.16867845683504,43652893,447.09661865234375,442.6156921386719,451.0796813964844,36684903.0,430.055003404933,419.62434417335004,59.35313954684569,-0.022048997499191314,21.01055958560289,7.069907968946268,2.240461866962619,11.700189749694005,30259236.0,0.1899416225797299,454.0171658799798,436.39218690612586,0,0,24.64508081961054,10.430659231582979,455.5606053838667,395.3170722982014,28.279602050781307,13.147600117365446,24.64508081961054,0,0,0
2026-02-03,437.0892333984375,458.04998695033777,433.4049061307272,458.04998695033777,26696516,437.2385864257813,447.09661865234375,442.6156921386719,43652893.0,431.46184940363395,421.2120613756307,61.42016430718357,-0.00034158244944637595,24.64508081961054,-20.960753551900268,0.0,3.684327267710273,32127674.2,-0.38843650064613133,450.0341252954324,437.43772631682,0,0,9.55931063819952,10.249788028003252,455.5606053838667,395.3170722982014,22.902496337890625,13.986883348914075,9.55931063819952,0,0,0
2026-02-04,437.3381958007813,441.5203733130986,431.9610626748991,434.9483453500733,12400181,437.0892333984375,437.2385864257813,447.09661865234375,26696516.0,432.6371186830634,422.6780735960989,60.10290560545132,0.0005695917064991729,9.55931063819952,2.3898504507080247,4.18217751231731,2.9872826751741854,30094461.8,-0.5355131358713624,439.4790482927439,418.46848870714103,0,0,10.80401166315562,9.959045086964522,458.04998695033777,395.3170722982014,-13.741485595703068,13.972659515835517,10.80401166315562,0,0,0
2026-02-05,431.06488037109375,437.1390278378264,426.3350161746708,437.1390278378264,14345511,437.3381958007813,437.0892333984375,437.2385864257813,12400181.0,432.32267102066953,423.4405105756439,56.75794580647956,-0.014344311770438711,10.80401166315562,-6.074147466732654,0.0,4.729864196422966,29613969.2,0.15687916168320437,458.04998695033777,433.4049061307272,0,0,7.816728762455796,8.882160445025647,458.04998695033777,395.3170722982014,-11.550811767578125,14.744374634632347,7.816728762455796,0,0,0
2026-02-06,427.8286437988281,431.5627469922106,423.7460182297548,431.164448729225,11078888,431.06488037109375,437.3381958007813,437.0892333984375,14345511.0,431.4238655763013,423.83943177775154,58.89091519946423,-0.007507539397502372,7.816728762455796,-3.3358049303968755,0.3982982629855769,4.082625569073343,28745543.6,-0.22771046636121917,441.5203733130986,431.9610626748991,0,1,10.057190430756293,7.584433798549753,458.04998695033777,404.2789199950914,-19.267974853515625,14.527441878490334,10.057190430756293,0,0,0
2026-02-09,435.4461975097656,437.7364656448853,427.679275214129,430.1686772817316,12162696,427.8286437988281,431.06488037109375,437.3381958007813,11078888.0,432.22833196299416,424.89459229884375,60.72678010350368,0.017805151247702433,10.057190430756293,5.277520228034007,2.2902681351196748,2.4894020676026116,28690291.0,0.09782642445703926,437.1390278378264,426.3350161746708,0,0,7.717146409568102,7.333739664150414,458.04998695033777,406.7682983972588,-1.7923889160156818,14.733708330172403,7.717146409568102,0,0,0
2026-02-10,435.4461975097656,439.4292408179298,431.7120944083617,436.1432422439779,10878065,435.4461975097656,427.8286437988281,431.06488037109375,12162696.0,432.87190507234845,425.85382913620026,62.61848744518735,0.0,7.717146409568102,-0.6970447342122839,3.285998573951872,3.734103101403946,28229881.0,-0.10562057951625203,431.5627469922106,423.7460182297548,1,0,4.331565895932897,7.018075936148193,458.04998695033777,409.8551712922261,-1.643035888671875,14.616351213725295,4.331565895932897,0,0,0
2026-02-11,435.6951599121094,436.8403092321109,432.508743336178,436.8403092321109,8274702,435.4461975097656,435.4461975097656,427.8286437988281,10878065.0,433.4365560403007,426.7484955703738,66.73056698999798,0.000571740903394069,4.331565895932897,-1.145149320001508,0.0,3.186416575931389,21858686.5,-0.23932225078633007,437.7364656448853,427.679275214129,0,0,10.306131207964029,6.6880604699268815,458.04998695033777,415.5310056079672,-1.6430358886719318,14.036676556826743,10.306131207964029,0,0,0
2026-02-12,442.0182495117187,443.0638166709096,432.7576854629456,435.1475055024796,16140306,435.6951599121094,435.4461975097656,435.4461975097656,8274702.0,435.1528947345843,428.13665501958695,63.85415509405576,0.01451264595384738,10.306131207964029,6.870744009239104,1.0455671591909095,2.3898200395340155,19231466.1,0.9505603948033416,439.4292408179298,431.7120944083617,0,0,13.343220246247881,7.0162397149973685,458.04998695033777,418.46848870714103,10.953369140624943,13.897982589469105,13.343220246247881,0,0,0
2026-02-13,433.7036437988281,444.3085215955896,430.9653013493417,442.01825331400175,14086068,442.0182495117187,435.6951599121094,435.4461975097656,16140306.0,434.8630445474331,428.64274490860885,62.710985462598025,-0.01881054848318009,13.343220246247881,-8.314609515173629,2.290268281587828,2.7383424494864244,16971582.6,-0.12727379518083481,436.8403092321109,432.508743336178,0,0,9.459728014523591,6.220299638824258,458.04998695033777,418.46848870714103,5.875,14.104249128622987,9.459728014523591,0,0,0
2026-02-16,436.1432495117187,436.740712095541,427.28098408101744,431.2142211804464,8156650,433.7036437988281,442.0182495117187,435.6951599121094,14086068.0,435.11908554029026,429.324608963437,61.61135650964207,0.005625052377983275,9.459728014523591,4.92902833127232,0.5974625838223346,3.9332370994289363,13421958.3,-0.42094202583716056,443.0638166709096,432.7576854629456,0,0,9.0116540795824,5.794476576853242,458.04998695033777,418.46848870714103,0.6970520019530682,14.235832243027359,9.0116540795824,0,0,0
2026-02-17,444.9557495117187,447.44515167930336,438.43349759972097,440.12630322896257,17963084,436.1432495117187,433.7036437988281,442.0182495117187,8156650.0,437.08641833457597,430.74562174055353,45.39326306993354,0.02020551736124765,9.0116540795824,4.829446282756123,2.4894021675846716,1.6928056292416045,12548615.1,1.202262448431648,444.3085215955896,430.9653013493417,0,0,7.318848486699665,6.340796594022436,458.04998695033777,423.7460182297548,9.509552001953068,12.020264693290423,7.318848486699665,0,0,0
2026-02-18,445.8021545410156,451.5775554432192,444.2587069565195,448.092392391287,14341134,444.9557495117187,436.1432495117187,433.7036437988281,17963084.0,438.8295655758639,432.11439744968646,52.7072955462144,0.0019022229294165527,7.318848486699665,-2.290237850271353,3.4851630519322043,1.543447584496107,12742710.4,-0.20163297126484514,436.740712095541,427.28098408101744,1,0,16.230889473528578,6.715168126177446,447.44515167930336,423.7460182297548,10.10699462890625,11.284112515636545,16.230889473528578,0,0,0
2026-02-19,433.5044860839844,447.3455556284585,431.1146661549299,445.8021384877508,9791516,445.8021545410156,444.9557495117187,436.1432495117187,14341134.0,437.76454967748805,432.2407691437135,39.80584302004879,-0.027585484573739993,16.230889473528578,-12.297652403766449,1.5434171407076747,2.389819929054454,12287310.9,-0.31724255557475445,447.44515167930336,438.43349759972097,0,0,11.650384092040724,5.523780533774527,451.5775554432192,423.7460182297548,-8.513763427734318,11.543718979559129,11.650384092040724,0,0,0
2026-02-20,439.2799072265625,443.5118909770847,431.861506885044,433.1559838769783,9533724,433.5044860839844,445.8021545410156,444.9557495117187,9791516.0,438.06762118730296,432.8806907876089,51.63087311812013,0.013322632932244227,11.650384092040724,6.1239233495841745,4.231983750522204,1.2944769919343457,12132794.5,-0.026328098733638394,451.5775554432192,444.2587069565195,0,1,9.559279848400536,5.186930399694063,451.5775554432192,423.7460182297548,5.576263427734375,10.87513501573326,9.559279848400536,0,0,0
2026-02-23,437.8858337402344,443.412294301854,433.85301445345345,440.9228921771227,12915631,439.2799072265625,433.5044860839844,445.8021545410156,9533724.0,438.03126369788924,433.3357037833021,50.6240171663888,-0.0031735425713635967,9.559279848400536,-3.037058436888344,2.4894021247312708,4.032819286780921,12208088.0,0.35473095298332535,447.3455556284585,431.1146661549299,0,0,7.1196840635350895,4.695559914587136,451.5775554432192,427.28098408101744,1.7425842285156818,9.797577803503973,7.1196840635350895,0,0,0
2026-02-24,433.2057495117187,435.6453757713221,428.525691707787,435.1474953418691,12223376,437.8858337402344,439.2799072265625,433.5044860839844,12915631.0,437.06616086065515,433.3238897586127,46.97298911624472,-0.010687909651107885,7.1196840635350895,-1.9417458301504098,0.49788042945300504,4.680057803931675,12342619.1,-0.0535982330247744,443.5118909770847,431.861506885044,0,0,7.418430740316182,3.742271102042423,451.5775554432192,427.28098408101744,-11.75,9.623318762456515,7.418430740316182,0,0,0
2026-02-25,437.437744140625,439.130549798534,431.7121190582178,433.15598449515255,9469190,433.2057495117187,437.8858337402344,439.2799072265625,12223376.0,437.1404775166491,433.6978765206138,54.81201822440201,0.009769017686575898,7.418430740316182,4.281759645472448,1.6928056579089912,1.4438654369347432,12462067.9,-0.22532122058586757,443.412294301854,433.85301445345345,0,0,9.858026233409817,3.44260099603531,451.5775554432192,427.28098408101744,-8.364410400390625,9.381491553682269,9.858026233409817,0,0,0
2026-02-26,447.1463928222656,447.9927956134826,438.1347693800728,438.7322319614147,13738213,437.437744140625,433.2057495117187,437.8858337402344,9469190.0,439.1416605777724,434.9204689116731,63.287650413992715,0.022194355223539075,9.858026233409817,8.414160860850927,0.846402791216974,0.5974625813419152,12221858.6,0.45083296459359246,435.6453757713221,428.525691707787,1,0,7.269042348820506,4.221191666099344,451.5775554432192,427.28098408101744,13.64190673828125,9.52729851589327,7.269042348820506,0,0,0
2026-02-27,442.81488037109375,447.0966400469945,439.827597698174,446.6983417682473,22732811,447.1463928222656,437.437744140625,433.2057495117187,13738213.0,439.8763045364367,435.6381426807113,55.308499640980386,-0.009687011951125313,7.269042348820506,-3.883461397153553,0.39829827874717694,2.9872826729197755,13086532.9,0.6547138263178771,439.130549798534,431.7121190582178,1,0,14.936413254584807,4.238161855725366,451.5775554432192,427.28098408101744,3.53497314453125,9.328145081469286,14.936413254584807,1,0,0
2026-03-02,452.0256652832031,454.76400771321033,439.8275944586255,440.22589273443896,35034174,442.81488037109375,447.1463928222656,437.437744140625,22732811.0,442.30617668579004,437.12791746275605,60.54467506292536,0.020800531600000394,14.936413254584807,11.799772548764167,2.738342430007208,0.39829827581343125,15774285.3,0.541128107738194,447.9927956134826,438.1347693800728,0,0,16.280696253645488,5.17825922303399,451.5775554432192,427.28098408101744,14.13983154296875,9.843806998970479,16.280696253645488,1,0,0
2026-03-04,444.9557495117187,458.8964016501927,442.6157053965472,458.0499988355719,35193505,452.0256652832031,442.81488037109375,447.1463928222656,35034174.0,442.8360912509758,437.83953855811626,55.419586601833025,-0.015640518480416365,16.280696253645488,-13.094249323853205,0.8464028146207738,2.3400441151715086,17497327.4,0.004547873741792774,447.0966400469945,439.827597698174,0,0,21.95651443348794,4.996552692859552,454.76400771321033,428.525691707787,11.75,10.697316310235664,21.95651443348794,1,0,0
2026-03-05,458.0499877929687,465.9164923752496,443.9599779417617,446.8974541957692,38023711,444.9557495117187,452.0256652832031,442.81488037109375,35193505.0,445.87887055937443,439.676852124921,58.693297994938845,0.029428180882299593,21.95651443348794,11.152533597199465,7.866504582280925,2.9374762540075494,19865585.1,0.08041841811436523,454.76400771321033,439.8275944586255,0,0,13.100006103515682,6.202018434453407,458.8964016501927,428.525691707787,20.612243652343693,11.529486540630229,13.100006103515682,1,0,0
2026-03-06,468.4500122070313,473.4500122070313,460.3500061035156,462.0,28154230,458.0499877929687,444.9557495117187,452.0256652832031,38023711.0,450.39309888890585,442.2925939505674,68.4247047290284,0.022704998780096686,13.100006103515682,6.450012207031307,5.0,1.649993896484375,21701856.5,-0.2595612248367867,458.8964016501927,442.6157053965472,1,0,20.0,8.100504938338474,465.9164923752496,428.525691707787,21.303619384765682,11.512114101863643,20.0,0,0,0
2026-03-09,457.3500061035156,470.0,450.0,470.0,21898419,468.4500122070313,458.0499877929687,444.9557495117187,28154230.0,451.7844803318278,443.6614496008354,60.29921391948535,-0.023695177317254568,20.0,-12.649993896484375,0.0,7.350006103515625,22938326.0,-0.22219790773890813,465.9164923752496,443.9599779417617,0,0,12.25,8.123030730992411,473.4500122070313,428.525691707787,14.535125732421875,12.264990672254815,12.25,0,0,0
2026-03-10,463.3500061035156,465.7999877929687,453.5499877929687,465.0,19398151,457.3500061035156,468.4500122070313,458.0499877929687,21898419.0,454.09758548616537,445.4513183738063,59.184199002076234,0.013119055252930334,12.25,-1.649993896484375,0.7999877929686932,9.800018310546932,23586578.0,-0.11417573113383206,473.4500122070313,460.3500061035156,0,0,16.549987792968693,8.646267112359055,473.4500122070313,428.525691707787,11.3243408203125,12.496301095141787,16.549987792968693,0,0,0
2026-03-11,454.1000061035156,469.7999877929687,453.25,463.5,16015126,463.3500061035156,457.3500061035156,468.4500122070313,19398151.0,454.09806960963544,446.2375627128708,53.8223315345163,-0.019963310409309654,16.549987792968693,-9.399993896484375,6.299987792968693,0.850006103515625,23965753.0,-0.17439935383532168,470.0,450.0,0,0,6.5,7.860506896764662,473.4500122070313,428.525691707787,9.144256591796932,13.155668188446716,6.5,0,0,0
2026-03-12,453.5499877929687,455.0,448.5,452.0,14089623,454.1000061035156,463.3500061035156,457.3500061035156,16015126.0,453.98845324630213,446.9023286292433,60.35443205589187,-0.0012112272696634951,6.5,1.5499877929686932,1.4500122070313068,3.5,24427796.3,-0.1202302748039572,465.7999877929687,453.5499877929687,0,0,18.75,7.086124617058829,473.4500122070313,431.7121190582178,-4.5,12.460604654623248,18.75,0,0,0
2026-03-13,439.3999938964844,452.3999938964844,433.6499938964844,451.8999938964844,19502809,453.5499877929687,454.1000061035156,463.3500061035156,14089623.0,451.0707613763386,446.22029819899245,50.05709099128821,-0.031198311712761773,18.75,-12.5,0.5,5.75,25004255.9,0.3841966530971055,469.7999877929687,453.25,0,1,15.549987792968693,4.850463177346171,473.4500122070313,438.1347693800728,-29.050018310546932,12.967720076620338,15.549987792968693,0,0,0
2026-03-16,429.5,437.7999877929687,422.25,431.8999938964844,22324389,439.3999938964844,453.5499877929687,454.1000061035156,19502809.0,446.7566091010709,444.7002710899931,46.31155913798081,-0.022530710136551946,15.549987792968693,-2.399993896484375,5.899993896484318,7.25,24963413.7,0.14467556955513428,455.0,448.5,0,1,10.75,2.0563380110777985,473.4500122070313,433.6499938964844,-27.850006103515625,13.395627786946635,10.75,0,0,0
2026-03-17,439.3500061035156,441.0499877929687,430.2999877929687,432.4500122070313,14421128,429.5,439.3999938964844,453.5499877929687,22324389.0,445.2752885015599,444.2138833639497,52.584940926457435,0.022933657982574296,10.75,6.899993896484318,1.6999816894530682,2.1500244140626137,22902109.1,-0.35401914023268455,452.3999938964844,433.6499938964844,0,0,7.25,1.0614051376101656,473.4500122070313,422.25,-24.0,13.6549360681227,7.25,0,0,0
2026-03-18,442.6000061035156,447.75,440.5,445.4500122070313,13700203,439.3500061035156,429.5,439.3999938964844,14421128.0,444.74023202195104,444.0671672493648,52.189901882473876,0.00739729135051892,7.25,-2.850006103515682,2.299987792968693,2.100006103515625,20752778.9,-0.049990888368787845,437.7999877929687,422.25,1,0,10.600006103515625,0.6730647725862582,473.4500122070313,422.25,-11.5,13.642905300957258,10.600006103515625,0,0,0
2026-03-19,430.7999877929687,439.0,428.3999938964844,436.1000061035156,12237975,442.6000061035156,439.3500061035156,429.5,13700203.0,441.9521831761546,442.861060026056,43.186528728087744,-0.026660682665664348,10.600006103515625,-5.300018310546932,2.899993896484375,2.399993896484318,18174205.3,-0.10673038932342827,441.0499877929687,430.2999877929687,0,0,14.25,-0.9088768499013895,473.4500122070313,422.25,-22.75,13.695903863107674,14.25,0,0,0
2026-03-20,426.1000061035156,438.9500122070313,424.7000122070313,432.2000122070313,17599734,430.7999877929687,442.6000061035156,439.3500061035156,12237975.0,438.78174776162683,441.3373278512796,43.0542793221787,-0.01090989281019139,14.25,-6.100006103515682,6.75,1.3999938964843182,17118755.7,0.43812468974646546,447.75,440.5,0,1,17.75,-2.5555800896527785,473.4500122070313,422.25,-13.29998779296875,14.194543695334781,17.75,0,0,0
2026-03-23,405.5,421.75,404.0,420.6000061035156,18894757,426.1000061035156,430.7999877929687,442.6000061035156,17599734.0,432.12539820930147,438.07938895570874,32.338402288594764,-0.04834547244411702,17.75,-15.100006103515625,1.149993896484375,1.5,16818389.5,0.07358196436377962,439.0,428.3999938964844,0,1,8.700012207031307,-5.953990746407271,470.0,422.25,-24.0,14.395514177150151,8.700012207031307,0,0,0
2026-03-24,414.4500122070313,417.4500122070313,408.75,412.5,14642804,405.5,426.1000061035156,430.7999877929687,18894757.0,428.59032100884747,435.93126379673805,38.582694972471394,0.022071546749768967,8.700012207031307,1.9500122070313068,3.0,3.75,16342854.8,-0.22503348415647795,438.9500122070313,424.7000122070313,0,1,9.450012207031307,-7.340942787890583,469.7999877929687,404.0,-24.899993896484318,13.854036745249138,9.450012207031307,0,0,0
2026-03-25,413.4500122070313,422.0,412.5499877929687,416.2999877929687,15134997,414.4500122070313,405.5,426.1000061035156,14642804.0,425.5622592484843,433.88751365221924,31.646109801939843,-0.0024128362179911544,9.450012207031307,-2.8499755859373863,5.700012207031307,0.9000244140626137,16254841.9,0.033613302479497786,421.75,404.0,0,0,10.200012207031307,-8.32525440373496,469.7999877929687,404.0,-29.149993896484318,12.960715157645094,10.200012207031307,0,0,0
2026-03-27,404.75,413.4500122070313,403.25,411.8999938964844,21818224,413.4500122070313,414.4500122070313,405.5,15134997.0,421.39980739878746,431.2386487747448,23.414029113452003,-0.02104247659974634,10.200012207031307,-7.149993896484375,1.5500183105469318,1.5,17027702.0,0.4415743855119363,417.4500122070313,408.75,0,0,13.899993896484375,-9.838841375957315,455.0,404.0,-26.049987792968693,12.753572736467637,13.899993896484375,0,1,0
2026-03-30,400.6499938964844,413.25,399.3500061035156,400.0,22694742,404.75,413.4500122070313,414.4500122070313,21818224.0,417.24984469832685,428.4578619676302,24.86702674507447,-0.010129724777061422,13.899993896484375,0.649993896484375,12.600006103515625,0.649993896484375,17346895.3,0.04017366399758293,422.0,412.5499877929687,0,0,17.550018310546932,-11.208017269303355,452.3999938964844,403.25,-25.45001220703125,12.31785801478795,17.550018310546932,0,1,0
2026-04-01,418.7000122070313,430.2000122070313,412.6499938964844,415.0,25301241,400.6499938964844,404.75,413.4500122070313,22694742.0,417.5398782000678,427.57078471666665,32.11855431087146,0.045051837228307745,17.550018310546932,3.700012207031307,11.5,2.350006103515625,17644580.5,0.11485034727427168,413.4500122070313,403.25,0,0,16.100006103515625,-10.030906516598861,447.75,399.3500061035156,13.200012207031307,12.696430751255589,16.100006103515625,0,0,0
2026-04-02,421.6000061035156,423.6000061035156,407.5,417.0,19686517,418.7000122070313,400.6499938964844,404.75,25301241.0,418.35190378075737,427.02798666092565,36.28692689434229,0.006926185364070081,16.100006103515625,4.600006103515625,2.0,9.5,18171119.4,-0.22191496456636262,413.25,399.3500061035156,0,0,8.049987792968693,-8.67608288016828,447.75,399.3500061035156,7.149993896484318,12.664289202008941,8.049987792968693,0,0,0
2026-04-06,427.1499938964844,428.0499877929687,420.0,422.0,12327836,421.6000061035156,418.7000122070313,400.6499938964844,19686517.0,420.1115218039028,427.0390782277946,39.311746002877825,0.013164107477754872,8.049987792968693,5.149993896484375,0.8999938964843182,2.0,18033882.7,-0.37379293655652746,430.2000122070313,412.6499938964844,0,0,8.350006103515625,-6.927556423891815,447.75,399.3500061035156,13.699981689453068,12.775002615792419,8.350006103515625,0,0,0
2026-04-07,427.7999877929687,429.0,420.6499938964844,424.0,11417162,427.1499938964844,421.6000061035156,418.7000122070313,12327836.0,421.649215001716,427.1082518246286,44.72727141577384,0.0015216994165330178,8.350006103515625,3.799987792968693,1.2000122070313068,3.350006103515625,17951801.4,-0.07387135909335585,423.6000061035156,407.5,0,0,11.200012207031307,-5.459036822912594,439.0,399.3500061035156,23.049987792968693,12.032145908900677,11.200012207031307,0,0,0
2026-04-08,433.1000061035156,440.0,428.7999877929687,440.0,20054221,427.7999877929687,427.1499938964844,421.6000061035156,11417162.0,423.939373222076,427.6529567590729,51.707781891503984,0.012389009962084918,11.200012207031307,-6.899993896484375,0.0,4.300018310546932,18197250.1,0.7564978932592881,428.0499877929687,420.0,1,0,18.799987792968693,-3.7135835369969072,438.9500122070313,399.3500061035156,32.45001220703125,11.721433367048007,18.799987792968693,0,0,0
2026-04-09,439.75,443.2999877929687,424.5,425.0,19917307,433.1000061035156,427.7999877929687,427.1499938964844,20054221.0,427.1014985776608,428.7526879627935,50.195691648369554,0.015354407302628825,18.799987792968693,14.75,3.549987792968693,0.5,18299505.1,-0.0068271911434505395,429.0,420.6499938964844,0,0,7.0,-1.6511893851327386,440.0,399.3500061035156,21.049987792968693,12.2964324951172,7.0,0,0,0
2026-04-10,442.4500122070313,447.4500122070313,440.4500122070313,444.1000061035156,10833065,439.75,433.1000061035156,427.7999877929687,19917307.0,430.17120130353493,429.9978992577242,49.92622045478225,0.006139879947768767,7.0,-1.6499938964843182,3.350006103515682,2.0,17918531.2,-0.4560979052037507,440.0,428.7999877929687,1,0,11.5,0.17330204581071484,443.2999877929687,399.3500061035156,20.850006103515682,12.278575352260058,11.5,0,0,0
2026-04-13,441.5499877929687,445.5,434.0,435.0,15149734,442.4500122070313,439.75,433.1000061035156,10833065.0,432.4469586014217,431.0480891245646,55.92286103027273,-0.0020341832732089227,11.5,6.549987792968693,3.950012207031307,1.0,17920004.9,0.3984716236817558,443.2999877929687,424.5,0,0,4.400024414062614,1.3988694768571008,447.4500122070313,399.3500061035156,14.399993896484318,12.34286063058037,4.400024414062614,0,0,0
2026-04-15,447.6499938964844,449.2000122070313,444.7999877929687,447.5,9915383,441.5499877929687,442.4500122070313,439.75,15149734.0,435.48756566043426,432.55735319473916,61.692874557801815,0.013814984196932611,4.400024414062614,0.149993896484375,1.5500183105469318,2.700012207031307,16729720.8,-0.34550778251288106,447.4500122070313,440.4500122070313,0,0,8.100006103515625,2.9302124656950923,447.4500122070313,399.3500061035156,19.850006103515682,11.639290945870556,8.100006103515625,0,0,0
2026-04-16,455.6499938964844,457.0,448.8999938964844,449.8500061035156,12197884,447.6499938964844,441.5499877929687,442.4500122070313,9915383.0,439.5200513076443,434.6566841676251,81.5210206633144,0.0178711049013216,8.100006103515625,5.79998779296875,1.350006103515625,0.95001220703125,15680035.0,0.2301979661300022,445.5,434.0,1,0,9.299987792968693,4.863367140019193,449.2000122070313,399.3500061035156,22.54998779296875,10.950005667550244,9.299987792968693,0,0,1
2026-04-17,462.75,463.75,454.4500122070313,458.0,14128030,455.6499938964844,447.6499938964844,441.5499877929687,12197884.0,444.1660410461155,437.21062197056824,81.08104392798943,0.015582149014861324,9.299987792968693,4.75,1.0,3.549987792968693,14562713.9,0.15823613341461518,449.2000122070313,444.7999877929687,1,0,8.399993896484375,6.9554190755472405,457.0,407.5,23.0,10.992861066545771,8.399993896484375,0,0,1
2026-04-20,457.5499877929687,464.3999938964844,456.0,462.0,9914017,462.75,455.6499938964844,447.6499938964844,14128030.0,446.84283039548615,439.0596552271501,76.92303392850603,-0.01123719547710711,8.399993896484375,-4.450012207031307,2.399993896484375,1.5499877929686932,13585463.9,-0.2982732199747594,457.0,448.8999938964844,0,0,12.349975585937386,7.783175168336072,463.75,407.5,15.099975585937386,10.917859758649561,12.349975585937386,0,0,1
2026-04-21,451.5,461.7999877929687,449.4500122070313,457.5,13492130,457.5499877929687,462.75,455.6499938964844,9914017.0,447.77426431638895,440.1905956610455,79.4952454227518,-0.013222572296747948,12.349975585937386,-6.0,4.299987792968693,2.049987792968693,13701893.3,0.36091455158892716,463.75,454.4500122070313,0,0,7.149993896484318,7.583668655343445,464.3999938964844,420.0,9.950012207031307,11.071428571428568,7.149993896484318,0,0,1
2026-04-22,448.7000122070313,451.8500061035156,444.7000122070313,450.7999877929687,11538028,451.5,457.5499877929687,462.75,13492130.0,447.95941389451747,440.96417898340786,80.82103397961134,-0.006201523350982674,7.149993896484318,-2.0999755859373863,1.0500183105469318,4.0,13713979.9,-0.14483272841278583,464.3999938964844,456.0,0,1,11.200012207031307,6.9952349111096055,464.3999938964844,420.6499938964844,1.0500183105469318,10.589285714285706,11.200012207031307,0,0,1
2026-04-23,449.9500122070313,455.7000122070313,444.5,451.7000122070313,15021500,448.7000122070313,451.5,457.5499877929687,11538028.0,448.35753355702025,441.78107291282817,75.55191130292785,0.002785825642953821,11.200012207031307,-1.75,4.0,5.450012207031307,13210707.8,0.3019122505162928,461.7999877929687,449.4500122070313,0,0,12.450012207031307,6.576460644192082,464.3999938964844,424.5,-5.699981689453068,10.135713849748877,12.450012207031307,0,0,1
2026-04-24,444.4500122070313,451.2000122070313,438.75,450.0,11651499,449.9500122070313,448.7000122070313,451.5,15021500.0,447.5760292870225,442.0237037577557,67.92156483534158,-0.01222358006619928,12.450012207031307,-5.549987792968693,1.2000122070313068,5.700012207031307,12384127.0,-0.2243451719202476,451.8500061035156,444.7000122070313,0,0,15.349975585937386,5.5523255292667955,464.3999938964844,424.5,-18.299987792968693,9.874999999999996,15.349975585937386,0,0,0
2026-04-27,435.6000061035156,448.2999877929687,432.9500122070313,445.0,18502535,444.4500122070313,449.9500122070313,448.7000122070313,11651499.0,445.18082465032114,441.43973124373383,56.30127222479124,-0.0199122642827001,15.349975585937386,-9.399993896484375,3.299987792968693,2.649993896484318,13151074.0,0.5879961024757416,455.7000122070313,444.5,0,0,7.450012207031307,3.7410934065873107,464.3999938964844,434.0,-21.949981689453068,10.39642769949776,7.450012207031307,0,0,0
2026-04-28,435.75,441.0,433.5499877929687,435.6000061035156,10883746,435.6000061035156,444.4500122070313,449.9500122070313,18502535.0,443.29465972025696,440.92248294884894,55.97295745609692,0.00034433860051130694,7.450012207031307,0.149993896484375,5.25,2.050018310546932,12724475.2,-0.41177000881230597,451.2000122070313,438.75,0,0,7.549987792968693,2.3721767714080215,464.3999938964844,432.9500122070313,-15.75,10.332142421177451,7.549987792968693,0,0,0
2026-04-29,437.5499877929687,442.7999877929687,435.25,437.0499877929687,9507163,435.75,435.6000061035156,444.4500122070313,10883746.0,442.14572533479935,440.6158924801325,53.528929736019336,0.004130780936244749,7.549987792968693,0.5,5.25,1.7999877929686932,12683653.2,-0.126480625328816,448.2999877929687,432.9500122070313,0,0,11.950012207031307,1.5298328546668358,464.3999938964844,432.9500122070313,-11.150024414062614,10.07142639160155,11.950012207031307,0,0,0
2026-04-30,431.2999877929687,436.4500122070313,424.5,436.4500122070313,15795581,437.5499877929687,435.75,435.6000061035156,9507163.0,439.97657782643324,439.7689920540267,43.25617804138111,-0.01428408221772648,11.950012207031307,-5.150024414062614,0.0,6.799987792968693,13043422.9,0.6614400110737557,441.0,433.5499877929687,0,0,0.0,0.20758577240655995,464.3999938964844,432.9500122070313,-18.650024414062614,9.582142421177451,0.0,0,0,0
2026-05-01,431.2999877929687,431.2999877929687,431.2999877929687,431.2999877929687,0,431.2999877929687,437.5499877929687,435.75,15795581.0,438.2412598197404,438.9990825757487,40.70056535138215,0.0,0.0,0.0,0.0,0.0,11630619.9,-1.0,442.7999877929687,435.25,0,1,10.0,-0.7578227560082951,464.3999938964844,424.5,-13.150024414062614,9.082142421177451,10.0,0,0,0
2026-05-04,433.5499877929687,438.6000061035156,428.6000061035156,433.0,10764998,431.2999877929687,431.2999877929687,437.5499877929687,0.0,437.30300541438606,438.50371032276865,43.474713219341275,0.0052167866071910485,10.0,0.5499877929686932,5.050018310546932,4.399993896484375,11715718.0,inf,436.4500122070313,424.5,0,0,7.200012207031307,-1.2007049083825905,464.3999938964844,424.5,-2.050018310546932,8.974999564034594,7.200012207031307,0,0,0
2026-05-05,433.3500061035156,436.5,429.2999877929687,433.5,11671943,433.5499877929687,431.2999877929687,431.2999877929687,10764998.0,436.512405552212,438.035191757382,37.09386530171105,-0.00046126558663073247,7.200012207031307,-0.149993896484375,3.0,4.050018310546932,11533699.3,0.08424943506724292,431.2999877929687,431.2999877929687,0,0,4.5,-1.5227862051700072,461.7999877929687,424.5,-2.399993896484375,9.174998692103786,4.5,0,0,0
2026-05-06,438.2000122070313,439.6499938964844,435.1499938964844,437.0,9748728,433.3500061035156,433.5499877929687,431.2999877929687,11671943.0,436.8499268831759,438.0501754346228,33.30144317565231,0.011191891162353196,4.5,1.2000122070313068,1.4499816894530682,1.850006103515625,11354769.3,-0.1647724804687617,438.6000061035156,428.6000061035156,0,0,7.5,-1.2002485514469186,455.7000122070313,424.5,0.6500244140626137,8.917855398995528,7.5,0,0,0
2026-05-07,439.4500122070313,441.0,433.5,439.8999938964844,15696400,438.2000122070313,433.3500061035156,433.5499877929687,9748728.0,437.369943947947,438.1774333230236,24.892234717192622,0.002852578651708182,7.5,-0.44998168945306816,1.100006103515625,5.950012207031307,11422259.3,0.6100972352495628,436.5,429.2999877929687,0,0,6.0,-0.8074893750766137,455.7000122070313,424.5,8.150024414062614,8.789284842354906,6.0,0,1,0
2026-05-08,439.7000122070313,443.7999877929687,437.7999877929687,439.0,11164661,439.4500122070313,438.2000122070313,433.3500061035156,15696400.0,437.83595759976384,438.3158495852061,28.468037860984055,0.0005688929185470037,6.0,0.7000122070313068,4.099975585937386,1.2000122070313068,11373575.5,-0.28871199765551336,439.6499938964844,435.1499938964844,0,0,8.149993896484375,-0.47989198544223655,451.2000122070313,424.5,8.400024414062614,8.617856706891738,8.149993896484375,0,1,0
2026-05-11,431.9500122070313,439.1499938964844,431.0,438.0,7631226,439.7000122070313,439.4500122070313,438.2000122070313,11164661.0,436.6587685212174,437.73713709628106,27.34646073590217,-0.017625653365574423,8.149993896484375,-6.049987792968693,1.149993896484375,0.9500122070313068,10286444.6,-0.3164838592053981,441.0,433.5,0,0,17.0,-1.0783685750636778,448.2999877929687,424.5,-1.5999755859373863,8.31785801478795,17.0,0,1,0
2026-05-12,416.5,432.5,415.5,430.2000122070313,15199825,431.9500122070313,439.7000122070313,439.4500122070313,7631226.0,432.62701481697394,435.8064882693464,21.146936154806184,-0.03576805595649846,17.0,-13.700012207031307,2.299987792968693,1.0,10718052.5,0.9917933239036558,443.7999877929687,437.7999877929687,0,1,16.25,-3.179473452372463,443.7999877929687,424.5,-16.850006103515625,9.021429879324785,16.25,0,1,0
2026-05-13,428.25,432.0,415.75,416.6000061035156,13230827,416.5,431.9500122070313,439.7000122070313,15199825.0,431.75161185357916,435.1195347903149,33.63498023951928,0.028211284513805612,16.25,11.649993896484375,3.75,0.850006103515625,11090418.9,-0.12954083352933343,439.1499938964844,431.0,0,0,10.699981689453068,-3.367922936735738,443.7999877929687,415.5,-9.950012207031307,9.382143293108262,10.699981689453068,0,0,0
2026-05-14,428.8500061035156,435.1499938964844,424.4500122070313,431.0,9807792,428.25,416.5,431.9500122070313,13230827.0,431.1712907035665,434.5495776369695,37.296410705010764,0.0014010650403166736,10.699981689453068,-2.149993896484375,4.149993896484375,4.399993896484318,10491640.0,-0.2587166319988917,432.5,415.5,0,0,7.299987792968693,-3.3782869334029897,443.7999877929687,415.5,-10.600006103515682,9.257141113281246,7.299987792968693,0,0,0
2026-05-15,423.6499938964844,429.5,422.2000122070313,428.8500061035156,7593616,428.8500061035156,428.25,416.5,9807792.0,429.6670313421501,433.5587063878345,39.65366908482143,-0.012125480081667694,7.299987792968693,-5.20001220703125,0.649993896484375,1.4499816894530682,11251001.6,-0.22575682681688192,432.0,415.75,0,0,13.199981689453068,-3.8916750456843943,443.7999877929687,415.5,-16.050018310546932,8.682141985212054,13.199981689453068,0,0,0
2026-05-18,426.6000061035156,427.7999877929687,414.6000061035156,423.8500061035156,10452161,423.6499938964844,428.8500061035156,428.25,7593616.0,429.0536262944232,432.9260972710782,42.4442682663148,0.006963324087175815,13.199981689453068,2.75,1.1999816894530682,9.25,11219717.9,0.37644055216908523,435.1499938964844,424.4500122070313,0,0,11.600006103515682,-3.872470976654995,443.7999877929687,415.5,-5.350006103515682,9.092854091099323,11.600006103515682,0,0,0
2026-05-19,422.9500122070313,430.8999938964844,419.2999877929687,428.3999938964844,13350029,426.6000061035156,423.6499938964844,428.8500061035156,10452161.0,427.83290347694486,432.01918044707395,38.30130619095789,-0.00855600994904493,11.600006103515682,-5.449981689453068,2.5,3.6500244140626137,11387526.5,0.2772506087497122,429.5,422.2000122070313,0,0,13.0,-4.186276970129086,443.7999877929687,414.6000061035156,6.450012207031307,9.38214111328125,13.0,0,0,0
2026-05-20,413.2999877929687,420.0,407.0,416.2999877929687,28012723,422.9500122070313,426.6000061035156,423.6499938964844,13350029.0,424.92632034014963,430.3174356603371,36.3221985997173,-0.02281599275457402,13.0,-3.0,3.700012207031307,6.299987792968693,13213926.0,1.0983267526984397,427.7999877929687,414.6000061035156,0,0,8.050018310546932,-5.391115320187453,443.7999877929687,414.6000061035156,-14.950012207031307,9.457140241350443,8.050018310546932,1,0,0
2026-05-21,420.3999938964844,426.1000061035156,418.0499877929687,420.0,19789651,413.2999877929687,422.9500122070313,426.6000061035156,28012723.0,424.0210550514166,429.41585004544135,42.52401530650055,0.017178820017464513,8.050018310546932,0.399993896484375,5.70001220703125,1.9500122070313068,13623251.1,-0.29354775685319845,430.8999938964844,419.2999877929687,0,0,6.0,-5.394794994024721,443.7999877929687,407.0,-8.45001220703125,10.032141549246651,6.0,0,0,0
2026-05-22,416.5499877929687,421.4500122070313,415.4500122070313,421.4500122070313,9175611,420.3999938964844,413.2999877929687,422.9500122070313,19789651.0,422.52684159972705,428.24622620430745,38.590613374143594,-0.009157959465774135,6.0,-4.900024414062614,0.0,1.0999755859373863,13424346.1,-0.536342960267465,420.0,407.0,0,0,5.25,-5.719384604580398,443.7999877929687,407.0,-7.100006103515682,9.746427263532366,5.25,0,0,0
2026-05-25,421.8500061035156,422.5499877929687,417.2999877929687,419.2999877929687,8862027,416.5499877929687,420.3999938964844,413.2999877929687,9175611.0,422.3914745004848,427.66475164969,42.77639077174109,0.01272360692801433,5.25,2.550018310546932,0.6999816894530682,2.0,13547426.2,-0.034175816738525655,426.1000061035156,418.0499877929687,0,0,6.699981689453068,-5.273277149205228,439.1499938964844,407.0,-4.75,9.607140677315844,6.699981689453068,0,0,0
2026-05-26,420.1000061035156,425.5499877929687,418.8500061035156,423.5,12315435,421.8500061035156,416.5499877929687,420.3999938964844,8862027.0,421.93318082109096,426.9770475091287,38.169944809125745,-0.004148393918881665,6.699981689453068,-3.399993896484375,2.049987792968693,1.25,13258987.2,0.38968601652872414,421.4500122070313,415.4500122070313,0,0,5.899993896484375,-5.043866688037724,435.1499938964844,407.0,-2.850006103515682,9.764282226562491,5.899993896484375,0,0,0
2026-05-27,419.2000122070313,422.0,416.1000061035156,422.0,3619304,420.1000061035156,421.8500061035156,416.5499877929687,12315435.0,421.38654709827904,426.2700442998471,36.70388885282092,-0.0021423325003774307,5.899993896484375,-2.799987792968693,0.0,3.100006103515682,12297834.9,-0.7061164303169154,422.5499877929687,417.2999877929687,0,0,,-4.883497201568048,435.1499938964844,407.0,5.900024414062614,9.649996076311377,,0,0,0
